<?xml version="1.0" encoding="UTF-8"?><ImplementationGuide xmlns="http://hl7.org/fhir"><id value="openmrs"/><text><status value="extensions"/><div xmlns="http://www.w3.org/1999/xhtml"><h2>OMRSFhir2ImplementationGuide</h2><p>The official URL for this implementation guide is: </p><pre>http://fhir.openmrs.org/fhir/ImplementationGuide/openmrs</pre><div><p>An Implementation Guide covering the OpenMRS FHIR2 module implementation of FHIR</p>
</div></div></text><url value="http://fhir.openmrs.org/fhir/ImplementationGuide/openmrs"/><version value="0.1.0"/><name value="OMRSFhir2ImplementationGuide"/><title value="OpenMRS FHIR2 Implementation Guide"/><status value="draft"/><date value="2022-10-08T02:06:31+00:00"/><contact><name value="OpenMRS, Inc."/><telecom><system value="url"/><value value="https://openmrs.org"/></telecom></contact><description value="An Implementation Guide covering the OpenMRS FHIR2 module implementation of FHIR"/><packageId value="openmrs"/><license value="CC-BY-SA-4.0"/><fhirVersion value="4.0.1"/><dependsOn id="hl7tx"><uri value="http://terminology.hl7.org/ImplementationGuide/hl7.terminology"/><packageId value="hl7.terminology.r4"/><version value="4.0.0"/></dependsOn><definition><extension url="http://hl7.org/fhir/tools/StructureDefinition/ig-parameter"><extension url="code"><valueString value="copyrightyear"/></extension><extension url="value"><valueString value="2021+"/></extension></extension><extension url="http://hl7.org/fhir/tools/StructureDefinition/ig-parameter"><extension url="code"><valueString value="releaselabel"/></extension><extension url="value"><valueString value="ci-build"/></extension></extension><extension url="http://hl7.org/fhir/tools/StructureDefinition/ig-parameter"><extension url="code"><valueString value="apply-publisher"/></extension><extension url="value"><valueString value="true"/></extension></extension><extension url="http://hl7.org/fhir/tools/StructureDefinition/ig-parameter"><extension url="code"><valueString value="apply-license"/></extension><extension url="value"><valueString value="true"/></extension></extension><extension url="http://hl7.org/fhir/tools/StructureDefinition/ig-parameter"><extension url="code"><valueString value="apply-contact"/></extension><extension url="value"><valueString value="true"/></extension></extension><extension url="http://hl7.org/fhir/tools/StructureDefinition/ig-parameter"><extension url="code"><valueString value="autoload-resources"/></extension><extension url="value"><valueString value="true"/></extension></extension><extension url="http://hl7.org/fhir/tools/StructureDefinition/ig-parameter"><extension url="code"><valueString value="path-liquid"/></extension><extension url="value"><valueString value="template/liquid"/></extension></extension><extension url="http://hl7.org/fhir/tools/StructureDefinition/ig-parameter"><extension url="code"><valueString value="path-liquid"/></extension><extension url="value"><valueString value="input/liquid"/></extension></extension><extension url="http://hl7.org/fhir/tools/StructureDefinition/ig-parameter"><extension url="code"><valueString value="path-qa"/></extension><extension url="value"><valueString value="temp/qa"/></extension></extension><extension url="http://hl7.org/fhir/tools/StructureDefinition/ig-parameter"><extension url="code"><valueString value="path-temp"/></extension><extension url="value"><valueString value="temp/pages"/></extension></extension><extension url="http://hl7.org/fhir/tools/StructureDefinition/ig-parameter"><extension url="code"><valueString value="path-output"/></extension><extension url="value"><valueString value="output"/></extension></extension><extension url="http://hl7.org/fhir/tools/StructureDefinition/ig-parameter"><extension url="code"><valueString value="path-suppressed-warnings"/></extension><extension url="value"><valueString value="input/ignoreWarnings.txt"/></extension></extension><extension url="http://hl7.org/fhir/tools/StructureDefinition/ig-parameter"><extension url="code"><valueString value="path-history"/></extension><extension url="value"><valueString value="http://fhir.openmrs.org/fhir/history.html"/></extension></extension><extension url="http://hl7.org/fhir/tools/StructureDefinition/ig-parameter"><extension url="code"><valueString value="template-html"/></extension><extension url="value"><valueString value="template-page.html"/></extension></extension><extension url="http://hl7.org/fhir/tools/StructureDefinition/ig-parameter"><extension url="code"><valueString value="template-md"/></extension><extension url="value"><valueString value="template-page-md.html"/></extension></extension><extension url="http://hl7.org/fhir/tools/StructureDefinition/ig-parameter"><extension url="code"><valueString value="apply-context"/></extension><extension url="value"><valueString value="true"/></extension></extension><extension url="http://hl7.org/fhir/tools/StructureDefinition/ig-parameter"><extension url="code"><valueString value="apply-copyright"/></extension><extension url="value"><valueString value="true"/></extension></extension><extension url="http://hl7.org/fhir/tools/StructureDefinition/ig-parameter"><extension url="code"><valueString value="apply-jurisdiction"/></extension><extension url="value"><valueString value="true"/></extension></extension><extension url="http://hl7.org/fhir/tools/StructureDefinition/ig-parameter"><extension url="code"><valueString value="apply-version"/></extension><extension url="value"><valueString value="true"/></extension></extension><extension url="http://hl7.org/fhir/tools/StructureDefinition/ig-parameter"><extension url="code"><valueString value="active-tables"/></extension><extension url="value"><valueString value="true"/></extension></extension><extension url="http://hl7.org/fhir/tools/StructureDefinition/ig-parameter"><extension url="code"><valueString value="fmm-definition"/></extension><extension url="value"><valueString value="http://hl7.org/fhir/versions.html#maturity"/></extension></extension><extension url="http://hl7.org/fhir/tools/StructureDefinition/ig-parameter"><extension url="code"><valueString value="propagate-status"/></extension><extension url="value"><valueString value="true"/></extension></extension><extension url="http://hl7.org/fhir/tools/StructureDefinition/ig-parameter"><extension url="code"><valueString value="excludelogbinaryformat"/></extension><extension url="value"><valueString value="true"/></extension></extension><grouping id="-dyn-searchparameter"><name value="Behavior: Search Parameters"/><description value="These define the properties by which a RESTful server can be searched.  They can also be used for sorting and including related resources."/></grouping><grouping id="-str-profile"><name value="Structures: Resource Profiles"/><description value="These define constraints on FHIR resources for systems conforming to this implementation guide"/></grouping><grouping id="-str-datatype"><name value="Structures: Data Type Profiles"/><description value="These define constraints on FHIR data types for systems conforming to this implementation guide"/></grouping><grouping id="-str-extension"><name value="Structures: Extension Definitions"/><description value="These define constraints on FHIR data types for systems conforming to this implementation guide"/></grouping><grouping id="-term-valueset"><name value="Terminology: Value Sets"/><description value="These define sets of codes used by systems conforming to this implementation guide"/></grouping><grouping id="-term-codesystem"><name value="Terminology: Code Systems"/><description value="These define new code systems used by systems conforming to this implementation guide"/></grouping><grouping id="-ex-example"><name value="Example: Example Instances"/><description value="These are example instances that show what data produced and consumed by systems conforming with this implementation guide might look like"/></grouping><resource><extension url="http://hl7.org/fhir/StructureDefinition/implementationguide-page"><valueUri value="StructureDefinition-omrs-address.html"/></extension><reference><reference value="StructureDefinition/omrs-address"/></reference><name value="OMRS Address"/><description value="Address profile specifies the geological location details"/><exampleBoolean value="false"/><groupingId value="-str-datatype"/></resource><resource><extension url="http://hl7.org/fhir/StructureDefinition/implementationguide-page"><valueUri value="StructureDefinition-omrs-Condition.html"/></extension><reference><reference value="StructureDefinition/omrs-Condition"/></reference><name value="OpenMRS condition"/><description value="A FHIR Condition as understood by OpenMRS"/><exampleBoolean value="false"/><groupingId value="-str-profile"/></resource><resource><extension url="http://hl7.org/fhir/StructureDefinition/implementationguide-page"><valueUri value="StructureDefinition-omrs-encounter.html"/></extension><reference><reference value="StructureDefinition/omrs-encounter"/></reference><name value="Openmrs Encounter"/><description value="A FHIR Encounter as understood by OpenMRS"/><exampleBoolean value="false"/><groupingId value="-str-profile"/></resource><resource><extension url="http://hl7.org/fhir/StructureDefinition/implementationguide-page"><valueUri value="StructureDefinition-omrs-group.html"/></extension><reference><reference value="StructureDefinition/omrs-group"/></reference><name value="OMRS Group"/><description value="A Group Resource is described as Cohort in Fhir2 OMRS"/><exampleBoolean value="false"/><groupingId value="-str-profile"/></resource><resource><extension url="http://hl7.org/fhir/StructureDefinition/implementationguide-page"><valueUri value="StructureDefinition-omrs-location.html"/></extension><reference><reference value="StructureDefinition/omrs-location"/></reference><name value="OpenMRS Location"/><description value="An OpenMRS location"/><exampleBoolean value="false"/><groupingId value="-str-profile"/></resource><resource><extension url="http://hl7.org/fhir/StructureDefinition/implementationguide-page"><valueUri value="StructureDefinition-omrs-location-contact-point.html"/></extension><reference><reference value="StructureDefinition/omrs-location-contact-point"/></reference><name value="OpenMRS Location Contact Point"/><description value="An OpenMRS Location Phone Number"/><exampleBoolean value="false"/><groupingId value="-str-datatype"/></resource><resource><extension url="http://hl7.org/fhir/StructureDefinition/implementationguide-page"><valueUri value="StructureDefinition-omrs-medication-request.html"/></extension><reference><reference value="StructureDefinition/omrs-medication-request"/></reference><name value="OpenMRS Medication Request"/><description value="A FHIR MedicationRequest as understood by OpenMRS"/><exampleBoolean value="false"/><groupingId value="-str-profile"/></resource><resource><extension url="http://hl7.org/fhir/StructureDefinition/implementationguide-page"><valueUri value="StructureDefinition-omrs-patient.html"/></extension><reference><reference value="StructureDefinition/omrs-patient"/></reference><name value="OpenMRS Patient"/><description value="A FHIR Patient as understood by OpenMRS"/><exampleBoolean value="false"/><groupingId value="-str-profile"/></resource><resource><extension url="http://hl7.org/fhir/StructureDefinition/implementationguide-page"><valueUri value="StructureDefinition-omrs-patient-identifier.html"/></extension><reference><reference value="StructureDefinition/omrs-patient-identifier"/></reference><name value="OpenMRS Patient Identifier"/><description value="Patient Identifers as understood by OpenMRS"/><exampleBoolean value="false"/><groupingId value="-str-datatype"/></resource><resource><extension url="http://hl7.org/fhir/StructureDefinition/implementationguide-page"><valueUri value="StructureDefinition-omrs-person.html"/></extension><reference><reference value="StructureDefinition/omrs-person"/></reference><name value="OpenMRS Person"/><description value="A FHIR Person as understood by OpenMRS"/><exampleBoolean value="false"/><groupingId value="-str-profile"/></resource><resource><extension url="http://hl7.org/fhir/StructureDefinition/implementationguide-page"><valueUri value="StructureDefinition-omrs-practitioner.html"/></extension><reference><reference value="StructureDefinition/omrs-practitioner"/></reference><name value="Openmrs Practitioner"/><description value="A FHIR Practitioner as understood by OpenMRS"/><exampleBoolean value="false"/><groupingId value="-str-profile"/></resource><resource><extension url="http://hl7.org/fhir/StructureDefinition/implementationguide-page"><valueUri value="StructureDefinition-omrs-AllergyIntolerance.html"/></extension><reference><reference value="StructureDefinition/omrs-AllergyIntolerance"/></reference><name value="OpenMRS AllergyIntolerance"/><description value="A FHIR Allergy as understood by OpenMRS"/><exampleBoolean value="false"/><groupingId value="-str-profile"/></resource><resource><extension url="http://hl7.org/fhir/StructureDefinition/implementationguide-page"><valueUri value="StructureDefinition-OpenMRS-diagnostic-report.html"/></extension><reference><reference value="StructureDefinition/OpenMRS-diagnostic-report"/></reference><name value="OpenMRS Diagnostic Report"/><description value="DiagnosticReport resource created by a OpenMRS that representing results of diagnostic tests that are performed in a given clinical context."/><exampleBoolean value="false"/><groupingId value="-str-profile"/></resource><resource><extension url="http://hl7.org/fhir/StructureDefinition/implementationguide-page"><valueUri value="StructureDefinition-OpenMRS-observation.html"/></extension><reference><reference value="StructureDefinition/OpenMRS-observation"/></reference><name value="OpenMRS Observation"/><description value="Observation resource created by a OpenMRS that representing a result for an order submitted by an EMR System"/><exampleBoolean value="false"/><groupingId value="-str-profile"/></resource><resource><extension url="http://hl7.org/fhir/StructureDefinition/implementationguide-page"><valueUri value="StructureDefinition-OpenMRS-service-request.html"/></extension><reference><reference value="StructureDefinition/OpenMRS-service-request"/></reference><name value="OpenMRS Service Request"/><description value=" Service Request Resource is represents a request for some type of procedure or diagnostic test to be performed. When fulfilled, the results of this request are represented as a DiagnosticReport resource with associated Observation resources"/><exampleBoolean value="false"/><groupingId value="-str-profile"/></resource><resource><extension url="http://hl7.org/fhir/StructureDefinition/implementationguide-page"><valueUri value="StructureDefinition-OpenMRS-task.html"/></extension><reference><reference value="StructureDefinition/OpenMRS-task"/></reference><name value="OpenMRS Task"/><description value="A Task resource represent an activity that is to be performed,and track the completion of said activity between an OpenMRS and a FHIR2"/><exampleBoolean value="false"/><groupingId value="-str-profile"/></resource><resource><extension url="http://hl7.org/fhir/StructureDefinition/implementationguide-page"><valueUri value="StructureDefinition-omrs-group-description-ext.html"/></extension><reference><reference value="StructureDefinition/omrs-group-description-ext"/></reference><name value="Group descriptive extension"/><description value="Extension for group description"/><exampleBoolean value="false"/><groupingId value="-str-extension"/></resource><resource><extension url="http://hl7.org/fhir/StructureDefinition/implementationguide-page"><valueUri value="StructureDefinition-omrs-patient-identifier-location.html"/></extension><reference><reference value="StructureDefinition/omrs-patient-identifier-location"/></reference><name value="OpenMRS Patient Identifier Location"/><description value="OpenMRS location for which this identifier is valid"/><exampleBoolean value="false"/><groupingId value="-str-extension"/></resource><resource><extension url="http://hl7.org/fhir/StructureDefinition/implementationguide-page"><valueUri value="ValueSet-encounter-status-vs.html"/></extension><reference><reference value="ValueSet/encounter-status-vs"/></reference><name value="EncounterStatus"/><description value="Encounter  status ValueSet"/><exampleBoolean value="false"/><groupingId value="-term-valueset"/></resource><resource><extension url="http://hl7.org/fhir/StructureDefinition/implementationguide-page"><valueUri value="ValueSet-location-status-vs.html"/></extension><reference><reference value="ValueSet/location-status-vs"/></reference><name value="Location Status ValueSet"/><description value="Indicates whether the location is still in use."/><exampleBoolean value="false"/><groupingId value="-term-valueset"/></resource><resource><extension url="http://hl7.org/fhir/StructureDefinition/implementationguide-page"><valueUri value="ValueSet-medication-request-intent-vs.html"/></extension><reference><reference value="ValueSet/medication-request-intent-vs"/></reference><name value="Medication Request Intent Vs"/><description value="Medication Request Intent ValueSet"/><exampleBoolean value="false"/><groupingId value="-term-valueset"/></resource><resource><extension url="http://hl7.org/fhir/StructureDefinition/implementationguide-page"><valueUri value="ValueSet-medication-request-priority-vs.html"/></extension><reference><reference value="ValueSet/medication-request-priority-vs"/></reference><name value="Medication Request Priority ValueSet"/><description value="Openmrs Medication Request Priority ValueSet"/><exampleBoolean value="false"/><groupingId value="-term-valueset"/></resource><resource><extension url="http://hl7.org/fhir/StructureDefinition/implementationguide-page"><valueUri value="ValueSet-OpenMRS-task-intent-vs.html"/></extension><reference><reference value="ValueSet/OpenMRS-task-intent-vs"/></reference><name value="OpenMRS Intent for Task"/><description value="The intent of the task, subset from https://www.hl7.org/FHIR/valueset-task-intent.html"/><exampleBoolean value="false"/><groupingId value="-term-valueset"/></resource><resource><extension url="http://hl7.org/fhir/StructureDefinition/implementationguide-page"><valueUri value="ValueSet-OpenMRS-task-status-vs.html"/></extension><reference><reference value="ValueSet/OpenMRS-task-status-vs"/></reference><name value="OpenMRS Status for Task"/><description value="The state of the task, subset from https://www.hl7.org/FHIR/valueset-task-status.html"/><exampleBoolean value="false"/><groupingId value="-term-valueset"/></resource><resource><extension url="http://hl7.org/fhir/StructureDefinition/implementationguide-page"><valueUri value="ValueSet-OpenMRS-diagnostic-report-status-vs.html"/></extension><reference><reference value="ValueSet/OpenMRS-diagnostic-report-status-vs"/></reference><name value="OpenMRS Diagnostic Report Status Flag"/><description value="The status of the diagnostic report, subset from https://www.hl7.org/fhir/valueset-diagnostic-report-status.html"/><exampleBoolean value="false"/><groupingId value="-term-valueset"/></resource><resource><extension url="http://hl7.org/fhir/StructureDefinition/implementationguide-page"><valueUri value="ValueSet-OpenMRS-order-code-vs.html"/></extension><reference><reference value="ValueSet/OpenMRS-order-code-vs"/></reference><name value="OpenMRS Order Code"/><description value="The code for the openmrs requested in the EMR."/><exampleBoolean value="false"/><groupingId value="-term-valueset"/></resource><resource><extension url="http://hl7.org/fhir/StructureDefinition/implementationguide-page"><valueUri value="CodeSystem-encounter-type.html"/></extension><reference><reference value="CodeSystem/encounter-type"/></reference><name value="Encounter Type Code System"/><description value="Encounter Type Coding System"/><exampleBoolean value="false"/><groupingId value="-term-codesystem"/></resource><resource><extension url="http://hl7.org/fhir/StructureDefinition/implementationguide-page"><valueUri value="Patient-51ead2ec-279f-482d-80f8-209a5d4109d0.html"/></extension><reference><reference value="Patient/51ead2ec-279f-482d-80f8-209a5d4109d0"/></reference><name value="Encounter Patient Example"/><description value="OMRS Encounter Resource Example"/><exampleBoolean value="true"/><groupingId value="-ex-example"/></resource><resource><extension url="http://hl7.org/fhir/StructureDefinition/implementationguide-page"><valueUri value="AllergyIntolerance-5b829d01-34bb-47d1-b1bb-9303c3a9ebcb.html"/></extension><reference><reference value="AllergyIntolerance/5b829d01-34bb-47d1-b1bb-9303c3a9ebcb"/></reference><name value="Allergy Intolerance Resource Example"/><description value="Example OMRS Allergy Intolerance"/><exampleCanonical value="http://fhir.openmrs.org/fhir/StructureDefinition/omrs-AllergyIntolerance"/><groupingId value="-ex-example"/></resource><resource><extension url="http://hl7.org/fhir/StructureDefinition/implementationguide-page"><valueUri value="Encounter-5b829d01-34bb-47d1-b1bb-9303c3a9ebcb.html"/></extension><reference><reference value="Encounter/5b829d01-34bb-47d1-b1bb-9303c3a9ebcb"/></reference><name value="Encounter Resource Example"/><description value="Example OMRS Encounter"/><exampleCanonical value="http://fhir.openmrs.org/fhir/StructureDefinition/omrs-encounter"/><groupingId value="-ex-example"/></resource><resource><extension url="http://hl7.org/fhir/StructureDefinition/implementationguide-page"><valueUri value="Practitioner-7a9e2727-11ee-47ae-8af5-1dcf5337f7c2.html"/></extension><reference><reference value="Practitioner/7a9e2727-11ee-47ae-8af5-1dcf5337f7c2"/></reference><name value="Practitioner Example"/><description value="Practitioner Resource Example"/><exampleCanonical value="http://fhir.openmrs.org/fhir/StructureDefinition/omrs-practitioner"/><groupingId value="-ex-example"/></resource><resource><extension url="http://hl7.org/fhir/StructureDefinition/implementationguide-page"><valueUri value="DiagnosticReport-8a849d5e-6011-4279-a124-40ada5a687de.html"/></extension><reference><reference value="DiagnosticReport/8a849d5e-6011-4279-a124-40ada5a687de"/></reference><name value="Openmrs DiagnosticReport"/><description value="Example OMRS DiagnosticReport Resource"/><exampleCanonical value="http://fhir.openmrs.org/fhir/StructureDefinition/OpenMRS-diagnostic-report"/><groupingId value="-ex-example"/></resource><resource><extension url="http://hl7.org/fhir/StructureDefinition/implementationguide-page"><valueUri value="SearchParameter-Condition-requester-family.html"/></extension><reference><reference value="SearchParameter/Condition-requester-family"/></reference><name value="Search through condition endpoint by Practitioner family"/><description value="Searches for condition based on the Practitioner's family name eg) /ws/fhir2/{release}/Condition?requester:Practitioner.family={familyName}"/><exampleBoolean value="false"/><groupingId value="-dyn-searchparameter"/></resource><resource><extension url="http://hl7.org/fhir/StructureDefinition/implementationguide-page"><valueUri value="SearchParameter-Condition-requester-given.html"/></extension><reference><reference value="SearchParameter/Condition-requester-given"/></reference><name value="Search through condition endpoint by Practitioner given"/><description value="Searches for condition based on the Practitioner's given name(s) eg) /ws/fhir2/{release}/Condition?requester:Practitioner.given={givenName}"/><exampleBoolean value="false"/><groupingId value="-dyn-searchparameter"/></resource><resource><extension url="http://hl7.org/fhir/StructureDefinition/implementationguide-page"><valueUri value="Location-LocationExample.html"/></extension><reference><reference value="Location/LocationExample"/></reference><name value="Location Example"/><description value="Example OMRS location"/><exampleCanonical value="http://fhir.openmrs.org/fhir/StructureDefinition/omrs-location"/><groupingId value="-ex-example"/></resource><resource><extension url="http://hl7.org/fhir/StructureDefinition/implementationguide-page"><valueUri value="SearchParameter-MedicationRequest-id.html"/></extension><reference><reference value="SearchParameter/MedicationRequest-id"/></reference><name value="Search in MedicationRequest endpoint basing on MedicationRequest uuid  attribute"/><description value="Searches based on the MedicationRequest uuid field for the MedicationRequest record eg) /ws/fhir2/{release}}/MedicationRequest?_id={uuid}"/><exampleBoolean value="false"/><groupingId value="-dyn-searchparameter"/></resource><resource><extension url="http://hl7.org/fhir/StructureDefinition/implementationguide-page"><valueUri value="SearchParameter-MedicationRequest-lastUpdated.html"/></extension><reference><reference value="SearchParameter/MedicationRequest-lastUpdated"/></reference><name value="Search in MedicationRequest endpoint basing on MedicationRequest lastUpdated  attribute"/><description value="Searches based on the MedicationRequest lastUpdated field for the MedicationRequest record eg) /ws/fhir2/{release}/MedicationRequest?_lastUpdated={date-range}"/><exampleBoolean value="false"/><groupingId value="-dyn-searchparameter"/></resource><resource><extension url="http://hl7.org/fhir/StructureDefinition/implementationguide-page"><valueUri value="SearchParameter-MedicationRequest-medication.html"/></extension><reference><reference value="SearchParameter/MedicationRequest-medication"/></reference><name value="Search through MedicationRequest endpoint based on medication reference"/><description value="Searches for MedicationRequest by medication reference eg) /ws/fhir2/{release}/MedicationRequest?medication={reference}"/><exampleBoolean value="false"/><groupingId value="-dyn-searchparameter"/></resource><resource><extension url="http://hl7.org/fhir/StructureDefinition/implementationguide-page"><valueUri value="SearchParameter-MedicationRequest-patient.html"/></extension><reference><reference value="SearchParameter/MedicationRequest-patient"/></reference><name value="Search through MedicationRequest endpoint by a given patient"/><description value="Searches for MedicationRequest by a given patient eg) /ws/fhir2/{release}/MedicationRequest?patient={patientUuid}"/><exampleBoolean value="false"/><groupingId value="-dyn-searchparameter"/></resource><resource><extension url="http://hl7.org/fhir/StructureDefinition/implementationguide-page"><valueUri value="SearchParameter-MedicationRequest-patient-identifier.html"/></extension><reference><reference value="SearchParameter/MedicationRequest-patient-identifier"/></reference><name value="Search through MedicationRequest endpoint by a given patient"/><description value="Searches for MedicationRequest by a given patient eg) /ws/fhir2/{release}/MedicationRequest?patient.identifier={identifier}"/><exampleBoolean value="false"/><groupingId value="-dyn-searchparameter"/></resource><resource><extension url="http://hl7.org/fhir/StructureDefinition/implementationguide-page"><valueUri value="SearchParameter-MedicationRequest-patient.family.html"/></extension><reference><reference value="SearchParameter/MedicationRequest-patient.family"/></reference><name value="Search through MedicationRequest endpoint by the patient's family name"/><description value="Searches for MedicationRequest based on the patient's family name eg) /ws/fhir2/{release}/MedicationRequest?patient.family={familyName}"/><exampleBoolean value="false"/><groupingId value="-dyn-searchparameter"/></resource><resource><extension url="http://hl7.org/fhir/StructureDefinition/implementationguide-page"><valueUri value="SearchParameter-MedicationRequest-patient.given.html"/></extension><reference><reference value="SearchParameter/MedicationRequest-patient.given"/></reference><name value="Search through MedicationRequest endpoint by the patient's given name"/><description value="Searches for MedicationRequest based on the patient's given name(s) eg) /ws/fhir2/{release}/MedicationRequest?patient.given={givenName}"/><exampleBoolean value="false"/><groupingId value="-dyn-searchparameter"/></resource><resource><extension url="http://hl7.org/fhir/StructureDefinition/implementationguide-page"><valueUri value="SearchParameter-MedicationRequest-patient.name.html"/></extension><reference><reference value="SearchParameter/MedicationRequest-patient.name"/></reference><name value="Search through MedicationRequest endpoint by the patient's full or partial name"/><description value="Searches for MedicationRequest based on the patient's full or partial name eg) /ws/fhir2/{release}/MedicationRequest?patient.name={name}"/><exampleBoolean value="false"/><groupingId value="-dyn-searchparameter"/></resource><resource><extension url="http://hl7.org/fhir/StructureDefinition/implementationguide-page"><valueUri value="SearchParameter-MedicationRequest-requestor.html"/></extension><reference><reference value="SearchParameter/MedicationRequest-requestor"/></reference><name value="Search through MedicationRequest endpoint by a given Practitioner "/><description value="Searches for MedicationRequest by a given Practitioner Reference uuid eg) /ws/fhir2/{release}/MedicationRequest?requestor={Uuid}"/><exampleBoolean value="false"/><groupingId value="-dyn-searchparameter"/></resource><resource><extension url="http://hl7.org/fhir/StructureDefinition/implementationguide-page"><valueUri value="SearchParameter-MedicationRequest-requestor-identifier.html"/></extension><reference><reference value="SearchParameter/MedicationRequest-requestor-identifier"/></reference><name value="Search through MedicationRequest endpoint by a given Practitioner"/><description value="Searches for MedicationRequest by a given Practitioner eg) /ws/fhir2/{release}/MedicationRequest?requestor.identifier={identifier}"/><exampleBoolean value="false"/><groupingId value="-dyn-searchparameter"/></resource><resource><extension url="http://hl7.org/fhir/StructureDefinition/implementationguide-page"><valueUri value="SearchParameter-MedicationRequest-requestor.family.html"/></extension><reference><reference value="SearchParameter/MedicationRequest-requestor.family"/></reference><name value="Search through MedicationRequest endpoint by the Practitioner's family name"/><description value="Searches for MedicationRequest based on the Practitioner's family name eg) /ws/fhir2/{release}/MedicationRequest?requestor.family={familyName}"/><exampleBoolean value="false"/><groupingId value="-dyn-searchparameter"/></resource><resource><extension url="http://hl7.org/fhir/StructureDefinition/implementationguide-page"><valueUri value="SearchParameter-MedicationRequest-requestor.given.html"/></extension><reference><reference value="SearchParameter/MedicationRequest-requestor.given"/></reference><name value="Search through MedicationRequest endpoint by the Practitioner's given name"/><description value="Searches for MedicationRequest based on the Practitioner's given name(s) eg) /ws/fhir2/{release}/MedicationRequest?requestor.given={givenName}"/><exampleBoolean value="false"/><groupingId value="-dyn-searchparameter"/></resource><resource><extension url="http://hl7.org/fhir/StructureDefinition/implementationguide-page"><valueUri value="SearchParameter-MedicationRequest-requestor.name.html"/></extension><reference><reference value="SearchParameter/MedicationRequest-requestor.name"/></reference><name value="Search through MedicationRequest endpoint by the Practitioner's full or partial name"/><description value="Searches for MedicationRequest based on the Practitioner's full or partial name eg) /ws/fhir2/{release}/MedicationRequest?requestor.name={name}"/><exampleBoolean value="false"/><groupingId value="-dyn-searchparameter"/></resource><resource><extension url="http://hl7.org/fhir/StructureDefinition/implementationguide-page"><valueUri value="SearchParameter-MedicationRequest-subject.html"/></extension><reference><reference value="SearchParameter/MedicationRequest-subject"/></reference><name value="Search through MedicationRequest endpoint by subject uuid"/><description value="Searches for MedicationRequest by a given subject eg) /ws/fhir2/{release}/MedicationRequest?subject:Patient={patientUuid}"/><exampleBoolean value="false"/><groupingId value="-dyn-searchparameter"/></resource><resource><extension url="http://hl7.org/fhir/StructureDefinition/implementationguide-page"><valueUri value="SearchParameter-MedicationRequest-subject-family.html"/></extension><reference><reference value="SearchParameter/MedicationRequest-subject-family"/></reference><name value="Search through MedicationRequest endpoint by subject family"/><description value="Searches for MedicationRequest based on the patient's family name eg) /ws/fhir2/{release}/MedicationRequest?subject:Patient.family={familyName}"/><exampleBoolean value="false"/><groupingId value="-dyn-searchparameter"/></resource><resource><extension url="http://hl7.org/fhir/StructureDefinition/implementationguide-page"><valueUri value="SearchParameter-MedicationRequest-subject-given.html"/></extension><reference><reference value="SearchParameter/MedicationRequest-subject-given"/></reference><name value="Search through MedicationRequest endpoint by subject given"/><description value="Searches for MedicationRequest based on the patient's given name(s) eg) /ws/fhir2/{release}/MedicationRequest?subject:Patient.given={givenName}"/><exampleBoolean value="false"/><groupingId value="-dyn-searchparameter"/></resource><resource><extension url="http://hl7.org/fhir/StructureDefinition/implementationguide-page"><valueUri value="SearchParameter-MedicationRequest-subject-identifier.html"/></extension><reference><reference value="SearchParameter/MedicationRequest-subject-identifier"/></reference><name value="Search through MedicationRequest endpoint by subject identifier"/><description value="Searches for MedicationRequest by the patient identifier eg) /ws/fhir2/{release}/MedicationRequest?subject:Patient.identifier={identifier}"/><exampleBoolean value="false"/><groupingId value="-dyn-searchparameter"/></resource><resource><extension url="http://hl7.org/fhir/StructureDefinition/implementationguide-page"><valueUri value="SearchParameter-MedicationRequest-subject-name.html"/></extension><reference><reference value="SearchParameter/MedicationRequest-subject-name"/></reference><name value="Search through MedicationRequest endpoint by subject name"/><description value="Searches for MedicationRequest based on the patient's full or partial name eg) /ws/fhir2/{release}/MedicationRequest?subject:Patient.name={name}"/><exampleBoolean value="false"/><groupingId value="-dyn-searchparameter"/></resource><resource><extension url="http://hl7.org/fhir/StructureDefinition/implementationguide-page"><valueUri value="Group-OMRSGroupExample.html"/></extension><reference><reference value="Group/OMRSGroupExample"/></reference><name value="OMRS Group Example"/><description value="OMRS Group Resource Example"/><exampleCanonical value="http://fhir.openmrs.org/fhir/StructureDefinition/omrs-group"/><groupingId value="-ex-example"/></resource><resource><extension url="http://hl7.org/fhir/StructureDefinition/implementationguide-page"><valueUri value="MedicationRequest-OMRSMedicationRequestExample.html"/></extension><reference><reference value="MedicationRequest/OMRSMedicationRequestExample"/></reference><name value="OMRS Medication Request Example"/><description value="Example of the OMRS medication Request Resource"/><exampleCanonical value="http://fhir.openmrs.org/fhir/StructureDefinition/omrs-medication-request"/><groupingId value="-ex-example"/></resource><resource><extension url="http://hl7.org/fhir/StructureDefinition/implementationguide-page"><valueUri value="SearchParameter-Practitioner-address-city.html"/></extension><reference><reference value="SearchParameter/Practitioner-address-city"/></reference><name value="Search in Practitioner endpoint basing on Practitioner's address-city attribute"/><description value="Searches based on the address-city field for the Practitioner record eg) /ws/fhir2/{release}/Practitioner?address-city={city}"/><exampleBoolean value="false"/><groupingId value="-dyn-searchparameter"/></resource><resource><extension url="http://hl7.org/fhir/StructureDefinition/implementationguide-page"><valueUri value="SearchParameter-Practitioner-address-country.html"/></extension><reference><reference value="SearchParameter/Practitioner-address-country"/></reference><name value="Search in Practitioner endpoint basing on Practitioner's address-country attribute"/><description value="Searches based on the address-country field for the Practitioner record eg) /ws/fhir2/{release}/Practitioner?address-country={country}"/><exampleBoolean value="false"/><groupingId value="-dyn-searchparameter"/></resource><resource><extension url="http://hl7.org/fhir/StructureDefinition/implementationguide-page"><valueUri value="SearchParameter-Practitioner-address-postalcode.html"/></extension><reference><reference value="SearchParameter/Practitioner-address-postalcode"/></reference><name value="Search in Practitioner endpoint basing on Practitioner's address-postalcode attribute"/><description value="Searches based on the address-postalcode field for the Practitioner record eg) /ws/fhir2/{release}/Practitioner?address-postalcode={postalCode}"/><exampleBoolean value="false"/><groupingId value="-dyn-searchparameter"/></resource><resource><extension url="http://hl7.org/fhir/StructureDefinition/implementationguide-page"><valueUri value="SearchParameter-Practitioner-address-state.html"/></extension><reference><reference value="SearchParameter/Practitioner-address-state"/></reference><name value="Search in Practitioner endpoint basing on Practitioner's address-state attribute"/><description value="Searches based on the address-state field for the Practitioner record eg) /ws/fhir2/{release}/Practitioner?address-state={state}"/><exampleBoolean value="false"/><groupingId value="-dyn-searchparameter"/></resource><resource><extension url="http://hl7.org/fhir/StructureDefinition/implementationguide-page"><valueUri value="SearchParameter-Practitioner-id.html"/></extension><reference><reference value="SearchParameter/Practitioner-id"/></reference><name value="Search in Practitioner endpoint basing on Practitioner uuid attribute"/><description value="Searches based on the Practitioner uuid field for the Practitioner record eg) /ws/fhir2/{release}}/Practitioner?_id={uuid}"/><exampleBoolean value="false"/><groupingId value="-dyn-searchparameter"/></resource><resource><extension url="http://hl7.org/fhir/StructureDefinition/implementationguide-page"><valueUri value="SearchParameter-Practitioner-identifier.html"/></extension><reference><reference value="SearchParameter/Practitioner-identifier"/></reference><name value="Search through Practitioner endpoint by a given Practitioner"/><description value="Searches for Practitioner by a given Practitioner eg) /ws/fhir2/{release}/Practitioner?identifier={identifier}"/><exampleBoolean value="false"/><groupingId value="-dyn-searchparameter"/></resource><resource><extension url="http://hl7.org/fhir/StructureDefinition/implementationguide-page"><valueUri value="SearchParameter-Practitioner-lastUpdated.html"/></extension><reference><reference value="SearchParameter/Practitioner-lastUpdated"/></reference><name value="Search in Practitioner endpoint basing on Practitioner lastUpdated  attribute"/><description value="Searches based on the Practitioner lastUpdated field for the Practitioner record eg) /ws/fhir2/{release}/Practitioner?_lastUpdated={date-range}"/><exampleBoolean value="false"/><groupingId value="-dyn-searchparameter"/></resource><resource><extension url="http://hl7.org/fhir/StructureDefinition/implementationguide-page"><valueUri value="SearchParameter-Practitioner.family.html"/></extension><reference><reference value="SearchParameter/Practitioner.family"/></reference><name value="Search through Practitioner endpoint by the Practitioner's family name"/><description value="Searches for Practitioner based on the Practitioner's family name eg) /ws/fhir2/{release}/Practitioner?family={familyName}"/><exampleBoolean value="false"/><groupingId value="-dyn-searchparameter"/></resource><resource><extension url="http://hl7.org/fhir/StructureDefinition/implementationguide-page"><valueUri value="SearchParameter-Practitioner.given.html"/></extension><reference><reference value="SearchParameter/Practitioner.given"/></reference><name value="Search through Practitioner endpoint by the Practitioner's given name"/><description value="Searches for Practitioner based on the Practitioner's given name(s) eg) /ws/fhir2/{release}/Practitioner?given={givenName}"/><exampleBoolean value="false"/><groupingId value="-dyn-searchparameter"/></resource><resource><extension url="http://hl7.org/fhir/StructureDefinition/implementationguide-page"><valueUri value="SearchParameter-Practitioner.name.html"/></extension><reference><reference value="SearchParameter/Practitioner.name"/></reference><name value="Search through Practitioner endpoint by the Practitioner's full or partial name"/><description value="Searches for Practitioner based on the Practitioner's full or partial name eg) /ws/fhir2/{release}/Practitioner?name={name}"/><exampleBoolean value="false"/><groupingId value="-dyn-searchparameter"/></resource><resource><extension url="http://hl7.org/fhir/StructureDefinition/implementationguide-page"><valueUri value="Condition-a6867095-e2b1-4a68-9aaa-0d161a37ce9c.html"/></extension><reference><reference value="Condition/a6867095-e2b1-4a68-9aaa-0d161a37ce9c"/></reference><name value="Condition Resource Example"/><description value="Example OMRS Condition"/><exampleCanonical value="http://fhir.openmrs.org/fhir/StructureDefinition/omrs-Condition"/><groupingId value="-ex-example"/></resource><resource><extension url="http://hl7.org/fhir/StructureDefinition/implementationguide-page"><valueUri value="SearchParameter-condition-code.html"/></extension><reference><reference value="SearchParameter/condition-code"/></reference><name value="Search through condition endpoint by concept code"/><description value="Searches for condition based on the condition concept code eg) /ws/fhir2/{release}/Condition?code={code}"/><exampleBoolean value="false"/><groupingId value="-dyn-searchparameter"/></resource><resource><extension url="http://hl7.org/fhir/StructureDefinition/implementationguide-page"><valueUri value="SearchParameter-condition-encounter.html"/></extension><reference><reference value="SearchParameter/condition-encounter"/></reference><name value="Search through condition endpoint by encounter uuid"/><description value="Searches for condition based on the condition encounter Uuid eg) /ws/fhir2/{release}/Condition?encounter={uuid}"/><exampleBoolean value="false"/><groupingId value="-dyn-searchparameter"/></resource><resource><extension url="http://hl7.org/fhir/StructureDefinition/implementationguide-page"><valueUri value="SearchParameter-condition-id.html"/></extension><reference><reference value="SearchParameter/condition-id"/></reference><name value="Search through condition endpoint by service Uuid"/><description value="Searches for condition based on service Uuid eg) /ws/fhir2/{release}/Condition?_id={uuid}"/><exampleBoolean value="false"/><groupingId value="-dyn-searchparameter"/></resource><resource><extension url="http://hl7.org/fhir/StructureDefinition/implementationguide-page"><valueUri value="SearchParameter-condition-lastUpdated.html"/></extension><reference><reference value="SearchParameter/condition-lastUpdated"/></reference><name value="Search through condition endpoint by service lastUpdated field"/><description value="Searches for condition based on service lastUpdated field eg) /openmrs/ws/fhir2/{release}/Condition?_lastUpdated={date}"/><exampleBoolean value="false"/><groupingId value="-dyn-searchparameter"/></resource><resource><extension url="http://hl7.org/fhir/StructureDefinition/implementationguide-page"><valueUri value="SearchParameter-condition-occurrence.html"/></extension><reference><reference value="SearchParameter/condition-occurrence"/></reference><name value="Search through condition endpoint by Occurrence when service should occurance"/><description value="Searches for condition based on to occurrent date eg) /ws/fhir2/{release}/Condition?occurrence={date}"/><exampleBoolean value="false"/><groupingId value="-dyn-searchparameter"/></resource><resource><extension url="http://hl7.org/fhir/StructureDefinition/implementationguide-page"><valueUri value="SearchParameter-condition-patient.html"/></extension><reference><reference value="SearchParameter/condition-patient"/></reference><name value="Search through condition endpoint by patient uuid"/><description value="Searches for condition by a given patient Uuid eg) /ws/fhir2/{release}/Condition?patient={uuid}"/><exampleBoolean value="false"/><groupingId value="-dyn-searchparameter"/></resource><resource><extension url="http://hl7.org/fhir/StructureDefinition/implementationguide-page"><valueUri value="SearchParameter-condition-patient-identifier.html"/></extension><reference><reference value="SearchParameter/condition-patient-identifier"/></reference><name value="Search condition endpoint by patient identifier id"/><description value="Searches for Condition by the patient identifier eg) /ws/fhir2/{release}/Condition?patient.identifier={identifier}"/><exampleBoolean value="false"/><groupingId value="-dyn-searchparameter"/></resource><resource><extension url="http://hl7.org/fhir/StructureDefinition/implementationguide-page"><valueUri value="SearchParameter-condition-patient.family.html"/></extension><reference><reference value="SearchParameter/condition-patient.family"/></reference><name value="Search through condition endpoint by the patient's family name"/><description value="Searches for condition based on the patient's family name eg) /ws/fhir2/{release}/Condition?patient.family={familyName}"/><exampleBoolean value="false"/><groupingId value="-dyn-searchparameter"/></resource><resource><extension url="http://hl7.org/fhir/StructureDefinition/implementationguide-page"><valueUri value="SearchParameter-condition-patient.given.html"/></extension><reference><reference value="SearchParameter/condition-patient.given"/></reference><name value="Search through condtion endpoint by the patient's given name"/><description value="Searches for condition based on the patient's given name(s) eg) /ws/fhir2/{release}/Condition?patient.given={givenName}"/><exampleBoolean value="false"/><groupingId value="-dyn-searchparameter"/></resource><resource><extension url="http://hl7.org/fhir/StructureDefinition/implementationguide-page"><valueUri value="SearchParameter-condition-patient.name.html"/></extension><reference><reference value="SearchParameter/condition-patient.name"/></reference><name value="Search through condition endpoint by the patient's full or partial name"/><description value="Searches for condition based on the  patient's full or partial name eg) /ws/fhir2/{release}/Condition?patient.name={name}"/><exampleBoolean value="false"/><groupingId value="-dyn-searchparameter"/></resource><resource><extension url="http://hl7.org/fhir/StructureDefinition/implementationguide-page"><valueUri value="SearchParameter-condition-requester.html"/></extension><reference><reference value="SearchParameter/condition-requester"/></reference><name value="Search through condition endpoint by Practitioner uuid"/><description value="Searches for condition by Practitioner uuid who requested the service eg) /ws/fhir2/{release}/Condition?requester:Practitioner={uuid}"/><exampleBoolean value="false"/><groupingId value="-dyn-searchparameter"/></resource><resource><extension url="http://hl7.org/fhir/StructureDefinition/implementationguide-page"><valueUri value="SearchParameter-condition-requester-identifier.html"/></extension><reference><reference value="SearchParameter/condition-requester-identifier"/></reference><name value="Search through condition endpoint by Practitioner identifier"/><description value="Searches for condition by the Practitioner identifier eg) /ws/fhir2/{release}/Condition?requester:Practitioner.identifier={identifier}"/><exampleBoolean value="false"/><groupingId value="-dyn-searchparameter"/></resource><resource><extension url="http://hl7.org/fhir/StructureDefinition/implementationguide-page"><valueUri value="SearchParameter-condition-requester-name.html"/></extension><reference><reference value="SearchParameter/condition-requester-name"/></reference><name value="Search through condition endpoint by Practitioner name"/><description value="Searches for condition based on the Practitioner's full or partial name eg) /ws/fhir2/{release}/Condition?requester:Practitioner.name={name}"/><exampleBoolean value="false"/><groupingId value="-dyn-searchparameter"/></resource><resource><extension url="http://hl7.org/fhir/StructureDefinition/implementationguide-page"><valueUri value="SearchParameter-condition-subject.html"/></extension><reference><reference value="SearchParameter/condition-subject"/></reference><name value="Search through condition endpoint by subject uuid"/><description value="Searches for condition by a given subject eg) /ws/fhir2/{release}/condition?subject:Patient={patientUuid}"/><exampleBoolean value="false"/><groupingId value="-dyn-searchparameter"/></resource><resource><extension url="http://hl7.org/fhir/StructureDefinition/implementationguide-page"><valueUri value="SearchParameter-condition-subject-family.html"/></extension><reference><reference value="SearchParameter/condition-subject-family"/></reference><name value="Search through condtion endpoint by subject family"/><description value="Searches for condition based on the patient's family name eg) /ws/fhir2/{release}/Condition?subject:Patient.family={familyName}"/><exampleBoolean value="false"/><groupingId value="-dyn-searchparameter"/></resource><resource><extension url="http://hl7.org/fhir/StructureDefinition/implementationguide-page"><valueUri value="SearchParameter-condition-subject-given.html"/></extension><reference><reference value="SearchParameter/condition-subject-given"/></reference><name value="Search through condition endpoint by subject given"/><description value="Searches for condition based on the patient's given name(s) eg) /ws/fhir2/{release}/Condition?subject:Patient.given={givenName}"/><exampleBoolean value="false"/><groupingId value="-dyn-searchparameter"/></resource><resource><extension url="http://hl7.org/fhir/StructureDefinition/implementationguide-page"><valueUri value="SearchParameter-condition-subject-identifier.html"/></extension><reference><reference value="SearchParameter/condition-subject-identifier"/></reference><name value="Search through condition endpoint by subject identifier"/><description value="Searches for condition by the patient identifier eg) /ws/fhir2/{release}/Condition?subject:Patient.identifier={identifier}"/><exampleBoolean value="false"/><groupingId value="-dyn-searchparameter"/></resource><resource><extension url="http://hl7.org/fhir/StructureDefinition/implementationguide-page"><valueUri value="SearchParameter-condition-subject-name.html"/></extension><reference><reference value="SearchParameter/condition-subject-name"/></reference><name value="Search through condition endpoint by subject name"/><description value="Searches for condition based on the patient's full or partial name eg) /ws/fhir2/{release}/Condition?subject:Patient.name={name}"/><exampleBoolean value="false"/><groupingId value="-dyn-searchparameter"/></resource><resource><extension url="http://hl7.org/fhir/StructureDefinition/implementationguide-page"><valueUri value="Observation-example-openmrs-Observation.html"/></extension><reference><reference value="Observation/example-openmrs-Observation"/></reference><name value="Openmrs Observation"/><description value="Example OMRS Observation Resource"/><exampleCanonical value="http://fhir.openmrs.org/fhir/StructureDefinition/OpenMRS-observation"/><groupingId value="-ex-example"/></resource><resource><extension url="http://hl7.org/fhir/StructureDefinition/implementationguide-page"><valueUri value="Patient-example-openmrs-Patient.html"/></extension><reference><reference value="Patient/example-openmrs-Patient"/></reference><name value="Openmrs Patient"/><description value="Example OMRS Patient Resource"/><exampleCanonical value="http://fhir.openmrs.org/fhir/StructureDefinition/omrs-patient"/><groupingId value="-ex-example"/></resource><resource><extension url="http://hl7.org/fhir/StructureDefinition/implementationguide-page"><valueUri value="ServiceRequest-example-openmrs-ServiceRequest.html"/></extension><reference><reference value="ServiceRequest/example-openmrs-ServiceRequest"/></reference><name value="Openmrs serviceRequest"/><description value="Example OMRS Service Request Resource"/><exampleCanonical value="http://fhir.openmrs.org/fhir/StructureDefinition/OpenMRS-service-request"/><groupingId value="-ex-example"/></resource><resource><extension url="http://hl7.org/fhir/StructureDefinition/implementationguide-page"><valueUri value="Task-example-openmrs-Task.html"/></extension><reference><reference value="Task/example-openmrs-Task"/></reference><name value="Openmrs Task"/><description value="Example OMRS Task Resource"/><exampleCanonical value="http://fhir.openmrs.org/fhir/StructureDefinition/OpenMRS-task"/><groupingId value="-ex-example"/></resource><resource><extension url="http://hl7.org/fhir/StructureDefinition/implementationguide-page"><valueUri value="Person-example-openmrs-person.html"/></extension><reference><reference value="Person/example-openmrs-person"/></reference><name value="Openmrs Person"/><description value="Example OMRS Person Resource"/><exampleCanonical value="http://fhir.openmrs.org/fhir/StructureDefinition/omrs-person"/><groupingId value="-ex-example"/></resource><resource><extension url="http://hl7.org/fhir/StructureDefinition/implementationguide-page"><valueUri value="SearchParameter-group-Search-entity-paramenter.html"/></extension><reference><reference value="SearchParameter/group-Search-entity-paramenter"/></reference><name value="Search in group endpoint using Managing entity Reference"/><description value="Search for a group  basing on managing entity Reference(Practitioner)"/><exampleBoolean value="false"/><groupingId value="-dyn-searchparameter"/></resource><page><extension url="http://hl7.org/fhir/tools/StructureDefinition/ig-page-name"><valueUrl value="toc.html"/></extension><nameUrl value="toc.html"/><title value="Table of Contents"/><generation value="html"/><page><extension url="http://hl7.org/fhir/tools/StructureDefinition/ig-page-name"><valueUrl value="index.html"/></extension><nameUrl value="index.html"/><title value="Home"/><generation value="markdown"/></page><page><extension url="http://hl7.org/fhir/tools/StructureDefinition/ig-page-name"><valueUrl value="changes.html"/></extension><nameUrl value="changes.html"/><title value="Changes"/><generation value="markdown"/></page><page><extension url="http://hl7.org/fhir/tools/StructureDefinition/ig-page-name"><valueUrl value="artifacts.html"/></extension><nameUrl value="artifacts.html"/><title value="Artifacts Summary"/><generation value="html"/><page><extension url="http://hl7.org/fhir/tools/StructureDefinition/ig-page-name"><valueUrl value="SearchParameter-Condition-requester-family.html"/></extension><nameUrl value="SearchParameter-Condition-requester-family.html"/><title value="Search through condition endpoint by Practitioner family"/><generation value="generated"/></page><page><extension url="http://hl7.org/fhir/tools/StructureDefinition/ig-page-name"><valueUrl value="SearchParameter-Condition-requester-given.html"/></extension><nameUrl value="SearchParameter-Condition-requester-given.html"/><title value="Search through condition endpoint by Practitioner given"/><generation value="generated"/></page><page><extension url="http://hl7.org/fhir/tools/StructureDefinition/ig-page-name"><valueUrl value="SearchParameter-MedicationRequest-id.html"/></extension><nameUrl value="SearchParameter-MedicationRequest-id.html"/><title value="Search in MedicationRequest endpoint basing on MedicationRequest uuid  attribute"/><generation value="generated"/></page><page><extension url="http://hl7.org/fhir/tools/StructureDefinition/ig-page-name"><valueUrl value="SearchParameter-MedicationRequest-lastUpdated.html"/></extension><nameUrl value="SearchParameter-MedicationRequest-lastUpdated.html"/><title value="Search in MedicationRequest endpoint basing on MedicationRequest lastUpdated  attribute"/><generation value="generated"/></page><page><extension url="http://hl7.org/fhir/tools/StructureDefinition/ig-page-name"><valueUrl value="SearchParameter-MedicationRequest-medication.html"/></extension><nameUrl value="SearchParameter-MedicationRequest-medication.html"/><title value="Search through MedicationRequest endpoint based on medication reference"/><generation value="generated"/></page><page><extension url="http://hl7.org/fhir/tools/StructureDefinition/ig-page-name"><valueUrl value="SearchParameter-MedicationRequest-patient.html"/></extension><nameUrl value="SearchParameter-MedicationRequest-patient.html"/><title value="Search through MedicationRequest endpoint by a given patient"/><generation value="generated"/></page><page><extension url="http://hl7.org/fhir/tools/StructureDefinition/ig-page-name"><valueUrl value="SearchParameter-MedicationRequest-patient-identifier.html"/></extension><nameUrl value="SearchParameter-MedicationRequest-patient-identifier.html"/><title value="Search through MedicationRequest endpoint by a given patient"/><generation value="generated"/></page><page><extension url="http://hl7.org/fhir/tools/StructureDefinition/ig-page-name"><valueUrl value="SearchParameter-MedicationRequest-patient.family.html"/></extension><nameUrl value="SearchParameter-MedicationRequest-patient.family.html"/><title value="Search through MedicationRequest endpoint by the patient's family name"/><generation value="generated"/></page><page><extension url="http://hl7.org/fhir/tools/StructureDefinition/ig-page-name"><valueUrl value="SearchParameter-MedicationRequest-patient.given.html"/></extension><nameUrl value="SearchParameter-MedicationRequest-patient.given.html"/><title value="Search through MedicationRequest endpoint by the patient's given name"/><generation value="generated"/></page><page><extension url="http://hl7.org/fhir/tools/StructureDefinition/ig-page-name"><valueUrl value="SearchParameter-MedicationRequest-patient.name.html"/></extension><nameUrl value="SearchParameter-MedicationRequest-patient.name.html"/><title value="Search through MedicationRequest endpoint by the patient's full or partial name"/><generation value="generated"/></page><page><extension url="http://hl7.org/fhir/tools/StructureDefinition/ig-page-name"><valueUrl value="SearchParameter-MedicationRequest-requestor.html"/></extension><nameUrl value="SearchParameter-MedicationRequest-requestor.html"/><title value="Search through MedicationRequest endpoint by a given Practitioner "/><generation value="generated"/></page><page><extension url="http://hl7.org/fhir/tools/StructureDefinition/ig-page-name"><valueUrl value="SearchParameter-MedicationRequest-requestor-identifier.html"/></extension><nameUrl value="SearchParameter-MedicationRequest-requestor-identifier.html"/><title value="Search through MedicationRequest endpoint by a given Practitioner"/><generation value="generated"/></page><page><extension url="http://hl7.org/fhir/tools/StructureDefinition/ig-page-name"><valueUrl value="SearchParameter-MedicationRequest-requestor.family.html"/></extension><nameUrl value="SearchParameter-MedicationRequest-requestor.family.html"/><title value="Search through MedicationRequest endpoint by the Practitioner's family name"/><generation value="generated"/></page><page><extension url="http://hl7.org/fhir/tools/StructureDefinition/ig-page-name"><valueUrl value="SearchParameter-MedicationRequest-requestor.given.html"/></extension><nameUrl value="SearchParameter-MedicationRequest-requestor.given.html"/><title value="Search through MedicationRequest endpoint by the Practitioner's given name"/><generation value="generated"/></page><page><extension url="http://hl7.org/fhir/tools/StructureDefinition/ig-page-name"><valueUrl value="SearchParameter-MedicationRequest-requestor.name.html"/></extension><nameUrl value="SearchParameter-MedicationRequest-requestor.name.html"/><title value="Search through MedicationRequest endpoint by the Practitioner's full or partial name"/><generation value="generated"/></page><page><extension url="http://hl7.org/fhir/tools/StructureDefinition/ig-page-name"><valueUrl value="SearchParameter-MedicationRequest-subject.html"/></extension><nameUrl value="SearchParameter-MedicationRequest-subject.html"/><title value="Search through MedicationRequest endpoint by subject uuid"/><generation value="generated"/></page><page><extension url="http://hl7.org/fhir/tools/StructureDefinition/ig-page-name"><valueUrl value="SearchParameter-MedicationRequest-subject-family.html"/></extension><nameUrl value="SearchParameter-MedicationRequest-subject-family.html"/><title value="Search through MedicationRequest endpoint by subject family"/><generation value="generated"/></page><page><extension url="http://hl7.org/fhir/tools/StructureDefinition/ig-page-name"><valueUrl value="SearchParameter-MedicationRequest-subject-given.html"/></extension><nameUrl value="SearchParameter-MedicationRequest-subject-given.html"/><title value="Search through MedicationRequest endpoint by subject given"/><generation value="generated"/></page><page><extension url="http://hl7.org/fhir/tools/StructureDefinition/ig-page-name"><valueUrl value="SearchParameter-MedicationRequest-subject-identifier.html"/></extension><nameUrl value="SearchParameter-MedicationRequest-subject-identifier.html"/><title value="Search through MedicationRequest endpoint by subject identifier"/><generation value="generated"/></page><page><extension url="http://hl7.org/fhir/tools/StructureDefinition/ig-page-name"><valueUrl value="SearchParameter-MedicationRequest-subject-name.html"/></extension><nameUrl value="SearchParameter-MedicationRequest-subject-name.html"/><title value="Search through MedicationRequest endpoint by subject name"/><generation value="generated"/></page><page><extension url="http://hl7.org/fhir/tools/StructureDefinition/ig-page-name"><valueUrl value="SearchParameter-Practitioner-address-city.html"/></extension><nameUrl value="SearchParameter-Practitioner-address-city.html"/><title value="Search in Practitioner endpoint basing on Practitioner's address-city attribute"/><generation value="generated"/></page><page><extension url="http://hl7.org/fhir/tools/StructureDefinition/ig-page-name"><valueUrl value="SearchParameter-Practitioner-address-country.html"/></extension><nameUrl value="SearchParameter-Practitioner-address-country.html"/><title value="Search in Practitioner endpoint basing on Practitioner's address-country attribute"/><generation value="generated"/></page><page><extension url="http://hl7.org/fhir/tools/StructureDefinition/ig-page-name"><valueUrl value="SearchParameter-Practitioner-address-postalcode.html"/></extension><nameUrl value="SearchParameter-Practitioner-address-postalcode.html"/><title value="Search in Practitioner endpoint basing on Practitioner's address-postalcode attribute"/><generation value="generated"/></page><page><extension url="http://hl7.org/fhir/tools/StructureDefinition/ig-page-name"><valueUrl value="SearchParameter-Practitioner-address-state.html"/></extension><nameUrl value="SearchParameter-Practitioner-address-state.html"/><title value="Search in Practitioner endpoint basing on Practitioner's address-state attribute"/><generation value="generated"/></page><page><extension url="http://hl7.org/fhir/tools/StructureDefinition/ig-page-name"><valueUrl value="SearchParameter-Practitioner-id.html"/></extension><nameUrl value="SearchParameter-Practitioner-id.html"/><title value="Search in Practitioner endpoint basing on Practitioner uuid attribute"/><generation value="generated"/></page><page><extension url="http://hl7.org/fhir/tools/StructureDefinition/ig-page-name"><valueUrl value="SearchParameter-Practitioner-identifier.html"/></extension><nameUrl value="SearchParameter-Practitioner-identifier.html"/><title value="Search through Practitioner endpoint by a given Practitioner"/><generation value="generated"/></page><page><extension url="http://hl7.org/fhir/tools/StructureDefinition/ig-page-name"><valueUrl value="SearchParameter-Practitioner-lastUpdated.html"/></extension><nameUrl value="SearchParameter-Practitioner-lastUpdated.html"/><title value="Search in Practitioner endpoint basing on Practitioner lastUpdated  attribute"/><generation value="generated"/></page><page><extension url="http://hl7.org/fhir/tools/StructureDefinition/ig-page-name"><valueUrl value="SearchParameter-Practitioner.family.html"/></extension><nameUrl value="SearchParameter-Practitioner.family.html"/><title value="Search through Practitioner endpoint by the Practitioner's family name"/><generation value="generated"/></page><page><extension url="http://hl7.org/fhir/tools/StructureDefinition/ig-page-name"><valueUrl value="SearchParameter-Practitioner.given.html"/></extension><nameUrl value="SearchParameter-Practitioner.given.html"/><title value="Search through Practitioner endpoint by the Practitioner's given name"/><generation value="generated"/></page><page><extension url="http://hl7.org/fhir/tools/StructureDefinition/ig-page-name"><valueUrl value="SearchParameter-Practitioner.name.html"/></extension><nameUrl value="SearchParameter-Practitioner.name.html"/><title value="Search through Practitioner endpoint by the Practitioner's full or partial name"/><generation value="generated"/></page><page><extension url="http://hl7.org/fhir/tools/StructureDefinition/ig-page-name"><valueUrl value="SearchParameter-condition-code.html"/></extension><nameUrl value="SearchParameter-condition-code.html"/><title value="Search through condition endpoint by concept code"/><generation value="generated"/></page><page><extension url="http://hl7.org/fhir/tools/StructureDefinition/ig-page-name"><valueUrl value="SearchParameter-condition-encounter.html"/></extension><nameUrl value="SearchParameter-condition-encounter.html"/><title value="Search through condition endpoint by encounter uuid"/><generation value="generated"/></page><page><extension url="http://hl7.org/fhir/tools/StructureDefinition/ig-page-name"><valueUrl value="SearchParameter-condition-id.html"/></extension><nameUrl value="SearchParameter-condition-id.html"/><title value="Search through condition endpoint by service Uuid"/><generation value="generated"/></page><page><extension url="http://hl7.org/fhir/tools/StructureDefinition/ig-page-name"><valueUrl value="SearchParameter-condition-lastUpdated.html"/></extension><nameUrl value="SearchParameter-condition-lastUpdated.html"/><title value="Search through condition endpoint by service lastUpdated field"/><generation value="generated"/></page><page><extension url="http://hl7.org/fhir/tools/StructureDefinition/ig-page-name"><valueUrl value="SearchParameter-condition-occurrence.html"/></extension><nameUrl value="SearchParameter-condition-occurrence.html"/><title value="Search through condition endpoint by Occurrence when service should occurance"/><generation value="generated"/></page><page><extension url="http://hl7.org/fhir/tools/StructureDefinition/ig-page-name"><valueUrl value="SearchParameter-condition-patient.html"/></extension><nameUrl value="SearchParameter-condition-patient.html"/><title value="Search through condition endpoint by patient uuid"/><generation value="generated"/></page><page><extension url="http://hl7.org/fhir/tools/StructureDefinition/ig-page-name"><valueUrl value="SearchParameter-condition-patient-identifier.html"/></extension><nameUrl value="SearchParameter-condition-patient-identifier.html"/><title value="Search condition endpoint by patient identifier id"/><generation value="generated"/></page><page><extension url="http://hl7.org/fhir/tools/StructureDefinition/ig-page-name"><valueUrl value="SearchParameter-condition-patient.family.html"/></extension><nameUrl value="SearchParameter-condition-patient.family.html"/><title value="Search through condition endpoint by the patient's family name"/><generation value="generated"/></page><page><extension url="http://hl7.org/fhir/tools/StructureDefinition/ig-page-name"><valueUrl value="SearchParameter-condition-patient.given.html"/></extension><nameUrl value="SearchParameter-condition-patient.given.html"/><title value="Search through condtion endpoint by the patient's given name"/><generation value="generated"/></page><page><extension url="http://hl7.org/fhir/tools/StructureDefinition/ig-page-name"><valueUrl value="SearchParameter-condition-patient.name.html"/></extension><nameUrl value="SearchParameter-condition-patient.name.html"/><title value="Search through condition endpoint by the patient's full or partial name"/><generation value="generated"/></page><page><extension url="http://hl7.org/fhir/tools/StructureDefinition/ig-page-name"><valueUrl value="SearchParameter-condition-requester.html"/></extension><nameUrl value="SearchParameter-condition-requester.html"/><title value="Search through condition endpoint by Practitioner uuid"/><generation value="generated"/></page><page><extension url="http://hl7.org/fhir/tools/StructureDefinition/ig-page-name"><valueUrl value="SearchParameter-condition-requester-identifier.html"/></extension><nameUrl value="SearchParameter-condition-requester-identifier.html"/><title value="Search through condition endpoint by Practitioner identifier"/><generation value="generated"/></page><page><extension url="http://hl7.org/fhir/tools/StructureDefinition/ig-page-name"><valueUrl value="SearchParameter-condition-requester-name.html"/></extension><nameUrl value="SearchParameter-condition-requester-name.html"/><title value="Search through condition endpoint by Practitioner name"/><generation value="generated"/></page><page><extension url="http://hl7.org/fhir/tools/StructureDefinition/ig-page-name"><valueUrl value="SearchParameter-condition-subject.html"/></extension><nameUrl value="SearchParameter-condition-subject.html"/><title value="Search through condition endpoint by subject uuid"/><generation value="generated"/></page><page><extension url="http://hl7.org/fhir/tools/StructureDefinition/ig-page-name"><valueUrl value="SearchParameter-condition-subject-family.html"/></extension><nameUrl value="SearchParameter-condition-subject-family.html"/><title value="Search through condtion endpoint by subject family"/><generation value="generated"/></page><page><extension url="http://hl7.org/fhir/tools/StructureDefinition/ig-page-name"><valueUrl value="SearchParameter-condition-subject-given.html"/></extension><nameUrl value="SearchParameter-condition-subject-given.html"/><title value="Search through condition endpoint by subject given"/><generation value="generated"/></page><page><extension url="http://hl7.org/fhir/tools/StructureDefinition/ig-page-name"><valueUrl value="SearchParameter-condition-subject-identifier.html"/></extension><nameUrl value="SearchParameter-condition-subject-identifier.html"/><title value="Search through condition endpoint by subject identifier"/><generation value="generated"/></page><page><extension url="http://hl7.org/fhir/tools/StructureDefinition/ig-page-name"><valueUrl value="SearchParameter-condition-subject-name.html"/></extension><nameUrl value="SearchParameter-condition-subject-name.html"/><title value="Search through condition endpoint by subject name"/><generation value="generated"/></page><page><extension url="http://hl7.org/fhir/tools/StructureDefinition/ig-page-name"><valueUrl value="SearchParameter-group-Search-entity-paramenter.html"/></extension><nameUrl value="SearchParameter-group-Search-entity-paramenter.html"/><title value="Search in group endpoint using Managing entity Reference"/><generation value="generated"/></page><page><extension url="http://hl7.org/fhir/tools/StructureDefinition/ig-page-name"><valueUrl value="StructureDefinition-omrs-Condition.html"/></extension><nameUrl value="StructureDefinition-omrs-Condition.html"/><title value="OpenMRS condition"/><generation value="generated"/></page><page><extension url="http://hl7.org/fhir/tools/StructureDefinition/ig-page-name"><valueUrl value="StructureDefinition-omrs-encounter.html"/></extension><nameUrl value="StructureDefinition-omrs-encounter.html"/><title value="Openmrs Encounter"/><generation value="generated"/></page><page><extension url="http://hl7.org/fhir/tools/StructureDefinition/ig-page-name"><valueUrl value="StructureDefinition-omrs-group.html"/></extension><nameUrl value="StructureDefinition-omrs-group.html"/><title value="OMRS Group"/><generation value="generated"/></page><page><extension url="http://hl7.org/fhir/tools/StructureDefinition/ig-page-name"><valueUrl value="StructureDefinition-omrs-location.html"/></extension><nameUrl value="StructureDefinition-omrs-location.html"/><title value="OpenMRS Location"/><generation value="generated"/></page><page><extension url="http://hl7.org/fhir/tools/StructureDefinition/ig-page-name"><valueUrl value="StructureDefinition-omrs-medication-request.html"/></extension><nameUrl value="StructureDefinition-omrs-medication-request.html"/><title value="OpenMRS Medication Request"/><generation value="generated"/></page><page><extension url="http://hl7.org/fhir/tools/StructureDefinition/ig-page-name"><valueUrl value="StructureDefinition-omrs-patient.html"/></extension><nameUrl value="StructureDefinition-omrs-patient.html"/><title value="OpenMRS Patient"/><generation value="generated"/></page><page><extension url="http://hl7.org/fhir/tools/StructureDefinition/ig-page-name"><valueUrl value="StructureDefinition-omrs-person.html"/></extension><nameUrl value="StructureDefinition-omrs-person.html"/><title value="OpenMRS Person"/><generation value="generated"/></page><page><extension url="http://hl7.org/fhir/tools/StructureDefinition/ig-page-name"><valueUrl value="StructureDefinition-omrs-practitioner.html"/></extension><nameUrl value="StructureDefinition-omrs-practitioner.html"/><title value="Openmrs Practitioner"/><generation value="generated"/></page><page><extension url="http://hl7.org/fhir/tools/StructureDefinition/ig-page-name"><valueUrl value="StructureDefinition-omrs-AllergyIntolerance.html"/></extension><nameUrl value="StructureDefinition-omrs-AllergyIntolerance.html"/><title value="OpenMRS AllergyIntolerance"/><generation value="generated"/></page><page><extension url="http://hl7.org/fhir/tools/StructureDefinition/ig-page-name"><valueUrl value="StructureDefinition-OpenMRS-diagnostic-report.html"/></extension><nameUrl value="StructureDefinition-OpenMRS-diagnostic-report.html"/><title value="OpenMRS Diagnostic Report"/><generation value="generated"/></page><page><extension url="http://hl7.org/fhir/tools/StructureDefinition/ig-page-name"><valueUrl value="StructureDefinition-OpenMRS-observation.html"/></extension><nameUrl value="StructureDefinition-OpenMRS-observation.html"/><title value="OpenMRS Observation"/><generation value="generated"/></page><page><extension url="http://hl7.org/fhir/tools/StructureDefinition/ig-page-name"><valueUrl value="StructureDefinition-OpenMRS-service-request.html"/></extension><nameUrl value="StructureDefinition-OpenMRS-service-request.html"/><title value="OpenMRS Service Request"/><generation value="generated"/></page><page><extension url="http://hl7.org/fhir/tools/StructureDefinition/ig-page-name"><valueUrl value="StructureDefinition-OpenMRS-task.html"/></extension><nameUrl value="StructureDefinition-OpenMRS-task.html"/><title value="OpenMRS Task"/><generation value="generated"/></page><page><extension url="http://hl7.org/fhir/tools/StructureDefinition/ig-page-name"><valueUrl value="StructureDefinition-omrs-address.html"/></extension><nameUrl value="StructureDefinition-omrs-address.html"/><title value="OMRS Address"/><generation value="generated"/></page><page><extension url="http://hl7.org/fhir/tools/StructureDefinition/ig-page-name"><valueUrl value="StructureDefinition-omrs-location-contact-point.html"/></extension><nameUrl value="StructureDefinition-omrs-location-contact-point.html"/><title value="OpenMRS Location Contact Point"/><generation value="generated"/></page><page><extension url="http://hl7.org/fhir/tools/StructureDefinition/ig-page-name"><valueUrl value="StructureDefinition-omrs-patient-identifier.html"/></extension><nameUrl value="StructureDefinition-omrs-patient-identifier.html"/><title value="OpenMRS Patient Identifier"/><generation value="generated"/></page><page><extension url="http://hl7.org/fhir/tools/StructureDefinition/ig-page-name"><valueUrl value="StructureDefinition-omrs-group-description-ext.html"/></extension><nameUrl value="StructureDefinition-omrs-group-description-ext.html"/><title value="Group descriptive extension"/><generation value="generated"/></page><page><extension url="http://hl7.org/fhir/tools/StructureDefinition/ig-page-name"><valueUrl value="StructureDefinition-omrs-patient-identifier-location.html"/></extension><nameUrl value="StructureDefinition-omrs-patient-identifier-location.html"/><title value="OpenMRS Patient Identifier Location"/><generation value="generated"/></page><page><extension url="http://hl7.org/fhir/tools/StructureDefinition/ig-page-name"><valueUrl value="ValueSet-encounter-status-vs.html"/></extension><nameUrl value="ValueSet-encounter-status-vs.html"/><title value="EncounterStatus"/><generation value="generated"/></page><page><extension url="http://hl7.org/fhir/tools/StructureDefinition/ig-page-name"><valueUrl value="ValueSet-location-status-vs.html"/></extension><nameUrl value="ValueSet-location-status-vs.html"/><title value="Location Status ValueSet"/><generation value="generated"/></page><page><extension url="http://hl7.org/fhir/tools/StructureDefinition/ig-page-name"><valueUrl value="ValueSet-medication-request-intent-vs.html"/></extension><nameUrl value="ValueSet-medication-request-intent-vs.html"/><title value="Medication Request Intent Vs"/><generation value="generated"/></page><page><extension url="http://hl7.org/fhir/tools/StructureDefinition/ig-page-name"><valueUrl value="ValueSet-medication-request-priority-vs.html"/></extension><nameUrl value="ValueSet-medication-request-priority-vs.html"/><title value="Medication Request Priority ValueSet"/><generation value="generated"/></page><page><extension url="http://hl7.org/fhir/tools/StructureDefinition/ig-page-name"><valueUrl value="ValueSet-OpenMRS-task-intent-vs.html"/></extension><nameUrl value="ValueSet-OpenMRS-task-intent-vs.html"/><title value="OpenMRS Intent for Task"/><generation value="generated"/></page><page><extension url="http://hl7.org/fhir/tools/StructureDefinition/ig-page-name"><valueUrl value="ValueSet-OpenMRS-task-status-vs.html"/></extension><nameUrl value="ValueSet-OpenMRS-task-status-vs.html"/><title value="OpenMRS Status for Task"/><generation value="generated"/></page><page><extension url="http://hl7.org/fhir/tools/StructureDefinition/ig-page-name"><valueUrl value="ValueSet-OpenMRS-diagnostic-report-status-vs.html"/></extension><nameUrl value="ValueSet-OpenMRS-diagnostic-report-status-vs.html"/><title value="OpenMRS Diagnostic Report Status Flag"/><generation value="generated"/></page><page><extension url="http://hl7.org/fhir/tools/StructureDefinition/ig-page-name"><valueUrl value="ValueSet-OpenMRS-order-code-vs.html"/></extension><nameUrl value="ValueSet-OpenMRS-order-code-vs.html"/><title value="OpenMRS Order Code"/><generation value="generated"/></page><page><extension url="http://hl7.org/fhir/tools/StructureDefinition/ig-page-name"><valueUrl value="CodeSystem-encounter-type.html"/></extension><nameUrl value="CodeSystem-encounter-type.html"/><title value="Encounter Type Code System"/><generation value="generated"/></page><page><extension url="http://hl7.org/fhir/tools/StructureDefinition/ig-page-name"><valueUrl value="Patient-51ead2ec-279f-482d-80f8-209a5d4109d0.html"/></extension><nameUrl value="Patient-51ead2ec-279f-482d-80f8-209a5d4109d0.html"/><title value="Encounter Patient Example"/><generation value="generated"/></page><page><extension url="http://hl7.org/fhir/tools/StructureDefinition/ig-page-name"><valueUrl value="AllergyIntolerance-5b829d01-34bb-47d1-b1bb-9303c3a9ebcb.html"/></extension><nameUrl value="AllergyIntolerance-5b829d01-34bb-47d1-b1bb-9303c3a9ebcb.html"/><title value="Allergy Intolerance Resource Example"/><generation value="generated"/></page><page><extension url="http://hl7.org/fhir/tools/StructureDefinition/ig-page-name"><valueUrl value="Encounter-5b829d01-34bb-47d1-b1bb-9303c3a9ebcb.html"/></extension><nameUrl value="Encounter-5b829d01-34bb-47d1-b1bb-9303c3a9ebcb.html"/><title value="Encounter Resource Example"/><generation value="generated"/></page><page><extension url="http://hl7.org/fhir/tools/StructureDefinition/ig-page-name"><valueUrl value="Practitioner-7a9e2727-11ee-47ae-8af5-1dcf5337f7c2.html"/></extension><nameUrl value="Practitioner-7a9e2727-11ee-47ae-8af5-1dcf5337f7c2.html"/><title value="Practitioner Example"/><generation value="generated"/></page><page><extension url="http://hl7.org/fhir/tools/StructureDefinition/ig-page-name"><valueUrl value="DiagnosticReport-8a849d5e-6011-4279-a124-40ada5a687de.html"/></extension><nameUrl value="DiagnosticReport-8a849d5e-6011-4279-a124-40ada5a687de.html"/><title value="Openmrs DiagnosticReport"/><generation value="generated"/></page><page><extension url="http://hl7.org/fhir/tools/StructureDefinition/ig-page-name"><valueUrl value="Location-LocationExample.html"/></extension><nameUrl value="Location-LocationExample.html"/><title value="Location Example"/><generation value="generated"/></page><page><extension url="http://hl7.org/fhir/tools/StructureDefinition/ig-page-name"><valueUrl value="Group-OMRSGroupExample.html"/></extension><nameUrl value="Group-OMRSGroupExample.html"/><title value="OMRS Group Example"/><generation value="generated"/></page><page><extension url="http://hl7.org/fhir/tools/StructureDefinition/ig-page-name"><valueUrl value="MedicationRequest-OMRSMedicationRequestExample.html"/></extension><nameUrl value="MedicationRequest-OMRSMedicationRequestExample.html"/><title value="OMRS Medication Request Example"/><generation value="generated"/></page><page><extension url="http://hl7.org/fhir/tools/StructureDefinition/ig-page-name"><valueUrl value="Condition-a6867095-e2b1-4a68-9aaa-0d161a37ce9c.html"/></extension><nameUrl value="Condition-a6867095-e2b1-4a68-9aaa-0d161a37ce9c.html"/><title value="Condition Resource Example"/><generation value="generated"/></page><page><extension url="http://hl7.org/fhir/tools/StructureDefinition/ig-page-name"><valueUrl value="Observation-example-openmrs-Observation.html"/></extension><nameUrl value="Observation-example-openmrs-Observation.html"/><title value="Openmrs Observation"/><generation value="generated"/></page><page><extension url="http://hl7.org/fhir/tools/StructureDefinition/ig-page-name"><valueUrl value="Patient-example-openmrs-Patient.html"/></extension><nameUrl value="Patient-example-openmrs-Patient.html"/><title value="Openmrs Patient"/><generation value="generated"/></page><page><extension url="http://hl7.org/fhir/tools/StructureDefinition/ig-page-name"><valueUrl value="ServiceRequest-example-openmrs-ServiceRequest.html"/></extension><nameUrl value="ServiceRequest-example-openmrs-ServiceRequest.html"/><title value="Openmrs serviceRequest"/><generation value="generated"/></page><page><extension url="http://hl7.org/fhir/tools/StructureDefinition/ig-page-name"><valueUrl value="Task-example-openmrs-Task.html"/></extension><nameUrl value="Task-example-openmrs-Task.html"/><title value="Openmrs Task"/><generation value="generated"/></page><page><extension url="http://hl7.org/fhir/tools/StructureDefinition/ig-page-name"><valueUrl value="Person-example-openmrs-person.html"/></extension><nameUrl value="Person-example-openmrs-person.html"/><title value="Openmrs Person"/><generation value="generated"/></page></page></page><parameter><code value="path-resource"/><value value="input/capabilities"/></parameter><parameter><code value="path-resource"/><value value="input/examples"/></parameter><parameter><code value="path-resource"/><value value="input/extensions"/></parameter><parameter><code value="path-resource"/><value value="input/models"/></parameter><parameter><code value="path-resource"/><value value="input/operations"/></parameter><parameter><code value="path-resource"/><value value="input/profiles"/></parameter><parameter><code value="path-resource"/><value value="input/resources"/></parameter><parameter><code value="path-resource"/><value value="input/vocabulary"/></parameter><parameter><code value="path-resource"/><value value="input/maps"/></parameter><parameter><code value="path-resource"/><value value="input/testing"/></parameter><parameter><code value="path-resource"/><value value="input/history"/></parameter><parameter><code value="path-resource"/><value value="fsh-generated/resources"/></parameter><parameter><code value="path-pages"/><value value="template/config"/></parameter><parameter><code value="path-pages"/><value value="input/images"/></parameter><parameter><code value="path-tx-cache"/><value value="input-cache/txcache"/></parameter></definition></ImplementationGuide>