<?xml version="1.0" encoding="UTF-8"?><ImplementationGuide xmlns="http://hl7.org/fhir"><id value="openmrs"/><text><status value="extensions"/><div xmlns="http://www.w3.org/1999/xhtml"><h2>OMRSFhir2ImplementationGuide</h2><p>The official URL for this implementation guide is: </p><pre>http://fhir.openmrs.org/fhir/ImplementationGuide/openmrs</pre><div><p>An Implementation Guide covering the OpenMRS FHIR2 module implementation of FHIR</p>
</div></div></text><url value="http://fhir.openmrs.org/fhir/ImplementationGuide/openmrs"/><version value="0.1.0"/><name value="OMRSFhir2ImplementationGuide"/><title value="OpenMRS FHIR2 Implementation Guide"/><status value="draft"/><date value="2022-08-08T14:54:31+00:00"/><contact><name value="OpenMRS, Inc."/><telecom><system value="url"/><value value="https://openmrs.org"/></telecom></contact><description value="An Implementation Guide covering the OpenMRS FHIR2 module implementation of FHIR"/><packageId value="openmrs"/><license value="CC-BY-SA-4.0"/><fhirVersion value="4.0.1"/><dependsOn id="hl7tx"><uri value="http://terminology.hl7.org/ImplementationGuide/hl7.terminology"/><packageId value="hl7.terminology.r4"/><version value="3.1.0"/></dependsOn><definition><extension url="http://hl7.org/fhir/tools/StructureDefinition/ig-parameter"><extension url="code"><valueString value="copyrightyear"/></extension><extension url="value"><valueString value="2021+"/></extension></extension><extension url="http://hl7.org/fhir/tools/StructureDefinition/ig-parameter"><extension url="code"><valueString value="releaselabel"/></extension><extension url="value"><valueString value="ci-build"/></extension></extension><extension url="http://hl7.org/fhir/tools/StructureDefinition/ig-parameter"><extension url="code"><valueString value="apply-publisher"/></extension><extension url="value"><valueString value="true"/></extension></extension><extension url="http://hl7.org/fhir/tools/StructureDefinition/ig-parameter"><extension url="code"><valueString value="apply-license"/></extension><extension url="value"><valueString value="true"/></extension></extension><extension url="http://hl7.org/fhir/tools/StructureDefinition/ig-parameter"><extension url="code"><valueString value="apply-contact"/></extension><extension url="value"><valueString value="true"/></extension></extension><extension url="http://hl7.org/fhir/tools/StructureDefinition/ig-parameter"><extension url="code"><valueString value="autoload-resources"/></extension><extension url="value"><valueString value="true"/></extension></extension><extension url="http://hl7.org/fhir/tools/StructureDefinition/ig-parameter"><extension url="code"><valueString value="path-liquid"/></extension><extension url="value"><valueString value="template/liquid"/></extension></extension><extension url="http://hl7.org/fhir/tools/StructureDefinition/ig-parameter"><extension url="code"><valueString value="path-liquid"/></extension><extension url="value"><valueString value="input/liquid"/></extension></extension><extension url="http://hl7.org/fhir/tools/StructureDefinition/ig-parameter"><extension url="code"><valueString value="path-qa"/></extension><extension url="value"><valueString value="temp/qa"/></extension></extension><extension url="http://hl7.org/fhir/tools/StructureDefinition/ig-parameter"><extension url="code"><valueString value="path-temp"/></extension><extension url="value"><valueString value="temp/pages"/></extension></extension><extension url="http://hl7.org/fhir/tools/StructureDefinition/ig-parameter"><extension url="code"><valueString value="path-output"/></extension><extension url="value"><valueString value="output"/></extension></extension><extension url="http://hl7.org/fhir/tools/StructureDefinition/ig-parameter"><extension url="code"><valueString value="path-suppressed-warnings"/></extension><extension url="value"><valueString value="input/ignoreWarnings.txt"/></extension></extension><extension url="http://hl7.org/fhir/tools/StructureDefinition/ig-parameter"><extension url="code"><valueString value="path-history"/></extension><extension url="value"><valueString value="http://fhir.openmrs.org/fhir/history.html"/></extension></extension><extension url="http://hl7.org/fhir/tools/StructureDefinition/ig-parameter"><extension url="code"><valueString value="template-html"/></extension><extension url="value"><valueString value="template-page.html"/></extension></extension><extension url="http://hl7.org/fhir/tools/StructureDefinition/ig-parameter"><extension url="code"><valueString value="template-md"/></extension><extension url="value"><valueString value="template-page-md.html"/></extension></extension><extension url="http://hl7.org/fhir/tools/StructureDefinition/ig-parameter"><extension url="code"><valueString value="apply-context"/></extension><extension url="value"><valueString value="true"/></extension></extension><extension url="http://hl7.org/fhir/tools/StructureDefinition/ig-parameter"><extension url="code"><valueString value="apply-copyright"/></extension><extension url="value"><valueString value="true"/></extension></extension><extension url="http://hl7.org/fhir/tools/StructureDefinition/ig-parameter"><extension url="code"><valueString value="apply-jurisdiction"/></extension><extension url="value"><valueString value="true"/></extension></extension><extension url="http://hl7.org/fhir/tools/StructureDefinition/ig-parameter"><extension url="code"><valueString value="apply-version"/></extension><extension url="value"><valueString value="true"/></extension></extension><extension url="http://hl7.org/fhir/tools/StructureDefinition/ig-parameter"><extension url="code"><valueString value="active-tables"/></extension><extension url="value"><valueString value="true"/></extension></extension><extension url="http://hl7.org/fhir/tools/StructureDefinition/ig-parameter"><extension url="code"><valueString value="fmm-definition"/></extension><extension url="value"><valueString value="http://hl7.org/fhir/versions.html#maturity"/></extension></extension><extension url="http://hl7.org/fhir/tools/StructureDefinition/ig-parameter"><extension url="code"><valueString value="propagate-status"/></extension><extension url="value"><valueString value="true"/></extension></extension><extension url="http://hl7.org/fhir/tools/StructureDefinition/ig-parameter"><extension url="code"><valueString value="excludelogbinaryformat"/></extension><extension url="value"><valueString value="true"/></extension></extension><grouping id="-str-profile"><name value="Structures: Resource Profiles"/><description value="These define constraints on FHIR resources for systems conforming to this implementation guide"/></grouping><grouping id="-str-datatype"><name value="Structures: Data Type Profiles"/><description value="These define constraints on FHIR data types for systems conforming to this implementation guide"/></grouping><grouping id="-str-extension"><name value="Structures: Extension Definitions"/><description value="These define constraints on FHIR data types for systems conforming to this implementation guide"/></grouping><grouping id="-term-valueset"><name value="Terminology: Value Sets"/><description value="These define sets of codes used by systems conforming to this implementation guide"/></grouping><grouping id="-ex-example"><name value="Example: Example Instances"/><description value="These are example instances that show what data produced and consumed by systems conforming with this implementation guide might look like"/></grouping><resource><extension url="http://hl7.org/fhir/StructureDefinition/implementationguide-page"><valueUri value="StructureDefinition-omrs-address.html"/></extension><reference><reference value="StructureDefinition/omrs-address"/></reference><name value="OMRS Address"/><description value="Address profile specifies the geological location details"/><exampleBoolean value="false"/><groupingId value="-str-datatype"/></resource><resource><extension url="http://hl7.org/fhir/StructureDefinition/implementationguide-page"><valueUri value="StructureDefinition-omrs-location.html"/></extension><reference><reference value="StructureDefinition/omrs-location"/></reference><name value="OpenMRS Location"/><description value="An OpenMRS location"/><exampleBoolean value="false"/><groupingId value="-str-profile"/></resource><resource><extension url="http://hl7.org/fhir/StructureDefinition/implementationguide-page"><valueUri value="StructureDefinition-omrs-location-contact-point.html"/></extension><reference><reference value="StructureDefinition/omrs-location-contact-point"/></reference><name value="OpenMRS Location Contact Point"/><description value="An OpenMRS Location Phone Number"/><exampleBoolean value="false"/><groupingId value="-str-datatype"/></resource><resource><extension url="http://hl7.org/fhir/StructureDefinition/implementationguide-page"><valueUri value="StructureDefinition-omrs-patient.html"/></extension><reference><reference value="StructureDefinition/omrs-patient"/></reference><name value="OpenMRS Patient"/><description value="A FHIR Patient as understood by OpenMRS"/><exampleBoolean value="false"/><groupingId value="-str-profile"/></resource><resource><extension url="http://hl7.org/fhir/StructureDefinition/implementationguide-page"><valueUri value="StructureDefinition-omrs-patient-identifier.html"/></extension><reference><reference value="StructureDefinition/omrs-patient-identifier"/></reference><name value="OpenMRS Patient Identifier"/><description value="Patient Identifers as understood by OpenMRS"/><exampleBoolean value="false"/><groupingId value="-str-datatype"/></resource><resource><extension url="http://hl7.org/fhir/StructureDefinition/implementationguide-page"><valueUri value="StructureDefinition-omrs-person.html"/></extension><reference><reference value="StructureDefinition/omrs-person"/></reference><name value="OpenMRS Person"/><description value="A FHIR Person as understood by OpenMRS"/><exampleBoolean value="false"/><groupingId value="-str-profile"/></resource><resource><extension url="http://hl7.org/fhir/StructureDefinition/implementationguide-page"><valueUri value="StructureDefinition-OpenMRS-diagnostic-report.html"/></extension><reference><reference value="StructureDefinition/OpenMRS-diagnostic-report"/></reference><name value="OpenMRS Diagnostic Report"/><description value="DiagnosticReport resource created by a OpenMRS that representing results of diagnostic tests that are performed in a given clinical context."/><exampleBoolean value="false"/><groupingId value="-str-profile"/></resource><resource><extension url="http://hl7.org/fhir/StructureDefinition/implementationguide-page"><valueUri value="StructureDefinition-OpenMRS-observation.html"/></extension><reference><reference value="StructureDefinition/OpenMRS-observation"/></reference><name value="OpenMRS Observation"/><description value="Observation resource created by a OpenMRS that representing a result for an order submitted by an EMR System"/><exampleBoolean value="false"/><groupingId value="-str-profile"/></resource><resource><extension url="http://hl7.org/fhir/StructureDefinition/implementationguide-page"><valueUri value="StructureDefinition-OpenMRS-service-request.html"/></extension><reference><reference value="StructureDefinition/OpenMRS-service-request"/></reference><name value="OpenMRS Service Request"/><description value=" Service Request Resource is represents a request for some type of procedure or diagnostic test to be performed. When fulfilled, the results of this request are represented as a DiagnosticReport resource with associated Observation resources"/><exampleBoolean value="false"/><groupingId value="-str-profile"/></resource><resource><extension url="http://hl7.org/fhir/StructureDefinition/implementationguide-page"><valueUri value="StructureDefinition-OpenMRS-task.html"/></extension><reference><reference value="StructureDefinition/OpenMRS-task"/></reference><name value="OpenMRS Task"/><description value="A Task resource represent an activity that is to be performed,and track the completion of said activity between an OpenMRS and a FHIR2"/><exampleBoolean value="false"/><groupingId value="-str-profile"/></resource><resource><extension url="http://hl7.org/fhir/StructureDefinition/implementationguide-page"><valueUri value="StructureDefinition-omrs-patient-identifier-location.html"/></extension><reference><reference value="StructureDefinition/omrs-patient-identifier-location"/></reference><name value="OpenMRS Patient Identifier Location"/><description value="OpenMRS location for which this identifier is valid"/><exampleBoolean value="false"/><groupingId value="-str-extension"/></resource><resource><extension url="http://hl7.org/fhir/StructureDefinition/implementationguide-page"><valueUri value="ValueSet-location-status-vs.html"/></extension><reference><reference value="ValueSet/location-status-vs"/></reference><name value="Location Status ValueSet"/><description value="Indicates whether the location is still in use."/><exampleBoolean value="false"/><groupingId value="-term-valueset"/></resource><resource><extension url="http://hl7.org/fhir/StructureDefinition/implementationguide-page"><valueUri value="ValueSet-OpenMRS-task-intent-vs.html"/></extension><reference><reference value="ValueSet/OpenMRS-task-intent-vs"/></reference><name value="OpenMRS Intent for Task"/><description value="The intent of the task, subset from https://www.hl7.org/FHIR/valueset-task-intent.html"/><exampleBoolean value="false"/><groupingId value="-term-valueset"/></resource><resource><extension url="http://hl7.org/fhir/StructureDefinition/implementationguide-page"><valueUri value="ValueSet-OpenMRS-task-status-vs.html"/></extension><reference><reference value="ValueSet/OpenMRS-task-status-vs"/></reference><name value="OpenMRS Status for Task"/><description value="The state of the task, subset from https://www.hl7.org/FHIR/valueset-task-status.html"/><exampleBoolean value="false"/><groupingId value="-term-valueset"/></resource><resource><extension url="http://hl7.org/fhir/StructureDefinition/implementationguide-page"><valueUri value="ValueSet-OpenMRS-diagnostic-report-status-vs.html"/></extension><reference><reference value="ValueSet/OpenMRS-diagnostic-report-status-vs"/></reference><name value="OpenMRS Diagnostic Report Status Flag"/><description value="The status of the diagnostic report, subset from https://www.hl7.org/fhir/valueset-diagnostic-report-status.html"/><exampleBoolean value="false"/><groupingId value="-term-valueset"/></resource><resource><extension url="http://hl7.org/fhir/StructureDefinition/implementationguide-page"><valueUri value="ValueSet-OpenMRS-order-code-vs.html"/></extension><reference><reference value="ValueSet/OpenMRS-order-code-vs"/></reference><name value="OpenMRS Order Code"/><description value="The code for the openmrs requested in the EMR."/><exampleBoolean value="false"/><groupingId value="-term-valueset"/></resource><resource><extension url="http://hl7.org/fhir/StructureDefinition/implementationguide-page"><valueUri value="Location-LocationExample.html"/></extension><reference><reference value="Location/LocationExample"/></reference><name value="Location Example"/><description value="Example OMRS location"/><exampleCanonical value="http://fhir.openmrs.org/fhir/StructureDefinition/omrs-location"/><groupingId value="-ex-example"/></resource><resource><extension url="http://hl7.org/fhir/StructureDefinition/implementationguide-page"><valueUri value="Observation-example-openmrs-Observation.html"/></extension><reference><reference value="Observation/example-openmrs-Observation"/></reference><name value="Openmrs Observation"/><description value="Example OMRS Observation Resource"/><exampleCanonical value="http://fhir.openmrs.org/fhir/StructureDefinition/OpenMRS-observation"/><groupingId value="-ex-example"/></resource><resource><extension url="http://hl7.org/fhir/StructureDefinition/implementationguide-page"><valueUri value="Task-example-openmrs-Task.html"/></extension><reference><reference value="Task/example-openmrs-Task"/></reference><name value="Openmrs Task"/><description value="Example OMRS Task Resource"/><exampleCanonical value="http://fhir.openmrs.org/fhir/StructureDefinition/OpenMRS-task"/><groupingId value="-ex-example"/></resource><page><nameUrl value="toc.html"/><title value="Table of Contents"/><generation value="html"/><page><nameUrl value="index.html"/><title value="Home"/><generation value="markdown"/></page><page><nameUrl value="changes.html"/><title value="Changes"/><generation value="markdown"/></page><page><nameUrl value="artifacts.html"/><title value="Artifacts Summary"/><generation value="html"/><page><nameUrl value="StructureDefinition-omrs-location.html"/><title value="OpenMRS Location"/><generation value="generated"/></page><page><nameUrl value="StructureDefinition-omrs-patient.html"/><title value="OpenMRS Patient"/><generation value="generated"/></page><page><nameUrl value="StructureDefinition-omrs-person.html"/><title value="OpenMRS Person"/><generation value="generated"/></page><page><nameUrl value="StructureDefinition-OpenMRS-diagnostic-report.html"/><title value="OpenMRS Diagnostic Report"/><generation value="generated"/></page><page><nameUrl value="StructureDefinition-OpenMRS-observation.html"/><title value="OpenMRS Observation"/><generation value="generated"/></page><page><nameUrl value="StructureDefinition-OpenMRS-service-request.html"/><title value="OpenMRS Service Request"/><generation value="generated"/></page><page><nameUrl value="StructureDefinition-OpenMRS-task.html"/><title value="OpenMRS Task"/><generation value="generated"/></page><page><nameUrl value="StructureDefinition-omrs-address.html"/><title value="OMRS Address"/><generation value="generated"/></page><page><nameUrl value="StructureDefinition-omrs-location-contact-point.html"/><title value="OpenMRS Location Contact Point"/><generation value="generated"/></page><page><nameUrl value="StructureDefinition-omrs-patient-identifier.html"/><title value="OpenMRS Patient Identifier"/><generation value="generated"/></page><page><nameUrl value="StructureDefinition-omrs-patient-identifier-location.html"/><title value="OpenMRS Patient Identifier Location"/><generation value="generated"/></page><page><nameUrl value="ValueSet-location-status-vs.html"/><title value="Location Status ValueSet"/><generation value="generated"/></page><page><nameUrl value="ValueSet-OpenMRS-task-intent-vs.html"/><title value="OpenMRS Intent for Task"/><generation value="generated"/></page><page><nameUrl value="ValueSet-OpenMRS-task-status-vs.html"/><title value="OpenMRS Status for Task"/><generation value="generated"/></page><page><nameUrl value="ValueSet-OpenMRS-diagnostic-report-status-vs.html"/><title value="OpenMRS Diagnostic Report Status Flag"/><generation value="generated"/></page><page><nameUrl value="ValueSet-OpenMRS-order-code-vs.html"/><title value="OpenMRS Order Code"/><generation value="generated"/></page><page><nameUrl value="Location-LocationExample.html"/><title value="Location Example"/><generation value="generated"/></page><page><nameUrl value="Observation-example-openmrs-Observation.html"/><title value="Openmrs Observation"/><generation value="generated"/></page><page><nameUrl value="Task-example-openmrs-Task.html"/><title value="Openmrs Task"/><generation value="generated"/></page></page></page><parameter><code value="path-resource"/><value value="input/capabilities"/></parameter><parameter><code value="path-resource"/><value value="input/examples"/></parameter><parameter><code value="path-resource"/><value value="input/extensions"/></parameter><parameter><code value="path-resource"/><value value="input/models"/></parameter><parameter><code value="path-resource"/><value value="input/operations"/></parameter><parameter><code value="path-resource"/><value value="input/profiles"/></parameter><parameter><code value="path-resource"/><value value="input/resources"/></parameter><parameter><code value="path-resource"/><value value="input/vocabulary"/></parameter><parameter><code value="path-resource"/><value value="input/maps"/></parameter><parameter><code value="path-resource"/><value value="input/testing"/></parameter><parameter><code value="path-resource"/><value value="input/history"/></parameter><parameter><code value="path-resource"/><value value="fsh-generated/resources"/></parameter><parameter><code value="path-pages"/><value value="template/config"/></parameter><parameter><code value="path-pages"/><value value="input/images"/></parameter><parameter><code value="path-tx-cache"/><value value="input-cache/txcache"/></parameter></definition></ImplementationGuide>