<?xml version="1.0" encoding="UTF-8"?><SearchParameter xmlns="http://hl7.org/fhir"><id value="Encounter-participant-identifier"/><url value="http://fhir.openmrs.org/fhir/SearchParameter/Encounter-participant-identifier"/><version value="0.1.0"/><name value="EncounterParticipantIdentifierSearchParameter"/><status value="active"/><date value="2022-10-08T02:12:18+00:00"/><contact><name value="OpenMRS, Inc."/><telecom><system value="url"/><value value="https://openmrs.org"/></telecom></contact><description value="Searches for Encounters by a given Practitioner eg) /ws/fhir2/{release}/Encounter?participant.identifier={identifier}"/><code value="participant.identifier"/><base value="Encounter"/><type value="token"/><target value="OMRSEncounter"/></SearchParameter>