<?xml version="1.0" encoding="UTF-8"?><SearchParameter xmlns="http://hl7.org/fhir"><id value="MedicationRequest-subject-name"/><url value="http://fhir.openmrs.org/fhir/SearchParameter/MedicationRequest-subject-name"/><version value="0.1.0"/><name value="MedicationRequestSubjectNameSearchParameter"/><status value="active"/><date value="2022-10-08T02:06:31+00:00"/><contact><name value="OpenMRS, Inc."/><telecom><system value="url"/><value value="https://openmrs.org"/></telecom></contact><description value="Searches for MedicationRequest based on the patient's full or partial name eg) /ws/fhir2/{release}/MedicationRequest?subject:Patient.name={name}"/><code value="subject.name"/><base value="MedicationRequest"/><type value="string"/><target value="OMRSMedicationRequest"/></SearchParameter>