<?xml version="1.0" encoding="UTF-8"?><SearchParameter xmlns="http://hl7.org/fhir"><id value="person-name"/><text><status value="generated"/><div xmlns="http://www.w3.org/1999/xhtml"><h2>PersonNameSearchParameter</h2><p>Parameter <code>name</code>:<code>string</code></p><div><p>Searches for Person based on full or partial name eg) /ws/fhir2/{release}/Person?name={name}</p>
</div><table class="grid"><tr><td>Resource</td><td><a href="http://hl7.org/fhir/R4/person.html">Person</a></td></tr><tr><td>Expression</td><td>(none)</td></tr><tr><td>Target Resources</td><td><a href="http://hl7.org/fhir/R4/person.html">Person</a></td></tr><tr><td>Multiples</td><td>The parameter cannot repeat or have multiple values</td></tr></table></div></text><url value="http://fhir.openmrs.org/core/SearchParameter/person-name"/><version value="0.1.0"/><name value="PersonNameSearchParameter"/><status value="active"/><date value="2023-05-08T19:25:22+00:00"/><contact><name value="OpenMRS, Inc."/><telecom><system value="url"/><value value="https://openmrs.org"/></telecom></contact><description value="Searches for Person based on full or partial name eg) /ws/fhir2/{release}/Person?name={name}"/><code value="name"/><base value="Person"/><type value="string"/><target value="Person"/></SearchParameter>