<?xml version="1.0" encoding="UTF-8"?><SearchParameter xmlns="http://hl7.org/fhir"><id value="condition-onset-age"/><text><status value="generated"/><div xmlns="http://www.w3.org/1999/xhtml"><h2>ConditionOnsetAgeSearchParameter</h2><p>Parameter <code>onset-age</code>:<code>string</code></p><div><p>Searches for condition based on the condition onset age eg) /ws/fhir2/{release}/Condition?onset-age={date}</p>
</div><table class="grid"><tr><td>Resource</td><td><a href="http://hl7.org/fhir/R4/condition.html">Condition</a></td></tr><tr><td>Expression</td><td>(none)</td></tr><tr><td>Target Resources</td><td><a href="http://hl7.org/fhir/R4/condition.html">Condition</a></td></tr><tr><td>Multiples</td><td>The parameter cannot repeat or have multiple values</td></tr></table></div></text><url value="http://fhir.openmrs.org/core/SearchParameter/condition-onset-age"/><version value="0.1.0"/><name value="ConditionOnsetAgeSearchParameter"/><status value="active"/><date value="2023-05-08T19:25:22+00:00"/><contact><name value="OpenMRS, Inc."/><telecom><system value="url"/><value value="https://openmrs.org"/></telecom></contact><description value="Searches for condition based on the condition onset age eg) /ws/fhir2/{release}/Condition?onset-age={date}"/><code value="onset-age"/><base value="Condition"/><type value="string"/><target value="Condition"/></SearchParameter>