<?xml version="1.0" encoding="UTF-8"?><SearchParameter xmlns="http://hl7.org/fhir"><id value="Practitioner-address-postalcode"/><url value="http://fhir.openmrs.org/fhir/SearchParameter/Practitioner-address-postalcode"/><version value="0.1.0"/><name value="PractitionerPostalCodeSearchParameter"/><status value="active"/><date value="2022-10-08T02:09:14+00:00"/><contact><name value="OpenMRS, Inc."/><telecom><system value="url"/><value value="https://openmrs.org"/></telecom></contact><description value="Searches based on the address-postalcode field for the Practitioner record eg) /ws/fhir2/{release}/Practitioner?address-postalcode={postalCode}"/><code value="address-postalcode"/><base value="Practitioner"/><type value="string"/><target value="OMRSPractitioner"/></SearchParameter>