<?xml version="1.0" encoding="UTF-8"?><SearchParameter xmlns="http://hl7.org/fhir"><id value="MedicationRequest-id"/><url value="http://fhir.openmrs.org/fhir/SearchParameter/MedicationRequest-id"/><version value="0.1.0"/><name value="MedicationRequestUuidSearchParameter"/><status value="active"/><date value="2022-10-08T02:13:28+00:00"/><contact><name value="OpenMRS, Inc."/><telecom><system value="url"/><value value="https://openmrs.org"/></telecom></contact><description value="Searches based on the MedicationRequest uuid field for the MedicationRequest record eg) /ws/fhir2/{release}}/MedicationRequest?_id={uuid}"/><code value="_id"/><base value="MedicationRequest"/><type value="token"/><target value="OMRSMedicationRequest"/></SearchParameter>