<?xml version="1.0" encoding="UTF-8"?><SearchParameter xmlns="http://hl7.org/fhir"><id value="Practitioner.given"/><url value="http://fhir.openmrs.org/fhir/SearchParameter/Practitioner.given"/><version value="0.1.0"/><name value="PractitionerGivenNameSearchParameter"/><status value="active"/><date value="2022-10-08T02:13:28+00:00"/><contact><name value="OpenMRS, Inc."/><telecom><system value="url"/><value value="https://openmrs.org"/></telecom></contact><description value="Searches for Practitioner based on the Practitioner's given name(s) eg) /ws/fhir2/{release}/Practitioner?given={givenName}"/><code value="practitioner.given"/><base value="Practitioner"/><type value="string"/><target value="OMRSPractitioner"/></SearchParameter>