<?xml version="1.0" encoding="UTF-8"?><SearchParameter xmlns="http://hl7.org/fhir"><id value="condition-requester-name"/><url value="http://fhir.openmrs.org/fhir/SearchParameter/condition-requester-name"/><version value="0.1.0"/><name value="conditionRequesterNameSearchParameter"/><status value="active"/><date value="2022-11-29T17:06:49+00:00"/><contact><name value="OpenMRS, Inc."/><telecom><system value="url"/><value value="https://openmrs.org"/></telecom></contact><description value="Searches for condition based on the Practitioner's full or partial name eg) /ws/fhir2/{release}/Condition?requester:Practitioner.name={name}"/><code value="requester.name"/><base value="Condition"/><type value="string"/><target value="OMRSCondition"/></SearchParameter>