<?xml version="1.0" encoding="UTF-8"?><SearchParameter xmlns="http://hl7.org/fhir"><id value="Encounter-patient-identifier"/><url value="http://fhir.openmrs.org/fhir/SearchParameter/Encounter-patient-identifier"/><version value="0.1.0"/><name value="EncounterPatientIdentifierSearchParameter"/><status value="active"/><date value="2022-11-29T17:06:49+00:00"/><contact><name value="OpenMRS, Inc."/><telecom><system value="url"/><value value="https://openmrs.org"/></telecom></contact><description value="Searches for Encounters by a given patient eg) /ws/fhir2/{release}/Encounter?patient.identifier={identifier}"/><code value="patient.identifier"/><base value="Encounter"/><type value="token"/><target value="OMRSEncounter"/></SearchParameter>