<?xml version="1.0" encoding="UTF-8"?><SearchParameter xmlns="http://hl7.org/fhir"><id value="Encounter-patient"/><url value="http://fhir.openmrs.org/fhir/SearchParameter/Encounter-patient"/><version value="0.1.0"/><name value="EncounterPatientSearchParameter"/><status value="active"/><date value="2022-10-08T02:12:18+00:00"/><contact><name value="OpenMRS, Inc."/><telecom><system value="url"/><value value="https://openmrs.org"/></telecom></contact><description value="Searches for Encounters by a given patient eg) /ws/fhir2/{release}/Encounter?patient={patientUuid}"/><code value="patient"/><base value="Encounter"/><type value="reference"/><target value="OMRSEncounter"/></SearchParameter>