<?xml version="1.0" encoding="UTF-8"?><SearchParameter xmlns="http://hl7.org/fhir"><id value="serviceRequest-requester-identifier"/><url value="http://fhir.openmrs.org/fhir/SearchParameter/serviceRequest-requester-identifier"/><version value="0.1.0"/><name value="serviceRequestRequesterIdentifierSearchParameter"/><status value="active"/><date value="2022-10-08T02:13:28+00:00"/><contact><name value="OpenMRS, Inc."/><telecom><system value="url"/><value value="https://openmrs.org"/></telecom></contact><description value="Searches for serviceRequest by the Practitioner identifier eg) /ws/fhir2/{release}/ServiceRequest?requester:Practitioner.identifier={identifier}"/><code value="requester.identifier"/><base value="ServiceRequest"/><type value="token"/><target value="OpenMRSServiceRequest"/></SearchParameter>