<?xml version="1.0" encoding="UTF-8"?><SearchParameter xmlns="http://hl7.org/fhir"><id value="location-lastUpdated"/><text><status value="generated"/><div xmlns="http://www.w3.org/1999/xhtml"><h2>LocationLastUpdatedSearchParameter</h2><p>Parameter <code>_lastUpdated</code>:<code>date</code></p><div><p>Searches based on the location lastUpdated field for the location record eg) /ws/fhir2/{release}/Location?_lastUpdated={date}</p>
</div><table class="grid"><tr><td>Resource</td><td><a href="http://hl7.org/fhir/R4/location.html">Location</a></td></tr><tr><td>Expression</td><td>(none)</td></tr><tr><td>Target Resources</td><td><a href="http://hl7.org/fhir/R4/location.html">Location</a></td></tr><tr><td>Multiples</td><td>The parameter cannot repeat or have multiple values</td></tr></table></div></text><url value="http://fhir.openmrs.org/fhir/SearchParameter/location-lastUpdated"/><version value="0.1.0"/><name value="LocationLastUpdatedSearchParameter"/><status value="active"/><date value="2023-03-16T13:05:08+00:00"/><contact><name value="OpenMRS, Inc."/><telecom><system value="url"/><value value="https://openmrs.org"/></telecom></contact><description value="Searches based on the location lastUpdated field for the location record eg) /ws/fhir2/{release}/Location?_lastUpdated={date}"/><code value="_lastUpdated"/><base value="Location"/><type value="date"/><target value="Location"/></SearchParameter>