<?xml version="1.0" encoding="UTF-8"?><SearchParameter xmlns="http://hl7.org/fhir"><id value="Condition-requester-family"/><url value="http://fhir.openmrs.org/fhir/SearchParameter/Condition-requester-family"/><version value="0.1.0"/><name value="conditionRequesterfamilySearchParameter"/><status value="active"/><date value="2022-10-08T02:06:31+00:00"/><contact><name value="OpenMRS, Inc."/><telecom><system value="url"/><value value="https://openmrs.org"/></telecom></contact><description value="Searches for condition based on the Practitioner's family name eg) /ws/fhir2/{release}/Condition?requester:Practitioner.family={familyName}"/><code value="requester.family"/><base value="Condition"/><type value="string"/><target value="OMRSCondition"/></SearchParameter>