<?xml version="1.0" encoding="UTF-8"?><SearchParameter xmlns="http://hl7.org/fhir"><id value="Practitioner-address-state"/><url value="http://fhir.openmrs.org/fhir/SearchParameter/Practitioner-address-state"/><version value="0.1.0"/><name value="PractitionerStateSearchParameter"/><status value="active"/><date value="2022-10-08T02:09:14+00:00"/><contact><name value="OpenMRS, Inc."/><telecom><system value="url"/><value value="https://openmrs.org"/></telecom></contact><description value="Searches based on the address-state field for the Practitioner record eg) /ws/fhir2/{release}/Practitioner?address-state={state}"/><code value="address-state"/><base value="Practitioner"/><type value="string"/><target value="OMRSPractitioner"/></SearchParameter>