<?xml version="1.0" encoding="UTF-8"?><SearchParameter xmlns="http://hl7.org/fhir"><id value="serviceRequest-requester-given"/><text><status value="generated"/><div xmlns="http://www.w3.org/1999/xhtml"><h2>serviceRequestRequesterGivenSearchParameter</h2><p>Parameter <code>requester.given</code>:<code>string</code></p><div><p>Searches for serviceRequest based on the Practitioner's given name(s) eg) /ws/fhir2/{release}/ServiceRequest?requester:Practitioner.given={givenName}</p>
</div><table class="grid"><tr><td>Resource</td><td><a href="http://hl7.org/fhir/R4/servicerequest.html">ServiceRequest</a></td></tr><tr><td>Expression</td><td>(none)</td></tr><tr><td>Target Resources</td><td><a href="http://hl7.org/fhir/R4/servicerequest.html">ServiceRequest</a></td></tr><tr><td>Multiples</td><td>The parameter cannot repeat or have multiple values</td></tr></table></div></text><url value="http://fhir.openmrs.org/fhir/SearchParameter/serviceRequest-requester-given"/><version value="0.1.0"/><name value="serviceRequestRequesterGivenSearchParameter"/><status value="active"/><date value="2023-03-20T20:26:34+00:00"/><contact><name value="OpenMRS, Inc."/><telecom><system value="url"/><value value="https://openmrs.org"/></telecom></contact><description value="Searches for serviceRequest based on the Practitioner's given name(s) eg) /ws/fhir2/{release}/ServiceRequest?requester:Practitioner.given={givenName}"/><code value="requester.given"/><base value="ServiceRequest"/><type value="string"/><target value="ServiceRequest"/></SearchParameter>