<?xml version="1.0" encoding="UTF-8"?><SearchParameter xmlns="http://hl7.org/fhir"><id value="serviceRequest-patient.given"/><url value="http://fhir.openmrs.org/fhir/SearchParameter/serviceRequest-patient.given"/><version value="0.1.0"/><name value="serviceRequestPatientGivenNameSearchParameter"/><status value="active"/><date value="2022-10-08T02:12:18+00:00"/><contact><name value="OpenMRS, Inc."/><telecom><system value="url"/><value value="https://openmrs.org"/></telecom></contact><description value="Searches for serviceRequest based on the patient's given name(s) eg) /ws/fhir2/{release}/ServiceRequest?patient.given={givenName}"/><code value="patient.given"/><base value="ServiceRequest"/><type value="string"/><target value="OpenMRSServiceRequest"/></SearchParameter>