<?xml version="1.0" encoding="UTF-8"?><SearchParameter xmlns="http://hl7.org/fhir"><id value="location-address-country"/><url value="http://fhir.openmrs.org/fhir/SearchParameter/location-address-country"/><version value="0.1.0"/><name value="LocationCountrySearchParameter"/><status value="active"/><date value="2022-11-29T17:06:49+00:00"/><contact><name value="OpenMRS, Inc."/><telecom><system value="url"/><value value="https://openmrs.org"/></telecom></contact><description value="Searches based on the address-country field for the location record eg) /ws/fhir2/{release}/Location?address-country={country}"/><code value="address-country"/><base value="Location"/><type value="string"/><target value="OMRSLocation"/></SearchParameter>