<?xml version="1.0" encoding="UTF-8"?><SearchParameter xmlns="http://hl7.org/fhir"><id value="AllergyIntolerance-id"/><text><status value="generated"/><div xmlns="http://www.w3.org/1999/xhtml"><h2>AllergyIntoleranceIdSearchParameter</h2><p>Parameter <code>_id</code>:<code>token</code></p><div><p>Searches based on the AllergyIntolerance uuid field for the AllergyIntolerance record eg) /ws/fhir2/{release}}/AllergyIntolerance?_id={uuid}</p>
</div><table class="grid"><tr><td>Resource</td><td><a href="http://hl7.org/fhir/R4/allergyintolerance.html">AllergyIntolerance</a></td></tr><tr><td>Expression</td><td>(none)</td></tr><tr><td>Target Resources</td><td><a href="http://hl7.org/fhir/R4/allergyintolerance.html">AllergyIntolerance</a></td></tr><tr><td>Multiples</td><td>The parameter cannot repeat or have multiple values</td></tr></table></div></text><url value="http://fhir.openmrs.org/core/SearchParameter/AllergyIntolerance-id"/><version value="0.1.0"/><name value="AllergyIntoleranceIdSearchParameter"/><status value="active"/><date value="2023-05-09T05:52:21+00:00"/><contact><name value="OpenMRS, Inc."/><telecom><system value="url"/><value value="https://openmrs.org"/></telecom></contact><description value="Searches based on the AllergyIntolerance uuid field for the AllergyIntolerance record eg) /ws/fhir2/{release}}/AllergyIntolerance?_id={uuid}"/><code value="_id"/><base value="AllergyIntolerance"/><type value="token"/><target value="AllergyIntolerance"/></SearchParameter>