<?xml version="1.0" encoding="UTF-8"?><SearchParameter xmlns="http://hl7.org/fhir"><id value="serviceRequest-occurrence"/><url value="http://fhir.openmrs.org/fhir/SearchParameter/serviceRequest-occurrence"/><version value="0.1.0"/><name value="serviceRequestOccurrenceSearchParameter"/><status value="active"/><date value="2022-11-29T17:06:49+00:00"/><contact><name value="OpenMRS, Inc."/><telecom><system value="url"/><value value="https://openmrs.org"/></telecom></contact><description value="Searches for serviceRequest based on to occurrent date eg) /ws/fhir2/{release}/ServiceRequest?occurrence={date}"/><code value="occurrence"/><base value="ServiceRequest"/><type value="date"/><target value="OpenMRSServiceRequest"/></SearchParameter>