<?xml version="1.0" encoding="UTF-8"?><SearchParameter xmlns="http://hl7.org/fhir"><id value="MedicationRequest-lastUpdated"/><url value="http://fhir.openmrs.org/fhir/SearchParameter/MedicationRequest-lastUpdated"/><version value="0.1.0"/><name value="MedicationRequestLastUpdatedSearchParameter"/><status value="active"/><date value="2022-10-08T02:06:31+00:00"/><contact><name value="OpenMRS, Inc."/><telecom><system value="url"/><value value="https://openmrs.org"/></telecom></contact><description value="Searches based on the MedicationRequest lastUpdated field for the MedicationRequest record eg) /ws/fhir2/{release}/MedicationRequest?_lastUpdated={date-range}"/><code value="_lastUpdated"/><base value="MedicationRequest"/><type value="date"/><target value="OMRSMedicationRequest"/></SearchParameter>