<?xml version="1.0" encoding="UTF-8"?><SearchParameter xmlns="http://hl7.org/fhir"><id value="MedicationRequest-patient.family"/><text><status value="generated"/><div xmlns="http://www.w3.org/1999/xhtml"><h2>MedicationRequestPatientFamilyNameSearchParameter</h2><p>Parameter <code>patient.family</code>:<code>string</code></p><div><p>Searches for MedicationRequest based on the patient's family name eg) /ws/fhir2/{release}/MedicationRequest?patient.family={familyName}</p>
</div><table class="grid"><tr><td>Resource</td><td><a href="http://hl7.org/fhir/R4/medicationrequest.html">MedicationRequest</a></td></tr><tr><td>Expression</td><td>(none)</td></tr><tr><td>Target Resources</td><td><a href="http://hl7.org/fhir/R4/medicationrequest.html">MedicationRequest</a></td></tr><tr><td>Multiples</td><td>The parameter cannot repeat or have multiple values</td></tr></table></div></text><url value="http://fhir.openmrs.org/core/SearchParameter/MedicationRequest-patient.family"/><version value="0.1.0"/><name value="MedicationRequestPatientFamilyNameSearchParameter"/><status value="active"/><date value="2023-05-08T19:25:22+00:00"/><contact><name value="OpenMRS, Inc."/><telecom><system value="url"/><value value="https://openmrs.org"/></telecom></contact><description value="Searches for MedicationRequest based on the patient's family name eg) /ws/fhir2/{release}/MedicationRequest?patient.family={familyName}"/><code value="patient.family"/><base value="MedicationRequest"/><type value="string"/><target value="MedicationRequest"/></SearchParameter>