<?xml version="1.0" encoding="UTF-8"?><SearchParameter xmlns="http://hl7.org/fhir"><id value="group-Search-entity-paramenter"/><url value="http://fhir.openmrs.org/fhir/SearchParameter/group-Search-entity-paramenter"/><version value="0.1.0"/><name value="GroupManagingEnityReference"/><status value="active"/><date value="2022-11-29T17:06:49+00:00"/><contact><name value="OpenMRS, Inc."/><telecom><system value="url"/><value value="https://openmrs.org"/></telecom></contact><description value="Search for a group  basing on managing entity Reference(Practitioner)"/><code value="reference"/><base value="OMRSGroup"/><type value="reference"/><expression value="Group.member.entity"/></SearchParameter>