<?xml version="1.0" encoding="UTF-8"?><SearchParameter xmlns="http://hl7.org/fhir"><id value="person-name"/><url value="http://fhir.openmrs.org/fhir/SearchParameter/person-name"/><version value="0.1.0"/><name value="personNameSearchParameter"/><status value="active"/><date value="2022-10-08T02:13:28+00:00"/><contact><name value="OpenMRS, Inc."/><telecom><system value="url"/><value value="https://openmrs.org"/></telecom></contact><description value="Searches for Person based on full or partial name eg) /ws/fhir2/{release}/Person?name={name} "/><code value="name"/><base value="Person"/><type value="string"/><target value="OMRSPerson"/></SearchParameter>