<?xml version="1.0" encoding="UTF-8"?><SearchParameter xmlns="http://hl7.org/fhir"><id value="Encounter-participant.name"/><url value="http://fhir.openmrs.org/fhir/SearchParameter/Encounter-participant.name"/><version value="0.1.0"/><name value="EncounterParticipantNameSearchParameter"/><status value="active"/><date value="2022-10-08T02:13:28+00:00"/><contact><name value="OpenMRS, Inc."/><telecom><system value="url"/><value value="https://openmrs.org"/></telecom></contact><description value="Searches for Encounters based on the Practitioner's full or partial name eg) /ws/fhir2/{release}/Encounter?participant.name={name}"/><code value="participant.name"/><base value="Encounter"/><type value="string"/><target value="OMRSEncounter"/></SearchParameter>