<?xml version="1.0" encoding="UTF-8"?><SearchParameter xmlns="http://hl7.org/fhir"><id value="Task-status"/><text><status value="generated"/><div xmlns="http://www.w3.org/1999/xhtml"><h2>TaskStatueSearchParameter</h2><p>Parameter <code>Task.status</code>:<code>token</code></p><div><p>Searches for FhirTask based on the FhirTask status eg) /ws/fhir2/{release}/Task?status={codeable concept}</p>
</div><table class="grid"><tr><td>Resource</td><td><a href="http://hl7.org/fhir/R4/task.html">Task</a></td></tr><tr><td>Expression</td><td>(none)</td></tr><tr><td>Target Resources</td><td><a href="http://hl7.org/fhir/R4/task.html">Task</a></td></tr><tr><td>Multiples</td><td>The parameter cannot repeat or have multiple values</td></tr></table></div></text><url value="http://fhir.openmrs.org/core/SearchParameter/Task-status"/><version value="0.1.0"/><name value="TaskStatueSearchParameter"/><status value="active"/><date value="2023-05-09T05:52:21+00:00"/><contact><name value="OpenMRS, Inc."/><telecom><system value="url"/><value value="https://openmrs.org"/></telecom></contact><description value="Searches for FhirTask based on the FhirTask status eg) /ws/fhir2/{release}/Task?status={codeable concept}"/><code value="Task.status"/><base value="Task"/><type value="token"/><target value="Task"/></SearchParameter>