<?xml version="1.0" encoding="UTF-8"?><SearchParameter xmlns="http://hl7.org/fhir"><id value="location-address-country"/><text><status value="generated"/><div xmlns="http://www.w3.org/1999/xhtml"><h2>LocationCountrySearchParameter</h2><p>Parameter <code>address-country</code>:<code>string</code></p><div><p>Searches based on the address-country field for the location record eg) /ws/fhir2/{release}/Location?address-country={country}</p>
</div><table class="grid"><tr><td>Resource</td><td><a href="http://hl7.org/fhir/R4/location.html">Location</a></td></tr><tr><td>Expression</td><td>(none)</td></tr><tr><td>Target Resources</td><td><a href="http://hl7.org/fhir/R4/location.html">Location</a></td></tr><tr><td>Multiples</td><td>The parameter cannot repeat or have multiple values</td></tr></table></div></text><url value="http://fhir.openmrs.org/fhir/SearchParameter/location-address-country"/><version value="0.1.0"/><name value="LocationCountrySearchParameter"/><status value="active"/><date value="2023-05-01T15:55:39+00:00"/><contact><name value="OpenMRS, Inc."/><telecom><system value="url"/><value value="https://openmrs.org"/></telecom></contact><description value="Searches based on the address-country field for the location record eg) /ws/fhir2/{release}/Location?address-country={country}"/><code value="address-country"/><base value="Location"/><type value="string"/><target value="Location"/></SearchParameter>