<?xml version="1.0" encoding="UTF-8"?><SearchParameter xmlns="http://hl7.org/fhir"><id value="MedicationRequest-requestor"/><text><status value="generated"/><div xmlns="http://www.w3.org/1999/xhtml"><h2>MedicationRequestRequestorSearchParameter</h2><p>Parameter <code>requestor</code>:<code>reference</code></p><div><p>Searches for MedicationRequest by a given Practitioner Reference uuid eg) /ws/fhir2/{release}/MedicationRequest?requestor={Uuid}</p>
</div><table class="grid"><tr><td>Resource</td><td><a href="http://hl7.org/fhir/R4/medicationrequest.html">MedicationRequest</a></td></tr><tr><td>Expression</td><td>(none)</td></tr><tr><td>Target Resources</td><td><a href="http://hl7.org/fhir/R4/medicationrequest.html">MedicationRequest</a></td></tr><tr><td>Multiples</td><td>The parameter cannot repeat or have multiple values</td></tr></table></div></text><url value="http://fhir.openmrs.org/fhir/SearchParameter/MedicationRequest-requestor"/><version value="0.1.0"/><name value="MedicationRequestRequestorSearchParameter"/><status value="active"/><date value="2023-03-15T20:21:30+00:00"/><contact><name value="OpenMRS, Inc."/><telecom><system value="url"/><value value="https://openmrs.org"/></telecom></contact><description value="Searches for MedicationRequest by a given Practitioner Reference uuid eg) /ws/fhir2/{release}/MedicationRequest?requestor={Uuid}"/><code value="requestor"/><base value="MedicationRequest"/><type value="reference"/><target value="MedicationRequest"/></SearchParameter>