<?xml version="1.0" encoding="UTF-8"?><SearchParameter xmlns="http://hl7.org/fhir"><id value="Task-lastUpdated"/><url value="http://fhir.openmrs.org/fhir/SearchParameter/Task-lastUpdated"/><version value="0.1.0"/><name value="TaskLastUpdatedSearchParameter"/><status value="active"/><date value="2022-10-08T02:09:14+00:00"/><contact><name value="OpenMRS, Inc."/><telecom><system value="url"/><value value="https://openmrs.org"/></telecom></contact><description value="Searches based on the Task lastUpdated field for the Task record eg) /ws/fhir2/{release}/Task?_lastUpdated={date}"/><code value="_lastUpdated"/><base value="Task"/><type value="date"/><target value="OpenMRSTask"/></SearchParameter>