<?xml version="1.0" encoding="UTF-8"?><SearchParameter xmlns="http://hl7.org/fhir"><id value="Task-id"/><url value="http://fhir.openmrs.org/fhir/SearchParameter/Task-id"/><version value="0.1.0"/><name value="TaskIdSearchParameter"/><status value="active"/><date value="2022-11-29T17:06:49+00:00"/><contact><name value="OpenMRS, Inc."/><telecom><system value="url"/><value value="https://openmrs.org"/></telecom></contact><description value="Searches based on the Task uuid field for the Task record eg) /ws/fhir2/{release}}/Task?_id={uuid}"/><code value="_id"/><base value="Task"/><type value="token"/><target value="OpenMRSTask"/></SearchParameter>