<?xml version="1.0" encoding="UTF-8"?><SearchParameter xmlns="http://hl7.org/fhir"><id value="MedicationRequest-subject-family"/><url value="http://fhir.openmrs.org/fhir/SearchParameter/MedicationRequest-subject-family"/><version value="0.1.0"/><name value="MedicationRequestSubjectfamilySearchParameter"/><status value="active"/><date value="2022-10-08T02:09:14+00:00"/><contact><name value="OpenMRS, Inc."/><telecom><system value="url"/><value value="https://openmrs.org"/></telecom></contact><description value="&#x9;Searches for MedicationRequest based on the patient's family name eg) /ws/fhir2/{release}/MedicationRequest?subject:Patient.family={familyName}"/><code value="subject.family"/><base value="MedicationRequest"/><type value="string"/><target value="OMRSMedicationRequest"/></SearchParameter>