<?xml version="1.0" encoding="UTF-8"?><SearchParameter xmlns="http://hl7.org/fhir"><id value="serviceRequest-requester"/><url value="http://fhir.openmrs.org/fhir/SearchParameter/serviceRequest-requester"/><version value="0.1.0"/><name value="serviceRequestRequesterSearchParameter"/><status value="active"/><date value="2022-11-29T17:06:49+00:00"/><contact><name value="OpenMRS, Inc."/><telecom><system value="url"/><value value="https://openmrs.org"/></telecom></contact><description value="Searches for serviceRequest by Practitioner uuid who requested the service eg) /ws/fhir2/{release}/ServiceRequest?requester:Practitioner={uuid}"/><code value="requester"/><base value="ServiceRequest"/><type value="reference"/><target value="OpenMRSServiceRequest"/></SearchParameter>