<?xml version="1.0" encoding="UTF-8"?><SearchParameter xmlns="http://hl7.org/fhir"><id value="MedicationRequest-medication"/><url value="http://fhir.openmrs.org/fhir/SearchParameter/MedicationRequest-medication"/><version value="0.1.0"/><name value="MedicationRequestmedicationSearchParameter"/><status value="active"/><date value="2022-10-08T02:09:14+00:00"/><contact><name value="OpenMRS, Inc."/><telecom><system value="url"/><value value="https://openmrs.org"/></telecom></contact><description value="Searches for MedicationRequest by medication reference eg) /ws/fhir2/{release}/MedicationRequest?medication={reference}"/><code value="medication"/><base value="MedicationRequest"/><type value="reference"/><target value="OMRSMedicationRequest"/></SearchParameter>