<?xml version="1.0" encoding="UTF-8"?><SearchParameter xmlns="http://hl7.org/fhir"><id value="person-address-postalcode"/><url value="http://fhir.openmrs.org/fhir/SearchParameter/person-address-postalcode"/><version value="0.1.0"/><name value="personPostalCodeSearchParameter"/><status value="active"/><date value="2022-10-08T02:13:28+00:00"/><contact><name value="OpenMRS, Inc."/><telecom><system value="url"/><value value="https://openmrs.org"/></telecom></contact><description value="Searches based on the person's recorded postal code of address eg) /ws/fhir2/{release}/Person?address-postalcode={postalCode}"/><code value="address-postalcode"/><base value="Person"/><type value="string"/><target value="OMRSPerson"/></SearchParameter>