<?xml version="1.0" encoding="UTF-8"?><SearchParameter xmlns="http://hl7.org/fhir"><id value="Encounter-address-city"/><url value="http://fhir.openmrs.org/fhir/SearchParameter/Encounter-address-city"/><version value="0.1.0"/><name value="EncounterCitySearchParameter"/><status value="active"/><date value="2022-10-08T02:12:18+00:00"/><contact><name value="OpenMRS, Inc."/><telecom><system value="url"/><value value="https://openmrs.org"/></telecom></contact><description value="Searches based on the address-city field for the Encounter record eg) /ws/fhir2/{release}/Encounter?address-city={city}"/><code value="address-city"/><base value="Encounter"/><type value="string"/><target value="OMRSEncounter"/></SearchParameter>