<?xml version="1.0" encoding="UTF-8"?><SearchParameter xmlns="http://hl7.org/fhir"><id value="MedicationRequest-patient"/><url value="http://fhir.openmrs.org/fhir/SearchParameter/MedicationRequest-patient"/><version value="0.1.0"/><name value="MedicationRequestPatientSearchParameter"/><status value="active"/><date value="2022-11-29T17:06:49+00:00"/><contact><name value="OpenMRS, Inc."/><telecom><system value="url"/><value value="https://openmrs.org"/></telecom></contact><description value="Searches for MedicationRequest by a given patient eg) /ws/fhir2/{release}/MedicationRequest?patient={patientUuid}"/><code value="patient"/><base value="MedicationRequest"/><type value="reference"/><target value="OMRSMedicationRequest"/></SearchParameter>