<?xml version="1.0" encoding="UTF-8"?><SearchParameter xmlns="http://hl7.org/fhir"><id value="condition-lastUpdated"/><url value="http://fhir.openmrs.org/fhir/SearchParameter/condition-lastUpdated"/><version value="0.1.0"/><name value="conditionLastUpdatedSearchParameter"/><status value="active"/><date value="2022-10-08T02:12:18+00:00"/><contact><name value="OpenMRS, Inc."/><telecom><system value="url"/><value value="https://openmrs.org"/></telecom></contact><description value="Searches for condition based on service lastUpdated field eg) /openmrs/ws/fhir2/{release}/Condition?_lastUpdated={date}"/><code value="_lastUpdated"/><base value="Condition"/><type value="date"/><target value="OMRSCondition"/></SearchParameter>