<?xml version="1.0" encoding="UTF-8"?><SearchParameter xmlns="http://hl7.org/fhir"><id value="AllergyIntolerance-subject"/><text><status value="generated"/><div xmlns="http://www.w3.org/1999/xhtml"><h2>AllergyIntoleranceSubjectSearchParameter</h2><p>Parameter <code>subject</code>:<code>reference</code></p><div><p>Searches for AllergyIntolerance by a given subject eg) /ws/fhir2/{release}/AllergyIntolerance?subject:Patient={patientUuid}</p>
</div><table class="grid"><tr><td>Resource</td><td><a href="http://hl7.org/fhir/R4/allergyintolerance.html">AllergyIntolerance</a></td></tr><tr><td>Expression</td><td>(none)</td></tr><tr><td>Target Resources</td><td><a href="http://hl7.org/fhir/R4/allergyintolerance.html">AllergyIntolerance</a></td></tr><tr><td>Multiples</td><td>The parameter cannot repeat or have multiple values</td></tr></table></div></text><url value="http://fhir.openmrs.org/fhir/SearchParameter/AllergyIntolerance-subject"/><version value="0.1.0"/><name value="AllergyIntoleranceSubjectSearchParameter"/><status value="active"/><date value="2023-03-16T13:05:08+00:00"/><contact><name value="OpenMRS, Inc."/><telecom><system value="url"/><value value="https://openmrs.org"/></telecom></contact><description value="Searches for AllergyIntolerance by a given subject eg) /ws/fhir2/{release}/AllergyIntolerance?subject:Patient={patientUuid} "/><code value="subject"/><base value="AllergyIntolerance"/><type value="reference"/><target value="AllergyIntolerance"/></SearchParameter>