<?xml version="1.0" encoding="UTF-8"?><SearchParameter xmlns="http://hl7.org/fhir"><id value="observation-patient-name"/><text><status value="generated"/><div xmlns="http://www.w3.org/1999/xhtml"><h2>ObservationPatientNameSearchParameter</h2><p>Parameter <code>patient-name</code>:<code>string</code></p><div><p>Searches for observations based on the patient's full or partial name eg) /ws/fhir2/{release}/Observation?patient-name={name}</p>
</div><table class="grid"><tr><td>Resource</td><td><a href="http://hl7.org/fhir/R4/observation.html">Observation</a></td></tr><tr><td>Expression</td><td>(none)</td></tr><tr><td>Target Resources</td><td><a href="http://hl7.org/fhir/R4/observation.html">Observation</a></td></tr><tr><td>Multiples</td><td>The parameter cannot repeat or have multiple values</td></tr></table></div></text><url value="http://fhir.openmrs.org/core/SearchParameter/observation-patient-name"/><version value="0.1.0"/><name value="ObservationPatientNameSearchParameter"/><status value="active"/><date value="2023-05-08T19:25:22+00:00"/><contact><name value="OpenMRS, Inc."/><telecom><system value="url"/><value value="https://openmrs.org"/></telecom></contact><description value="Searches for observations based on the patient's full or partial name eg) /ws/fhir2/{release}/Observation?patient-name={name}"/><code value="patient-name"/><base value="Observation"/><type value="string"/><target value="Observation"/></SearchParameter>