<?xml version="1.0" encoding="UTF-8"?><SearchParameter xmlns="http://hl7.org/fhir"><id value="Encounter-subject"/><url value="http://fhir.openmrs.org/fhir/SearchParameter/Encounter-subject"/><version value="0.1.0"/><name value="EncounterSubjectSearchParameter"/><status value="active"/><date value="2022-10-08T02:12:18+00:00"/><contact><name value="OpenMRS, Inc."/><telecom><system value="url"/><value value="https://openmrs.org"/></telecom></contact><description value="Searches for Encounter by a given subject eg) /ws/fhir2/{release}/Encounter?subject:Patient={patientUuid} "/><code value="subject"/><base value="Encounter"/><type value="reference"/><target value="OMRSEncounter"/></SearchParameter>