<?xml version="1.0" encoding="UTF-8"?><SearchParameter xmlns="http://hl7.org/fhir"><id value="condition-patient.family"/><url value="http://fhir.openmrs.org/fhir/SearchParameter/condition-patient.family"/><version value="0.1.0"/><name value="conditionPatientFamilyNameSearchParameter"/><status value="active"/><date value="2022-11-29T17:06:49+00:00"/><contact><name value="OpenMRS, Inc."/><telecom><system value="url"/><value value="https://openmrs.org"/></telecom></contact><description value="Searches for condition based on the patient's family name eg) /ws/fhir2/{release}/Condition?patient.family={familyName}"/><code value="patient.family"/><base value="Condition"/><type value="string"/><target value="OMRSCondition"/></SearchParameter>