<?xml version="1.0" encoding="UTF-8"?><SearchParameter xmlns="http://hl7.org/fhir"><id value="location-partof"/><url value="http://fhir.openmrs.org/fhir/SearchParameter/location-partof"/><version value="0.1.0"/><name value="LocationPartOfSearchParameter"/><status value="active"/><date value="2022-10-08T02:13:28+00:00"/><contact><name value="OpenMRS, Inc."/><telecom><system value="url"/><value value="https://openmrs.org"/></telecom></contact><description value="Searches based on the partof field for the location record eg) /ws/fhir2/{release}/Location?partof={reference}"/><code value="partOf"/><base value="Location"/><type value="reference"/><target value="OMRSLocation"/></SearchParameter>