<?xml version="1.0" encoding="UTF-8"?><SearchParameter xmlns="http://hl7.org/fhir"><id value="Practitioner-id"/><url value="http://fhir.openmrs.org/fhir/SearchParameter/Practitioner-id"/><version value="0.1.0"/><name value="PractitionerUuidSearchParameter"/><status value="active"/><date value="2022-10-08T02:09:14+00:00"/><contact><name value="OpenMRS, Inc."/><telecom><system value="url"/><value value="https://openmrs.org"/></telecom></contact><description value="Searches based on the Practitioner uuid field for the Practitioner record eg) /ws/fhir2/{release}}/Practitioner?_id={uuid}"/><code value="_id"/><base value="Practitioner"/><type value="token"/><target value="OMRSPractitioner"/></SearchParameter>