<?xml version="1.0" encoding="UTF-8"?>

<ImplementationGuide xmlns="http://hl7.org/fhir">
  <id value="openmrs"/>
  <text>
    <status value="extensions"/><div xmlns="http://www.w3.org/1999/xhtml"><h2>OMRSFhir2ImplementationGuide</h2><p>The official URL for this implementation guide is: </p><pre>http://fhir.openmrs.org/fhir/ImplementationGuide/openmrs</pre><div><p>An Implementation Guide covering the OpenMRS FHIR2 module implementation of FHIR</p>
</div></div>
  </text>
  <url value="http://fhir.openmrs.org/fhir/ImplementationGuide/openmrs"/>
  <version value="0.1.0"/>
  <name value="OMRSFhir2ImplementationGuide"/>
  <title value="OpenMRS FHIR2 Implementation Guide"/>
  <status value="draft"/>
  <date value="2022-10-08T02:12:18+00:00"/>
  <contact>
    <name value="OpenMRS, Inc."/>
    <telecom>
      <system value="url"/>
      <value value="https://openmrs.org"/>
    </telecom>
  </contact>
  <description value="An Implementation Guide covering the OpenMRS FHIR2 module implementation of FHIR"/>
  <packageId value="openmrs"/>
  <license value="CC-BY-SA-4.0"/>
  <fhirVersion value="4.0.1"/>
  <dependsOn id="hl7tx">
    <uri value="http://terminology.hl7.org/ImplementationGuide/hl7.terminology"/>
    <packageId value="hl7.terminology.r4"/>
    <version value="4.0.0"/>
  </dependsOn>
  <definition>
    <extension url="http://hl7.org/fhir/tools/StructureDefinition/ig-parameter">
      <extension url="code">
        <valueString value="copyrightyear"/>
      </extension>
      <extension url="value">
        <valueString value="2021+"/>
      </extension>
    </extension>
    <extension url="http://hl7.org/fhir/tools/StructureDefinition/ig-parameter">
      <extension url="code">
        <valueString value="releaselabel"/>
      </extension>
      <extension url="value">
        <valueString value="ci-build"/>
      </extension>
    </extension>
    <extension url="http://hl7.org/fhir/tools/StructureDefinition/ig-parameter">
      <extension url="code">
        <valueString value="apply-publisher"/>
      </extension>
      <extension url="value">
        <valueString value="true"/>
      </extension>
    </extension>
    <extension url="http://hl7.org/fhir/tools/StructureDefinition/ig-parameter">
      <extension url="code">
        <valueString value="apply-license"/>
      </extension>
      <extension url="value">
        <valueString value="true"/>
      </extension>
    </extension>
    <extension url="http://hl7.org/fhir/tools/StructureDefinition/ig-parameter">
      <extension url="code">
        <valueString value="apply-contact"/>
      </extension>
      <extension url="value">
        <valueString value="true"/>
      </extension>
    </extension>
    <extension url="http://hl7.org/fhir/tools/StructureDefinition/ig-parameter">
      <extension url="code">
        <valueString value="autoload-resources"/>
      </extension>
      <extension url="value">
        <valueString value="true"/>
      </extension>
    </extension>
    <extension url="http://hl7.org/fhir/tools/StructureDefinition/ig-parameter">
      <extension url="code">
        <valueString value="path-liquid"/>
      </extension>
      <extension url="value">
        <valueString value="template/liquid"/>
      </extension>
    </extension>
    <extension url="http://hl7.org/fhir/tools/StructureDefinition/ig-parameter">
      <extension url="code">
        <valueString value="path-liquid"/>
      </extension>
      <extension url="value">
        <valueString value="input/liquid"/>
      </extension>
    </extension>
    <extension url="http://hl7.org/fhir/tools/StructureDefinition/ig-parameter">
      <extension url="code">
        <valueString value="path-qa"/>
      </extension>
      <extension url="value">
        <valueString value="temp/qa"/>
      </extension>
    </extension>
    <extension url="http://hl7.org/fhir/tools/StructureDefinition/ig-parameter">
      <extension url="code">
        <valueString value="path-temp"/>
      </extension>
      <extension url="value">
        <valueString value="temp/pages"/>
      </extension>
    </extension>
    <extension url="http://hl7.org/fhir/tools/StructureDefinition/ig-parameter">
      <extension url="code">
        <valueString value="path-output"/>
      </extension>
      <extension url="value">
        <valueString value="output"/>
      </extension>
    </extension>
    <extension url="http://hl7.org/fhir/tools/StructureDefinition/ig-parameter">
      <extension url="code">
        <valueString value="path-suppressed-warnings"/>
      </extension>
      <extension url="value">
        <valueString value="input/ignoreWarnings.txt"/>
      </extension>
    </extension>
    <extension url="http://hl7.org/fhir/tools/StructureDefinition/ig-parameter">
      <extension url="code">
        <valueString value="path-history"/>
      </extension>
      <extension url="value">
        <valueString value="http://fhir.openmrs.org/fhir/history.html"/>
      </extension>
    </extension>
    <extension url="http://hl7.org/fhir/tools/StructureDefinition/ig-parameter">
      <extension url="code">
        <valueString value="template-html"/>
      </extension>
      <extension url="value">
        <valueString value="template-page.html"/>
      </extension>
    </extension>
    <extension url="http://hl7.org/fhir/tools/StructureDefinition/ig-parameter">
      <extension url="code">
        <valueString value="template-md"/>
      </extension>
      <extension url="value">
        <valueString value="template-page-md.html"/>
      </extension>
    </extension>
    <extension url="http://hl7.org/fhir/tools/StructureDefinition/ig-parameter">
      <extension url="code">
        <valueString value="apply-context"/>
      </extension>
      <extension url="value">
        <valueString value="true"/>
      </extension>
    </extension>
    <extension url="http://hl7.org/fhir/tools/StructureDefinition/ig-parameter">
      <extension url="code">
        <valueString value="apply-copyright"/>
      </extension>
      <extension url="value">
        <valueString value="true"/>
      </extension>
    </extension>
    <extension url="http://hl7.org/fhir/tools/StructureDefinition/ig-parameter">
      <extension url="code">
        <valueString value="apply-jurisdiction"/>
      </extension>
      <extension url="value">
        <valueString value="true"/>
      </extension>
    </extension>
    <extension url="http://hl7.org/fhir/tools/StructureDefinition/ig-parameter">
      <extension url="code">
        <valueString value="apply-version"/>
      </extension>
      <extension url="value">
        <valueString value="true"/>
      </extension>
    </extension>
    <extension url="http://hl7.org/fhir/tools/StructureDefinition/ig-parameter">
      <extension url="code">
        <valueString value="active-tables"/>
      </extension>
      <extension url="value">
        <valueString value="true"/>
      </extension>
    </extension>
    <extension url="http://hl7.org/fhir/tools/StructureDefinition/ig-parameter">
      <extension url="code">
        <valueString value="fmm-definition"/>
      </extension>
      <extension url="value">
        <valueString value="http://hl7.org/fhir/versions.html#maturity"/>
      </extension>
    </extension>
    <extension url="http://hl7.org/fhir/tools/StructureDefinition/ig-parameter">
      <extension url="code">
        <valueString value="propagate-status"/>
      </extension>
      <extension url="value">
        <valueString value="true"/>
      </extension>
    </extension>
    <extension url="http://hl7.org/fhir/tools/StructureDefinition/ig-parameter">
      <extension url="code">
        <valueString value="excludelogbinaryformat"/>
      </extension>
      <extension url="value">
        <valueString value="true"/>
      </extension>
    </extension>
    <resource>
      <extension url="http://hl7.org/fhir/tools/StructureDefinition/resource-information">
        <valueString value="StructureDefinition:complex-type"/>
      </extension>
      <reference>
        <reference value="StructureDefinition/omrs-address"/>
      </reference>
      <name value="OMRS Address"/>
      <description value="Address profile specifies the geological location details"/>
      <exampleBoolean value="false"/>
    </resource>
    <resource>
      <extension url="http://hl7.org/fhir/tools/StructureDefinition/resource-information">
        <valueString value="StructureDefinition:resource"/>
      </extension>
      <reference>
        <reference value="StructureDefinition/omrs-Condition"/>
      </reference>
      <name value="OpenMRS condition"/>
      <description value="A FHIR Condition as understood by OpenMRS"/>
      <exampleBoolean value="false"/>
    </resource>
    <resource>
      <extension url="http://hl7.org/fhir/tools/StructureDefinition/resource-information">
        <valueString value="StructureDefinition:resource"/>
      </extension>
      <reference>
        <reference value="StructureDefinition/omrs-encounter"/>
      </reference>
      <name value="Openmrs Encounter"/>
      <description value="A FHIR Encounter as understood by OpenMRS"/>
      <exampleBoolean value="false"/>
    </resource>
    <resource>
      <extension url="http://hl7.org/fhir/tools/StructureDefinition/resource-information">
        <valueString value="StructureDefinition:resource"/>
      </extension>
      <reference>
        <reference value="StructureDefinition/omrs-group"/>
      </reference>
      <name value="OMRS Group"/>
      <description value="A Group Resource is described as Cohort in Fhir2 OMRS"/>
      <exampleBoolean value="false"/>
    </resource>
    <resource>
      <extension url="http://hl7.org/fhir/tools/StructureDefinition/resource-information">
        <valueString value="StructureDefinition:resource"/>
      </extension>
      <reference>
        <reference value="StructureDefinition/omrs-location"/>
      </reference>
      <name value="OpenMRS Location"/>
      <description value="An OpenMRS location"/>
      <exampleBoolean value="false"/>
    </resource>
    <resource>
      <extension url="http://hl7.org/fhir/tools/StructureDefinition/resource-information">
        <valueString value="StructureDefinition:complex-type"/>
      </extension>
      <reference>
        <reference value="StructureDefinition/omrs-location-contact-point"/>
      </reference>
      <name value="OpenMRS Location Contact Point"/>
      <description value="An OpenMRS Location Phone Number"/>
      <exampleBoolean value="false"/>
    </resource>
    <resource>
      <extension url="http://hl7.org/fhir/tools/StructureDefinition/resource-information">
        <valueString value="StructureDefinition:resource"/>
      </extension>
      <reference>
        <reference value="StructureDefinition/omrs-medication-request"/>
      </reference>
      <name value="OpenMRS Medication Request"/>
      <description value="A FHIR MedicationRequest as understood by OpenMRS"/>
      <exampleBoolean value="false"/>
    </resource>
    <resource>
      <extension url="http://hl7.org/fhir/tools/StructureDefinition/resource-information">
        <valueString value="StructureDefinition:resource"/>
      </extension>
      <reference>
        <reference value="StructureDefinition/omrs-patient"/>
      </reference>
      <name value="OpenMRS Patient"/>
      <description value="A FHIR Patient as understood by OpenMRS"/>
      <exampleBoolean value="false"/>
    </resource>
    <resource>
      <extension url="http://hl7.org/fhir/tools/StructureDefinition/resource-information">
        <valueString value="StructureDefinition:complex-type"/>
      </extension>
      <reference>
        <reference value="StructureDefinition/omrs-patient-identifier"/>
      </reference>
      <name value="OpenMRS Patient Identifier"/>
      <description value="Patient Identifers as understood by OpenMRS"/>
      <exampleBoolean value="false"/>
    </resource>
    <resource>
      <extension url="http://hl7.org/fhir/tools/StructureDefinition/resource-information">
        <valueString value="StructureDefinition:resource"/>
      </extension>
      <reference>
        <reference value="StructureDefinition/omrs-person"/>
      </reference>
      <name value="OpenMRS Person"/>
      <description value="A FHIR Person as understood by OpenMRS"/>
      <exampleBoolean value="false"/>
    </resource>
    <resource>
      <extension url="http://hl7.org/fhir/tools/StructureDefinition/resource-information">
        <valueString value="StructureDefinition:resource"/>
      </extension>
      <reference>
        <reference value="StructureDefinition/omrs-practitioner"/>
      </reference>
      <name value="Openmrs Practitioner"/>
      <description value="A FHIR Practitioner as understood by OpenMRS"/>
      <exampleBoolean value="false"/>
    </resource>
    <resource>
      <extension url="http://hl7.org/fhir/tools/StructureDefinition/resource-information">
        <valueString value="StructureDefinition:resource"/>
      </extension>
      <reference>
        <reference value="StructureDefinition/omrs-AllergyIntolerance"/>
      </reference>
      <name value="OpenMRS AllergyIntolerance"/>
      <description value="A FHIR Allergy as understood by OpenMRS"/>
      <exampleBoolean value="false"/>
    </resource>
    <resource>
      <extension url="http://hl7.org/fhir/tools/StructureDefinition/resource-information">
        <valueString value="StructureDefinition:resource"/>
      </extension>
      <reference>
        <reference value="StructureDefinition/OpenMRS-diagnostic-report"/>
      </reference>
      <name value="OpenMRS Diagnostic Report"/>
      <description value="DiagnosticReport resource created by a OpenMRS that representing results of diagnostic tests that are performed in a given clinical context."/>
      <exampleBoolean value="false"/>
    </resource>
    <resource>
      <extension url="http://hl7.org/fhir/tools/StructureDefinition/resource-information">
        <valueString value="StructureDefinition:resource"/>
      </extension>
      <reference>
        <reference value="StructureDefinition/OpenMRS-observation"/>
      </reference>
      <name value="OpenMRS Observation"/>
      <description value="Observation resource created by a OpenMRS that representing a result for an order submitted by an EMR System"/>
      <exampleBoolean value="false"/>
    </resource>
    <resource>
      <extension url="http://hl7.org/fhir/tools/StructureDefinition/resource-information">
        <valueString value="StructureDefinition:resource"/>
      </extension>
      <reference>
        <reference value="StructureDefinition/OpenMRS-service-request"/>
      </reference>
      <name value="OpenMRS Service Request"/>
      <description value=" Service Request Resource is represents a request for some type of procedure or diagnostic test to be performed. When fulfilled, the results of this request are represented as a DiagnosticReport resource with associated Observation resources"/>
      <exampleBoolean value="false"/>
    </resource>
    <resource>
      <extension url="http://hl7.org/fhir/tools/StructureDefinition/resource-information">
        <valueString value="StructureDefinition:resource"/>
      </extension>
      <reference>
        <reference value="StructureDefinition/OpenMRS-task"/>
      </reference>
      <name value="OpenMRS Task"/>
      <description value="A Task resource represent an activity that is to be performed,and track the completion of said activity between an OpenMRS and a FHIR2"/>
      <exampleBoolean value="false"/>
    </resource>
    <resource>
      <extension url="http://hl7.org/fhir/tools/StructureDefinition/resource-information">
        <valueString value="StructureDefinition:extension"/>
      </extension>
      <reference>
        <reference value="StructureDefinition/omrs-group-description-ext"/>
      </reference>
      <name value="Group descriptive extension"/>
      <description value="Extension for group description"/>
      <exampleBoolean value="false"/>
    </resource>
    <resource>
      <extension url="http://hl7.org/fhir/tools/StructureDefinition/resource-information">
        <valueString value="StructureDefinition:extension"/>
      </extension>
      <reference>
        <reference value="StructureDefinition/omrs-patient-identifier-location"/>
      </reference>
      <name value="OpenMRS Patient Identifier Location"/>
      <description value="OpenMRS location for which this identifier is valid"/>
      <exampleBoolean value="false"/>
    </resource>
    <resource>
      <extension url="http://hl7.org/fhir/tools/StructureDefinition/resource-information">
        <valueString value="ValueSet"/>
      </extension>
      <reference>
        <reference value="ValueSet/encounter-status-vs"/>
      </reference>
      <name value="EncounterStatus"/>
      <description value="Encounter  status ValueSet"/>
      <exampleBoolean value="false"/>
    </resource>
    <resource>
      <extension url="http://hl7.org/fhir/tools/StructureDefinition/resource-information">
        <valueString value="ValueSet"/>
      </extension>
      <reference>
        <reference value="ValueSet/location-status-vs"/>
      </reference>
      <name value="Location Status ValueSet"/>
      <description value="Indicates whether the location is still in use."/>
      <exampleBoolean value="false"/>
    </resource>
    <resource>
      <extension url="http://hl7.org/fhir/tools/StructureDefinition/resource-information">
        <valueString value="ValueSet"/>
      </extension>
      <reference>
        <reference value="ValueSet/medication-request-intent-vs"/>
      </reference>
      <name value="Medication Request Intent Vs"/>
      <description value="Medication Request Intent ValueSet"/>
      <exampleBoolean value="false"/>
    </resource>
    <resource>
      <extension url="http://hl7.org/fhir/tools/StructureDefinition/resource-information">
        <valueString value="ValueSet"/>
      </extension>
      <reference>
        <reference value="ValueSet/medication-request-priority-vs"/>
      </reference>
      <name value="Medication Request Priority ValueSet"/>
      <description value="Openmrs Medication Request Priority ValueSet"/>
      <exampleBoolean value="false"/>
    </resource>
    <resource>
      <extension url="http://hl7.org/fhir/tools/StructureDefinition/resource-information">
        <valueString value="ValueSet"/>
      </extension>
      <reference>
        <reference value="ValueSet/OpenMRS-task-intent-vs"/>
      </reference>
      <name value="OpenMRS Intent for Task"/>
      <description value="The intent of the task, subset from https://www.hl7.org/FHIR/valueset-task-intent.html"/>
      <exampleBoolean value="false"/>
    </resource>
    <resource>
      <extension url="http://hl7.org/fhir/tools/StructureDefinition/resource-information">
        <valueString value="ValueSet"/>
      </extension>
      <reference>
        <reference value="ValueSet/OpenMRS-task-status-vs"/>
      </reference>
      <name value="OpenMRS Status for Task"/>
      <description value="The state of the task, subset from https://www.hl7.org/FHIR/valueset-task-status.html"/>
      <exampleBoolean value="false"/>
    </resource>
    <resource>
      <extension url="http://hl7.org/fhir/tools/StructureDefinition/resource-information">
        <valueString value="ValueSet"/>
      </extension>
      <reference>
        <reference value="ValueSet/OpenMRS-diagnostic-report-status-vs"/>
      </reference>
      <name value="OpenMRS Diagnostic Report Status Flag"/>
      <description value="The status of the diagnostic report, subset from https://www.hl7.org/fhir/valueset-diagnostic-report-status.html"/>
      <exampleBoolean value="false"/>
    </resource>
    <resource>
      <extension url="http://hl7.org/fhir/tools/StructureDefinition/resource-information">
        <valueString value="ValueSet"/>
      </extension>
      <reference>
        <reference value="ValueSet/OpenMRS-order-code-vs"/>
      </reference>
      <name value="OpenMRS Order Code"/>
      <description value="The code for the openmrs requested in the EMR."/>
      <exampleBoolean value="false"/>
    </resource>
    <resource>
      <extension url="http://hl7.org/fhir/tools/StructureDefinition/resource-information">
        <valueString value="CodeSystem"/>
      </extension>
      <reference>
        <reference value="CodeSystem/encounter-type"/>
      </reference>
      <name value="Encounter Type Code System"/>
      <description value="Encounter Type Coding System"/>
      <exampleBoolean value="false"/>
    </resource>
    <resource>
      <extension url="http://hl7.org/fhir/tools/StructureDefinition/resource-information">
        <valueString value="Patient"/>
      </extension>
      <reference>
        <reference value="Patient/51ead2ec-279f-482d-80f8-209a5d4109d0"/>
      </reference>
      <name value="Encounter Patient Example"/>
      <description value="OMRS Encounter Resource Example"/>
      <exampleBoolean value="true"/>
    </resource>
    <resource>
      <extension url="http://hl7.org/fhir/tools/StructureDefinition/resource-information">
        <valueString value="AllergyIntolerance"/>
      </extension>
      <reference>
        <reference value="AllergyIntolerance/5b829d01-34bb-47d1-b1bb-9303c3a9ebcb"/>
      </reference>
      <name value="Allergy Intolerance Resource Example"/>
      <description value="Example OMRS Allergy Intolerance"/>
      <exampleCanonical value="http://fhir.openmrs.org/fhir/StructureDefinition/omrs-AllergyIntolerance"/>
    </resource>
    <resource>
      <extension url="http://hl7.org/fhir/tools/StructureDefinition/resource-information">
        <valueString value="Encounter"/>
      </extension>
      <reference>
        <reference value="Encounter/5b829d01-34bb-47d1-b1bb-9303c3a9ebcb"/>
      </reference>
      <name value="Encounter Resource Example"/>
      <description value="Example OMRS Encounter"/>
      <exampleCanonical value="http://fhir.openmrs.org/fhir/StructureDefinition/omrs-encounter"/>
    </resource>
    <resource>
      <extension url="http://hl7.org/fhir/tools/StructureDefinition/resource-information">
        <valueString value="Practitioner"/>
      </extension>
      <reference>
        <reference value="Practitioner/7a9e2727-11ee-47ae-8af5-1dcf5337f7c2"/>
      </reference>
      <name value="Practitioner Example"/>
      <description value="Practitioner Resource Example"/>
      <exampleCanonical value="http://fhir.openmrs.org/fhir/StructureDefinition/omrs-practitioner"/>
    </resource>
    <resource>
      <extension url="http://hl7.org/fhir/tools/StructureDefinition/resource-information">
        <valueString value="DiagnosticReport"/>
      </extension>
      <reference>
        <reference value="DiagnosticReport/8a849d5e-6011-4279-a124-40ada5a687de"/>
      </reference>
      <name value="Openmrs DiagnosticReport"/>
      <description value="Example OMRS DiagnosticReport Resource"/>
      <exampleCanonical value="http://fhir.openmrs.org/fhir/StructureDefinition/OpenMRS-diagnostic-report"/>
    </resource>
    <resource>
      <extension url="http://hl7.org/fhir/tools/StructureDefinition/resource-information">
        <valueString value="SearchParameter"/>
      </extension>
      <reference>
        <reference value="SearchParameter/Condition-requester-family"/>
      </reference>
      <name value="Search through condition endpoint by Practitioner family"/>
      <description value="Searches for condition based on the Practitioner's family name eg) /ws/fhir2/{release}/Condition?requester:Practitioner.family={familyName}"/>
      <exampleBoolean value="false"/>
    </resource>
    <resource>
      <extension url="http://hl7.org/fhir/tools/StructureDefinition/resource-information">
        <valueString value="SearchParameter"/>
      </extension>
      <reference>
        <reference value="SearchParameter/Condition-requester-given"/>
      </reference>
      <name value="Search through condition endpoint by Practitioner given"/>
      <description value="Searches for condition based on the Practitioner's given name(s) eg) /ws/fhir2/{release}/Condition?requester:Practitioner.given={givenName}"/>
      <exampleBoolean value="false"/>
    </resource>
    <resource>
      <extension url="http://hl7.org/fhir/tools/StructureDefinition/resource-information">
        <valueString value="SearchParameter"/>
      </extension>
      <reference>
        <reference value="SearchParameter/Encounter-address-city"/>
      </reference>
      <name value="Search in Encounter endpoint basing on Encounter location address-city attribute"/>
      <description value="Searches based on the address-city field for the Encounter record eg) /ws/fhir2/{release}/Encounter?address-city={city}"/>
      <exampleBoolean value="false"/>
    </resource>
    <resource>
      <extension url="http://hl7.org/fhir/tools/StructureDefinition/resource-information">
        <valueString value="SearchParameter"/>
      </extension>
      <reference>
        <reference value="SearchParameter/Encounter-address-country"/>
      </reference>
      <name value="Search in Encounter endpoint basing on  Encounter location address-country attribute"/>
      <description value="Searches based on the address-country field for the Encounter record eg) /ws/fhir2/{release}/Encounter?address-country={country}"/>
      <exampleBoolean value="false"/>
    </resource>
    <resource>
      <extension url="http://hl7.org/fhir/tools/StructureDefinition/resource-information">
        <valueString value="SearchParameter"/>
      </extension>
      <reference>
        <reference value="SearchParameter/Encounter-address-postalcode"/>
      </reference>
      <name value="Search in Encounter endpoint basing on Encounter location address-postalcode attribute"/>
      <description value="Searches based on the address-postalcode field for the Encounter record eg) /ws/fhir2/{release}/Encounter?address-postalcode={postalCode}"/>
      <exampleBoolean value="false"/>
    </resource>
    <resource>
      <extension url="http://hl7.org/fhir/tools/StructureDefinition/resource-information">
        <valueString value="SearchParameter"/>
      </extension>
      <reference>
        <reference value="SearchParameter/Encounter-address-state"/>
      </reference>
      <name value="Search in Encounter endpoint basing on Encounter location address-state attribute"/>
      <description value="Searches based on the address-state field for the Encounter record eg) /ws/fhir2/{release}/Encounter?address-state={state}"/>
      <exampleBoolean value="false"/>
    </resource>
    <resource>
      <extension url="http://hl7.org/fhir/tools/StructureDefinition/resource-information">
        <valueString value="SearchParameter"/>
      </extension>
      <reference>
        <reference value="SearchParameter/Encounter-date"/>
      </reference>
      <name value="Search through Encounter endpoint by the date when the encounter was created"/>
      <description value="Searches for Encounter based on the encounter creation date eg) /ws/fhir2/{release}/Encounter?date={date}"/>
      <exampleBoolean value="false"/>
    </resource>
    <resource>
      <extension url="http://hl7.org/fhir/tools/StructureDefinition/resource-information">
        <valueString value="SearchParameter"/>
      </extension>
      <reference>
        <reference value="SearchParameter/Encounter-id"/>
      </reference>
      <name value="Search in Encounter endpoint basing on Encounter uuid  attribute"/>
      <description value="Searches based on the Encounter uuid field for the Encounter record eg) /ws/fhir2/{release}}/Encounter?_id={uuid}"/>
      <exampleBoolean value="false"/>
    </resource>
    <resource>
      <extension url="http://hl7.org/fhir/tools/StructureDefinition/resource-information">
        <valueString value="SearchParameter"/>
      </extension>
      <reference>
        <reference value="SearchParameter/Encounter-lastUpdated"/>
      </reference>
      <name value="Search in Encounter endpoint basing on Encounter lastUpdated  attribute"/>
      <description value="Searches based on the Encounter lastUpdated field for the Encounter record eg) /ws/fhir2/{release}/Encounter?_lastUpdated={date}"/>
      <exampleBoolean value="false"/>
    </resource>
    <resource>
      <extension url="http://hl7.org/fhir/tools/StructureDefinition/resource-information">
        <valueString value="SearchParameter"/>
      </extension>
      <reference>
        <reference value="SearchParameter/Encounter-location"/>
      </reference>
      <name value="Search through Encounter endpoint based on location reference"/>
      <description value="Searches for Encounter based on the location reference uuid eg) /ws/fhir2/{release}/Encounter?location={uuid}"/>
      <exampleBoolean value="false"/>
    </resource>
    <resource>
      <extension url="http://hl7.org/fhir/tools/StructureDefinition/resource-information">
        <valueString value="SearchParameter"/>
      </extension>
      <reference>
        <reference value="SearchParameter/Encounter-participant"/>
      </reference>
      <name value="Search through Encounter endpoint by a given Practitioner "/>
      <description value="Searches for Encounters by a given Practitioner Reference uuid eg) /ws/fhir2/{release}/Encounter?participant={PractitionerUuid}"/>
      <exampleBoolean value="false"/>
    </resource>
    <resource>
      <extension url="http://hl7.org/fhir/tools/StructureDefinition/resource-information">
        <valueString value="SearchParameter"/>
      </extension>
      <reference>
        <reference value="SearchParameter/Encounter-participant-identifier"/>
      </reference>
      <name value="Search through Encounter endpoint by a given Practitioner"/>
      <description value="Searches for Encounters by a given Practitioner eg) /ws/fhir2/{release}/Encounter?participant.identifier={identifier}"/>
      <exampleBoolean value="false"/>
    </resource>
    <resource>
      <extension url="http://hl7.org/fhir/tools/StructureDefinition/resource-information">
        <valueString value="SearchParameter"/>
      </extension>
      <reference>
        <reference value="SearchParameter/Encounter-participant.family"/>
      </reference>
      <name value="Search through Encounter endpoint by the Practitioner's family name"/>
      <description value="Searches for Encounters based on the Practitioner's family name eg) /ws/fhir2/{release}/Encounter?participant.family={familyName}"/>
      <exampleBoolean value="false"/>
    </resource>
    <resource>
      <extension url="http://hl7.org/fhir/tools/StructureDefinition/resource-information">
        <valueString value="SearchParameter"/>
      </extension>
      <reference>
        <reference value="SearchParameter/Encounter-participant.given"/>
      </reference>
      <name value="Search through Encounter endpoint by the Practitioner's given name"/>
      <description value="Searches for Encounters based on the Practitioner's given name(s) eg) /ws/fhir2/{release}/Encounter?participant.given={givenName}"/>
      <exampleBoolean value="false"/>
    </resource>
    <resource>
      <extension url="http://hl7.org/fhir/tools/StructureDefinition/resource-information">
        <valueString value="SearchParameter"/>
      </extension>
      <reference>
        <reference value="SearchParameter/Encounter-participant.name"/>
      </reference>
      <name value="Search through Encounter endpoint by the Practitioner's full or partial name"/>
      <description value="Searches for Encounters based on the Practitioner's full or partial name eg) /ws/fhir2/{release}/Encounter?participant.name={name}"/>
      <exampleBoolean value="false"/>
    </resource>
    <resource>
      <extension url="http://hl7.org/fhir/tools/StructureDefinition/resource-information">
        <valueString value="SearchParameter"/>
      </extension>
      <reference>
        <reference value="SearchParameter/Encounter-patient"/>
      </reference>
      <name value="Search through Encounter endpoint by a given patient"/>
      <description value="Searches for Encounters by a given patient eg) /ws/fhir2/{release}/Encounter?patient={patientUuid}"/>
      <exampleBoolean value="false"/>
    </resource>
    <resource>
      <extension url="http://hl7.org/fhir/tools/StructureDefinition/resource-information">
        <valueString value="SearchParameter"/>
      </extension>
      <reference>
        <reference value="SearchParameter/Encounter-patient-identifier"/>
      </reference>
      <name value="Search through Encounter endpoint by a given patient"/>
      <description value="Searches for Encounters by a given patient eg) /ws/fhir2/{release}/Encounter?patient.identifier={identifier}"/>
      <exampleBoolean value="false"/>
    </resource>
    <resource>
      <extension url="http://hl7.org/fhir/tools/StructureDefinition/resource-information">
        <valueString value="SearchParameter"/>
      </extension>
      <reference>
        <reference value="SearchParameter/Encounter-patient.family"/>
      </reference>
      <name value="Search through Encounter endpoint by the patient's family name"/>
      <description value="Searches for Encounters based on the patient's family name eg) /ws/fhir2/{release}/Encounter?patient.family={familyName}"/>
      <exampleBoolean value="false"/>
    </resource>
    <resource>
      <extension url="http://hl7.org/fhir/tools/StructureDefinition/resource-information">
        <valueString value="SearchParameter"/>
      </extension>
      <reference>
        <reference value="SearchParameter/Encounter-patient.given"/>
      </reference>
      <name value="Search through Encounter endpoint by the patient's given name"/>
      <description value="Searches for Encounters based on the patient's given name(s) eg) /ws/fhir2/{release}/Encounter?patient.given={givenName}"/>
      <exampleBoolean value="false"/>
    </resource>
    <resource>
      <extension url="http://hl7.org/fhir/tools/StructureDefinition/resource-information">
        <valueString value="SearchParameter"/>
      </extension>
      <reference>
        <reference value="SearchParameter/Encounter-patient.name"/>
      </reference>
      <name value="Search through Encounter endpoint by the patient's full or partial name"/>
      <description value="Searches for Encounters based on the patient's full or partial name eg) /ws/fhir2/{release}/Encounter?patient.name={name}"/>
      <exampleBoolean value="false"/>
    </resource>
    <resource>
      <extension url="http://hl7.org/fhir/tools/StructureDefinition/resource-information">
        <valueString value="SearchParameter"/>
      </extension>
      <reference>
        <reference value="SearchParameter/Encounter-subject"/>
      </reference>
      <name value="Search through Encounter endpoint by subject uuid"/>
      <description value="Searches for Encounter by a given subject eg) /ws/fhir2/{release}/Encounter?subject:Patient={patientUuid}"/>
      <exampleBoolean value="false"/>
    </resource>
    <resource>
      <extension url="http://hl7.org/fhir/tools/StructureDefinition/resource-information">
        <valueString value="SearchParameter"/>
      </extension>
      <reference>
        <reference value="SearchParameter/Encounter-subject-family"/>
      </reference>
      <name value="Search through Encounter endpoint by subject family"/>
      <description value="Searches for Encounter based on the patient's family name eg) /ws/fhir2/{release}/Encounter?subject:Patient.family={familyName}"/>
      <exampleBoolean value="false"/>
    </resource>
    <resource>
      <extension url="http://hl7.org/fhir/tools/StructureDefinition/resource-information">
        <valueString value="SearchParameter"/>
      </extension>
      <reference>
        <reference value="SearchParameter/Encounter-subject-given"/>
      </reference>
      <name value="Search through Encounter endpoint by subject given"/>
      <description value="Searches for Encounter based on the patient's given name(s) eg) /ws/fhir2/{release}/Encounter?subject:Patient.given={givenName}"/>
      <exampleBoolean value="false"/>
    </resource>
    <resource>
      <extension url="http://hl7.org/fhir/tools/StructureDefinition/resource-information">
        <valueString value="SearchParameter"/>
      </extension>
      <reference>
        <reference value="SearchParameter/Encounter-subject-identifier"/>
      </reference>
      <name value="Search through Encounter endpoint by subject identifier"/>
      <description value="Searches for Encounter by the patient identifier eg) /ws/fhir2/{release}/Encounter?subject:Patient.identifier={identifier}"/>
      <exampleBoolean value="false"/>
    </resource>
    <resource>
      <extension url="http://hl7.org/fhir/tools/StructureDefinition/resource-information">
        <valueString value="SearchParameter"/>
      </extension>
      <reference>
        <reference value="SearchParameter/Encounter-subject-name"/>
      </reference>
      <name value="Search through Encounter endpoint by subject name"/>
      <description value="Searches for Encounter based on the patient's full or partial name eg) /ws/fhir2/{release}/Encounter?subject:Patient.name={name}"/>
      <exampleBoolean value="false"/>
    </resource>
    <resource>
      <extension url="http://hl7.org/fhir/tools/StructureDefinition/resource-information">
        <valueString value="SearchParameter"/>
      </extension>
      <reference>
        <reference value="SearchParameter/Encounter-type"/>
      </reference>
      <name value="Search through Encounter endpoint by encounter type"/>
      <description value="Searches for Encounter based on encounter type field eg) /ws/fhir2/{release}/Encounter?type={encounterType}"/>
      <exampleBoolean value="false"/>
    </resource>
    <resource>
      <extension url="http://hl7.org/fhir/tools/StructureDefinition/resource-information">
        <valueString value="Location"/>
      </extension>
      <reference>
        <reference value="Location/LocationExample"/>
      </reference>
      <name value="Location Example"/>
      <description value="Example OMRS location"/>
      <exampleCanonical value="http://fhir.openmrs.org/fhir/StructureDefinition/omrs-location"/>
    </resource>
    <resource>
      <extension url="http://hl7.org/fhir/tools/StructureDefinition/resource-information">
        <valueString value="SearchParameter"/>
      </extension>
      <reference>
        <reference value="SearchParameter/MedicationRequest-id"/>
      </reference>
      <name value="Search in MedicationRequest endpoint basing on MedicationRequest uuid  attribute"/>
      <description value="Searches based on the MedicationRequest uuid field for the MedicationRequest record eg) /ws/fhir2/{release}}/MedicationRequest?_id={uuid}"/>
      <exampleBoolean value="false"/>
    </resource>
    <resource>
      <extension url="http://hl7.org/fhir/tools/StructureDefinition/resource-information">
        <valueString value="SearchParameter"/>
      </extension>
      <reference>
        <reference value="SearchParameter/MedicationRequest-lastUpdated"/>
      </reference>
      <name value="Search in MedicationRequest endpoint basing on MedicationRequest lastUpdated  attribute"/>
      <description value="Searches based on the MedicationRequest lastUpdated field for the MedicationRequest record eg) /ws/fhir2/{release}/MedicationRequest?_lastUpdated={date-range}"/>
      <exampleBoolean value="false"/>
    </resource>
    <resource>
      <extension url="http://hl7.org/fhir/tools/StructureDefinition/resource-information">
        <valueString value="SearchParameter"/>
      </extension>
      <reference>
        <reference value="SearchParameter/MedicationRequest-medication"/>
      </reference>
      <name value="Search through MedicationRequest endpoint based on medication reference"/>
      <description value="Searches for MedicationRequest by medication reference eg) /ws/fhir2/{release}/MedicationRequest?medication={reference}"/>
      <exampleBoolean value="false"/>
    </resource>
    <resource>
      <extension url="http://hl7.org/fhir/tools/StructureDefinition/resource-information">
        <valueString value="SearchParameter"/>
      </extension>
      <reference>
        <reference value="SearchParameter/MedicationRequest-patient"/>
      </reference>
      <name value="Search through MedicationRequest endpoint by a given patient"/>
      <description value="Searches for MedicationRequest by a given patient eg) /ws/fhir2/{release}/MedicationRequest?patient={patientUuid}"/>
      <exampleBoolean value="false"/>
    </resource>
    <resource>
      <extension url="http://hl7.org/fhir/tools/StructureDefinition/resource-information">
        <valueString value="SearchParameter"/>
      </extension>
      <reference>
        <reference value="SearchParameter/MedicationRequest-patient-identifier"/>
      </reference>
      <name value="Search through MedicationRequest endpoint by a given patient"/>
      <description value="Searches for MedicationRequest by a given patient eg) /ws/fhir2/{release}/MedicationRequest?patient.identifier={identifier}"/>
      <exampleBoolean value="false"/>
    </resource>
    <resource>
      <extension url="http://hl7.org/fhir/tools/StructureDefinition/resource-information">
        <valueString value="SearchParameter"/>
      </extension>
      <reference>
        <reference value="SearchParameter/MedicationRequest-patient.family"/>
      </reference>
      <name value="Search through MedicationRequest endpoint by the patient's family name"/>
      <description value="Searches for MedicationRequest based on the patient's family name eg) /ws/fhir2/{release}/MedicationRequest?patient.family={familyName}"/>
      <exampleBoolean value="false"/>
    </resource>
    <resource>
      <extension url="http://hl7.org/fhir/tools/StructureDefinition/resource-information">
        <valueString value="SearchParameter"/>
      </extension>
      <reference>
        <reference value="SearchParameter/MedicationRequest-patient.given"/>
      </reference>
      <name value="Search through MedicationRequest endpoint by the patient's given name"/>
      <description value="Searches for MedicationRequest based on the patient's given name(s) eg) /ws/fhir2/{release}/MedicationRequest?patient.given={givenName}"/>
      <exampleBoolean value="false"/>
    </resource>
    <resource>
      <extension url="http://hl7.org/fhir/tools/StructureDefinition/resource-information">
        <valueString value="SearchParameter"/>
      </extension>
      <reference>
        <reference value="SearchParameter/MedicationRequest-patient.name"/>
      </reference>
      <name value="Search through MedicationRequest endpoint by the patient's full or partial name"/>
      <description value="Searches for MedicationRequest based on the patient's full or partial name eg) /ws/fhir2/{release}/MedicationRequest?patient.name={name}"/>
      <exampleBoolean value="false"/>
    </resource>
    <resource>
      <extension url="http://hl7.org/fhir/tools/StructureDefinition/resource-information">
        <valueString value="SearchParameter"/>
      </extension>
      <reference>
        <reference value="SearchParameter/MedicationRequest-requestor"/>
      </reference>
      <name value="Search through MedicationRequest endpoint by a given Practitioner "/>
      <description value="Searches for MedicationRequest by a given Practitioner Reference uuid eg) /ws/fhir2/{release}/MedicationRequest?requestor={Uuid}"/>
      <exampleBoolean value="false"/>
    </resource>
    <resource>
      <extension url="http://hl7.org/fhir/tools/StructureDefinition/resource-information">
        <valueString value="SearchParameter"/>
      </extension>
      <reference>
        <reference value="SearchParameter/MedicationRequest-requestor-identifier"/>
      </reference>
      <name value="Search through MedicationRequest endpoint by a given Practitioner"/>
      <description value="Searches for MedicationRequest by a given Practitioner eg) /ws/fhir2/{release}/MedicationRequest?requestor.identifier={identifier}"/>
      <exampleBoolean value="false"/>
    </resource>
    <resource>
      <extension url="http://hl7.org/fhir/tools/StructureDefinition/resource-information">
        <valueString value="SearchParameter"/>
      </extension>
      <reference>
        <reference value="SearchParameter/MedicationRequest-requestor.family"/>
      </reference>
      <name value="Search through MedicationRequest endpoint by the Practitioner's family name"/>
      <description value="Searches for MedicationRequest based on the Practitioner's family name eg) /ws/fhir2/{release}/MedicationRequest?requestor.family={familyName}"/>
      <exampleBoolean value="false"/>
    </resource>
    <resource>
      <extension url="http://hl7.org/fhir/tools/StructureDefinition/resource-information">
        <valueString value="SearchParameter"/>
      </extension>
      <reference>
        <reference value="SearchParameter/MedicationRequest-requestor.given"/>
      </reference>
      <name value="Search through MedicationRequest endpoint by the Practitioner's given name"/>
      <description value="Searches for MedicationRequest based on the Practitioner's given name(s) eg) /ws/fhir2/{release}/MedicationRequest?requestor.given={givenName}"/>
      <exampleBoolean value="false"/>
    </resource>
    <resource>
      <extension url="http://hl7.org/fhir/tools/StructureDefinition/resource-information">
        <valueString value="SearchParameter"/>
      </extension>
      <reference>
        <reference value="SearchParameter/MedicationRequest-requestor.name"/>
      </reference>
      <name value="Search through MedicationRequest endpoint by the Practitioner's full or partial name"/>
      <description value="Searches for MedicationRequest based on the Practitioner's full or partial name eg) /ws/fhir2/{release}/MedicationRequest?requestor.name={name}"/>
      <exampleBoolean value="false"/>
    </resource>
    <resource>
      <extension url="http://hl7.org/fhir/tools/StructureDefinition/resource-information">
        <valueString value="SearchParameter"/>
      </extension>
      <reference>
        <reference value="SearchParameter/MedicationRequest-subject"/>
      </reference>
      <name value="Search through MedicationRequest endpoint by subject uuid"/>
      <description value="Searches for MedicationRequest by a given subject eg) /ws/fhir2/{release}/MedicationRequest?subject:Patient={patientUuid}"/>
      <exampleBoolean value="false"/>
    </resource>
    <resource>
      <extension url="http://hl7.org/fhir/tools/StructureDefinition/resource-information">
        <valueString value="SearchParameter"/>
      </extension>
      <reference>
        <reference value="SearchParameter/MedicationRequest-subject-family"/>
      </reference>
      <name value="Search through MedicationRequest endpoint by subject family"/>
      <description value="Searches for MedicationRequest based on the patient's family name eg) /ws/fhir2/{release}/MedicationRequest?subject:Patient.family={familyName}"/>
      <exampleBoolean value="false"/>
    </resource>
    <resource>
      <extension url="http://hl7.org/fhir/tools/StructureDefinition/resource-information">
        <valueString value="SearchParameter"/>
      </extension>
      <reference>
        <reference value="SearchParameter/MedicationRequest-subject-given"/>
      </reference>
      <name value="Search through MedicationRequest endpoint by subject given"/>
      <description value="Searches for MedicationRequest based on the patient's given name(s) eg) /ws/fhir2/{release}/MedicationRequest?subject:Patient.given={givenName}"/>
      <exampleBoolean value="false"/>
    </resource>
    <resource>
      <extension url="http://hl7.org/fhir/tools/StructureDefinition/resource-information">
        <valueString value="SearchParameter"/>
      </extension>
      <reference>
        <reference value="SearchParameter/MedicationRequest-subject-identifier"/>
      </reference>
      <name value="Search through MedicationRequest endpoint by subject identifier"/>
      <description value="Searches for MedicationRequest by the patient identifier eg) /ws/fhir2/{release}/MedicationRequest?subject:Patient.identifier={identifier}"/>
      <exampleBoolean value="false"/>
    </resource>
    <resource>
      <extension url="http://hl7.org/fhir/tools/StructureDefinition/resource-information">
        <valueString value="SearchParameter"/>
      </extension>
      <reference>
        <reference value="SearchParameter/MedicationRequest-subject-name"/>
      </reference>
      <name value="Search through MedicationRequest endpoint by subject name"/>
      <description value="Searches for MedicationRequest based on the patient's full or partial name eg) /ws/fhir2/{release}/MedicationRequest?subject:Patient.name={name}"/>
      <exampleBoolean value="false"/>
    </resource>
    <resource>
      <extension url="http://hl7.org/fhir/tools/StructureDefinition/resource-information">
        <valueString value="Group"/>
      </extension>
      <reference>
        <reference value="Group/OMRSGroupExample"/>
      </reference>
      <name value="OMRS Group Example"/>
      <description value="OMRS Group Resource Example"/>
      <exampleCanonical value="http://fhir.openmrs.org/fhir/StructureDefinition/omrs-group"/>
    </resource>
    <resource>
      <extension url="http://hl7.org/fhir/tools/StructureDefinition/resource-information">
        <valueString value="MedicationRequest"/>
      </extension>
      <reference>
        <reference value="MedicationRequest/OMRSMedicationRequestExample"/>
      </reference>
      <name value="OMRS Medication Request Example"/>
      <description value="Example of the OMRS medication Request Resource"/>
      <exampleCanonical value="http://fhir.openmrs.org/fhir/StructureDefinition/omrs-medication-request"/>
    </resource>
    <resource>
      <extension url="http://hl7.org/fhir/tools/StructureDefinition/resource-information">
        <valueString value="SearchParameter"/>
      </extension>
      <reference>
        <reference value="SearchParameter/Practitioner-address-city"/>
      </reference>
      <name value="Search in Practitioner endpoint basing on Practitioner's address-city attribute"/>
      <description value="Searches based on the address-city field for the Practitioner record eg) /ws/fhir2/{release}/Practitioner?address-city={city}"/>
      <exampleBoolean value="false"/>
    </resource>
    <resource>
      <extension url="http://hl7.org/fhir/tools/StructureDefinition/resource-information">
        <valueString value="SearchParameter"/>
      </extension>
      <reference>
        <reference value="SearchParameter/Practitioner-address-country"/>
      </reference>
      <name value="Search in Practitioner endpoint basing on Practitioner's address-country attribute"/>
      <description value="Searches based on the address-country field for the Practitioner record eg) /ws/fhir2/{release}/Practitioner?address-country={country}"/>
      <exampleBoolean value="false"/>
    </resource>
    <resource>
      <extension url="http://hl7.org/fhir/tools/StructureDefinition/resource-information">
        <valueString value="SearchParameter"/>
      </extension>
      <reference>
        <reference value="SearchParameter/Practitioner-address-postalcode"/>
      </reference>
      <name value="Search in Practitioner endpoint basing on Practitioner's address-postalcode attribute"/>
      <description value="Searches based on the address-postalcode field for the Practitioner record eg) /ws/fhir2/{release}/Practitioner?address-postalcode={postalCode}"/>
      <exampleBoolean value="false"/>
    </resource>
    <resource>
      <extension url="http://hl7.org/fhir/tools/StructureDefinition/resource-information">
        <valueString value="SearchParameter"/>
      </extension>
      <reference>
        <reference value="SearchParameter/Practitioner-address-state"/>
      </reference>
      <name value="Search in Practitioner endpoint basing on Practitioner's address-state attribute"/>
      <description value="Searches based on the address-state field for the Practitioner record eg) /ws/fhir2/{release}/Practitioner?address-state={state}"/>
      <exampleBoolean value="false"/>
    </resource>
    <resource>
      <extension url="http://hl7.org/fhir/tools/StructureDefinition/resource-information">
        <valueString value="SearchParameter"/>
      </extension>
      <reference>
        <reference value="SearchParameter/Practitioner-id"/>
      </reference>
      <name value="Search in Practitioner endpoint basing on Practitioner uuid attribute"/>
      <description value="Searches based on the Practitioner uuid field for the Practitioner record eg) /ws/fhir2/{release}}/Practitioner?_id={uuid}"/>
      <exampleBoolean value="false"/>
    </resource>
    <resource>
      <extension url="http://hl7.org/fhir/tools/StructureDefinition/resource-information">
        <valueString value="SearchParameter"/>
      </extension>
      <reference>
        <reference value="SearchParameter/Practitioner-identifier"/>
      </reference>
      <name value="Search through Practitioner endpoint by a given Practitioner"/>
      <description value="Searches for Practitioner by a given Practitioner eg) /ws/fhir2/{release}/Practitioner?identifier={identifier}"/>
      <exampleBoolean value="false"/>
    </resource>
    <resource>
      <extension url="http://hl7.org/fhir/tools/StructureDefinition/resource-information">
        <valueString value="SearchParameter"/>
      </extension>
      <reference>
        <reference value="SearchParameter/Practitioner-lastUpdated"/>
      </reference>
      <name value="Search in Practitioner endpoint basing on Practitioner lastUpdated  attribute"/>
      <description value="Searches based on the Practitioner lastUpdated field for the Practitioner record eg) /ws/fhir2/{release}/Practitioner?_lastUpdated={date-range}"/>
      <exampleBoolean value="false"/>
    </resource>
    <resource>
      <extension url="http://hl7.org/fhir/tools/StructureDefinition/resource-information">
        <valueString value="SearchParameter"/>
      </extension>
      <reference>
        <reference value="SearchParameter/Practitioner.family"/>
      </reference>
      <name value="Search through Practitioner endpoint by the Practitioner's family name"/>
      <description value="Searches for Practitioner based on the Practitioner's family name eg) /ws/fhir2/{release}/Practitioner?family={familyName}"/>
      <exampleBoolean value="false"/>
    </resource>
    <resource>
      <extension url="http://hl7.org/fhir/tools/StructureDefinition/resource-information">
        <valueString value="SearchParameter"/>
      </extension>
      <reference>
        <reference value="SearchParameter/Practitioner.given"/>
      </reference>
      <name value="Search through Practitioner endpoint by the Practitioner's given name"/>
      <description value="Searches for Practitioner based on the Practitioner's given name(s) eg) /ws/fhir2/{release}/Practitioner?given={givenName}"/>
      <exampleBoolean value="false"/>
    </resource>
    <resource>
      <extension url="http://hl7.org/fhir/tools/StructureDefinition/resource-information">
        <valueString value="SearchParameter"/>
      </extension>
      <reference>
        <reference value="SearchParameter/Practitioner.name"/>
      </reference>
      <name value="Search through Practitioner endpoint by the Practitioner's full or partial name"/>
      <description value="Searches for Practitioner based on the Practitioner's full or partial name eg) /ws/fhir2/{release}/Practitioner?name={name}"/>
      <exampleBoolean value="false"/>
    </resource>
    <resource>
      <extension url="http://hl7.org/fhir/tools/StructureDefinition/resource-information">
        <valueString value="SearchParameter"/>
      </extension>
      <reference>
        <reference value="SearchParameter/Task-basedOn"/>
      </reference>
      <name value="Search through FhirTask endpoint by the ServiceRequest Reference uuid"/>
      <description value="Searches for FhirTask based on the ServiceRequest Reference eg) /ws/fhir2/{release}/Task?based-on={ServiceRequestUuid}"/>
      <exampleBoolean value="false"/>
    </resource>
    <resource>
      <extension url="http://hl7.org/fhir/tools/StructureDefinition/resource-information">
        <valueString value="SearchParameter"/>
      </extension>
      <reference>
        <reference value="SearchParameter/Task-id"/>
      </reference>
      <name value="Search in Task endpoint basing on Task uuid attribute"/>
      <description value="Searches based on the Task uuid field for the Task record eg) /ws/fhir2/{release}}/Task?_id={uuid}"/>
      <exampleBoolean value="false"/>
    </resource>
    <resource>
      <extension url="http://hl7.org/fhir/tools/StructureDefinition/resource-information">
        <valueString value="SearchParameter"/>
      </extension>
      <reference>
        <reference value="SearchParameter/Task-lastUpdated"/>
      </reference>
      <name value="Search in Task endpoint basing on Task lastUpdated attribute"/>
      <description value="Searches based on the Task lastUpdated field for the Task record eg) /ws/fhir2/{release}/Task?_lastUpdated={date}"/>
      <exampleBoolean value="false"/>
    </resource>
    <resource>
      <extension url="http://hl7.org/fhir/tools/StructureDefinition/resource-information">
        <valueString value="SearchParameter"/>
      </extension>
      <reference>
        <reference value="SearchParameter/Task-owner"/>
      </reference>
      <name value="Search through FhirTask endpoint by the Organization Reference uuid"/>
      <description value="Searches for FhirTask based on the Organization Reference eg) /ws/fhir2/{release}/Task?owner={uuid}"/>
      <exampleBoolean value="false"/>
    </resource>
    <resource>
      <extension url="http://hl7.org/fhir/tools/StructureDefinition/resource-information">
        <valueString value="SearchParameter"/>
      </extension>
      <reference>
        <reference value="SearchParameter/Task-status"/>
      </reference>
      <name value="Search through FhirTask endpoint by FhirTask status in the current state"/>
      <description value="Searches for FhirTask based on the FhirTask status eg) /ws/fhir2/{release}/Task?status={codeable concept}"/>
      <exampleBoolean value="false"/>
    </resource>
    <resource>
      <extension url="http://hl7.org/fhir/tools/StructureDefinition/resource-information">
        <valueString value="Condition"/>
      </extension>
      <reference>
        <reference value="Condition/a6867095-e2b1-4a68-9aaa-0d161a37ce9c"/>
      </reference>
      <name value="Condition Resource Example"/>
      <description value="Example OMRS Condition"/>
      <exampleCanonical value="http://fhir.openmrs.org/fhir/StructureDefinition/omrs-Condition"/>
    </resource>
    <resource>
      <extension url="http://hl7.org/fhir/tools/StructureDefinition/resource-information">
        <valueString value="SearchParameter"/>
      </extension>
      <reference>
        <reference value="SearchParameter/condition-code"/>
      </reference>
      <name value="Search through condition endpoint by concept code"/>
      <description value="Searches for condition based on the condition concept code eg) /ws/fhir2/{release}/Condition?code={code}"/>
      <exampleBoolean value="false"/>
    </resource>
    <resource>
      <extension url="http://hl7.org/fhir/tools/StructureDefinition/resource-information">
        <valueString value="SearchParameter"/>
      </extension>
      <reference>
        <reference value="SearchParameter/condition-encounter"/>
      </reference>
      <name value="Search through condition endpoint by encounter uuid"/>
      <description value="Searches for condition based on the condition encounter Uuid eg) /ws/fhir2/{release}/Condition?encounter={uuid}"/>
      <exampleBoolean value="false"/>
    </resource>
    <resource>
      <extension url="http://hl7.org/fhir/tools/StructureDefinition/resource-information">
        <valueString value="SearchParameter"/>
      </extension>
      <reference>
        <reference value="SearchParameter/condition-id"/>
      </reference>
      <name value="Search through condition endpoint by service Uuid"/>
      <description value="Searches for condition based on service Uuid eg) /ws/fhir2/{release}/Condition?_id={uuid}"/>
      <exampleBoolean value="false"/>
    </resource>
    <resource>
      <extension url="http://hl7.org/fhir/tools/StructureDefinition/resource-information">
        <valueString value="SearchParameter"/>
      </extension>
      <reference>
        <reference value="SearchParameter/condition-lastUpdated"/>
      </reference>
      <name value="Search through condition endpoint by service lastUpdated field"/>
      <description value="Searches for condition based on service lastUpdated field eg) /openmrs/ws/fhir2/{release}/Condition?_lastUpdated={date}"/>
      <exampleBoolean value="false"/>
    </resource>
    <resource>
      <extension url="http://hl7.org/fhir/tools/StructureDefinition/resource-information">
        <valueString value="SearchParameter"/>
      </extension>
      <reference>
        <reference value="SearchParameter/condition-occurrence"/>
      </reference>
      <name value="Search through condition endpoint by Occurrence when service should occurance"/>
      <description value="Searches for condition based on to occurrent date eg) /ws/fhir2/{release}/Condition?occurrence={date}"/>
      <exampleBoolean value="false"/>
    </resource>
    <resource>
      <extension url="http://hl7.org/fhir/tools/StructureDefinition/resource-information">
        <valueString value="SearchParameter"/>
      </extension>
      <reference>
        <reference value="SearchParameter/condition-patient"/>
      </reference>
      <name value="Search through condition endpoint by patient uuid"/>
      <description value="Searches for condition by a given patient Uuid eg) /ws/fhir2/{release}/Condition?patient={uuid}"/>
      <exampleBoolean value="false"/>
    </resource>
    <resource>
      <extension url="http://hl7.org/fhir/tools/StructureDefinition/resource-information">
        <valueString value="SearchParameter"/>
      </extension>
      <reference>
        <reference value="SearchParameter/condition-patient-identifier"/>
      </reference>
      <name value="Search condition endpoint by patient identifier id"/>
      <description value="Searches for Condition by the patient identifier eg) /ws/fhir2/{release}/Condition?patient.identifier={identifier}"/>
      <exampleBoolean value="false"/>
    </resource>
    <resource>
      <extension url="http://hl7.org/fhir/tools/StructureDefinition/resource-information">
        <valueString value="SearchParameter"/>
      </extension>
      <reference>
        <reference value="SearchParameter/condition-patient.family"/>
      </reference>
      <name value="Search through condition endpoint by the patient's family name"/>
      <description value="Searches for condition based on the patient's family name eg) /ws/fhir2/{release}/Condition?patient.family={familyName}"/>
      <exampleBoolean value="false"/>
    </resource>
    <resource>
      <extension url="http://hl7.org/fhir/tools/StructureDefinition/resource-information">
        <valueString value="SearchParameter"/>
      </extension>
      <reference>
        <reference value="SearchParameter/condition-patient.given"/>
      </reference>
      <name value="Search through condtion endpoint by the patient's given name"/>
      <description value="Searches for condition based on the patient's given name(s) eg) /ws/fhir2/{release}/Condition?patient.given={givenName}"/>
      <exampleBoolean value="false"/>
    </resource>
    <resource>
      <extension url="http://hl7.org/fhir/tools/StructureDefinition/resource-information">
        <valueString value="SearchParameter"/>
      </extension>
      <reference>
        <reference value="SearchParameter/condition-patient.name"/>
      </reference>
      <name value="Search through condition endpoint by the patient's full or partial name"/>
      <description value="Searches for condition based on the  patient's full or partial name eg) /ws/fhir2/{release}/Condition?patient.name={name}"/>
      <exampleBoolean value="false"/>
    </resource>
    <resource>
      <extension url="http://hl7.org/fhir/tools/StructureDefinition/resource-information">
        <valueString value="SearchParameter"/>
      </extension>
      <reference>
        <reference value="SearchParameter/condition-requester"/>
      </reference>
      <name value="Search through condition endpoint by Practitioner uuid"/>
      <description value="Searches for condition by Practitioner uuid who requested the service eg) /ws/fhir2/{release}/Condition?requester:Practitioner={uuid}"/>
      <exampleBoolean value="false"/>
    </resource>
    <resource>
      <extension url="http://hl7.org/fhir/tools/StructureDefinition/resource-information">
        <valueString value="SearchParameter"/>
      </extension>
      <reference>
        <reference value="SearchParameter/condition-requester-identifier"/>
      </reference>
      <name value="Search through condition endpoint by Practitioner identifier"/>
      <description value="Searches for condition by the Practitioner identifier eg) /ws/fhir2/{release}/Condition?requester:Practitioner.identifier={identifier}"/>
      <exampleBoolean value="false"/>
    </resource>
    <resource>
      <extension url="http://hl7.org/fhir/tools/StructureDefinition/resource-information">
        <valueString value="SearchParameter"/>
      </extension>
      <reference>
        <reference value="SearchParameter/condition-requester-name"/>
      </reference>
      <name value="Search through condition endpoint by Practitioner name"/>
      <description value="Searches for condition based on the Practitioner's full or partial name eg) /ws/fhir2/{release}/Condition?requester:Practitioner.name={name}"/>
      <exampleBoolean value="false"/>
    </resource>
    <resource>
      <extension url="http://hl7.org/fhir/tools/StructureDefinition/resource-information">
        <valueString value="SearchParameter"/>
      </extension>
      <reference>
        <reference value="SearchParameter/condition-subject"/>
      </reference>
      <name value="Search through condition endpoint by subject uuid"/>
      <description value="Searches for condition by a given subject eg) /ws/fhir2/{release}/condition?subject:Patient={patientUuid}"/>
      <exampleBoolean value="false"/>
    </resource>
    <resource>
      <extension url="http://hl7.org/fhir/tools/StructureDefinition/resource-information">
        <valueString value="SearchParameter"/>
      </extension>
      <reference>
        <reference value="SearchParameter/condition-subject-family"/>
      </reference>
      <name value="Search through condtion endpoint by subject family"/>
      <description value="Searches for condition based on the patient's family name eg) /ws/fhir2/{release}/Condition?subject:Patient.family={familyName}"/>
      <exampleBoolean value="false"/>
    </resource>
    <resource>
      <extension url="http://hl7.org/fhir/tools/StructureDefinition/resource-information">
        <valueString value="SearchParameter"/>
      </extension>
      <reference>
        <reference value="SearchParameter/condition-subject-given"/>
      </reference>
      <name value="Search through condition endpoint by subject given"/>
      <description value="Searches for condition based on the patient's given name(s) eg) /ws/fhir2/{release}/Condition?subject:Patient.given={givenName}"/>
      <exampleBoolean value="false"/>
    </resource>
    <resource>
      <extension url="http://hl7.org/fhir/tools/StructureDefinition/resource-information">
        <valueString value="SearchParameter"/>
      </extension>
      <reference>
        <reference value="SearchParameter/condition-subject-identifier"/>
      </reference>
      <name value="Search through condition endpoint by subject identifier"/>
      <description value="Searches for condition by the patient identifier eg) /ws/fhir2/{release}/Condition?subject:Patient.identifier={identifier}"/>
      <exampleBoolean value="false"/>
    </resource>
    <resource>
      <extension url="http://hl7.org/fhir/tools/StructureDefinition/resource-information">
        <valueString value="SearchParameter"/>
      </extension>
      <reference>
        <reference value="SearchParameter/condition-subject-name"/>
      </reference>
      <name value="Search through condition endpoint by subject name"/>
      <description value="Searches for condition based on the patient's full or partial name eg) /ws/fhir2/{release}/Condition?subject:Patient.name={name}"/>
      <exampleBoolean value="false"/>
    </resource>
    <resource>
      <extension url="http://hl7.org/fhir/tools/StructureDefinition/resource-information">
        <valueString value="Task"/>
      </extension>
      <reference>
        <reference value="Task/e8f8d71a-6c14-4105-b6fe-30f3cf6b7dc9"/>
      </reference>
      <name value="Openmrs Task"/>
      <description value="Example OMRS Task Resource"/>
      <exampleCanonical value="http://fhir.openmrs.org/fhir/StructureDefinition/OpenMRS-task"/>
    </resource>
    <resource>
      <extension url="http://hl7.org/fhir/tools/StructureDefinition/resource-information">
        <valueString value="Observation"/>
      </extension>
      <reference>
        <reference value="Observation/example-openmrs-Observation"/>
      </reference>
      <name value="Openmrs Observation"/>
      <description value="Example OMRS Observation Resource"/>
      <exampleCanonical value="http://fhir.openmrs.org/fhir/StructureDefinition/OpenMRS-observation"/>
    </resource>
    <resource>
      <extension url="http://hl7.org/fhir/tools/StructureDefinition/resource-information">
        <valueString value="Patient"/>
      </extension>
      <reference>
        <reference value="Patient/example-openmrs-Patient"/>
      </reference>
      <name value="Openmrs Patient"/>
      <description value="Example OMRS Patient Resource"/>
      <exampleCanonical value="http://fhir.openmrs.org/fhir/StructureDefinition/omrs-patient"/>
    </resource>
    <resource>
      <extension url="http://hl7.org/fhir/tools/StructureDefinition/resource-information">
        <valueString value="ServiceRequest"/>
      </extension>
      <reference>
        <reference value="ServiceRequest/example-openmrs-ServiceRequest"/>
      </reference>
      <name value="Openmrs serviceRequest"/>
      <description value="Example OMRS Service Request Resource"/>
      <exampleCanonical value="http://fhir.openmrs.org/fhir/StructureDefinition/OpenMRS-service-request"/>
    </resource>
    <resource>
      <extension url="http://hl7.org/fhir/tools/StructureDefinition/resource-information">
        <valueString value="Person"/>
      </extension>
      <reference>
        <reference value="Person/example-openmrs-person"/>
      </reference>
      <name value="Openmrs Person"/>
      <description value="Example OMRS Person Resource"/>
      <exampleCanonical value="http://fhir.openmrs.org/fhir/StructureDefinition/omrs-person"/>
    </resource>
    <resource>
      <extension url="http://hl7.org/fhir/tools/StructureDefinition/resource-information">
        <valueString value="SearchParameter"/>
      </extension>
      <reference>
        <reference value="SearchParameter/group-Search-entity-paramenter"/>
      </reference>
      <name value="Search in group endpoint using Managing entity Reference"/>
      <description value="Search for a group  basing on managing entity Reference(Practitioner)"/>
      <exampleBoolean value="false"/>
    </resource>
    <resource>
      <extension url="http://hl7.org/fhir/tools/StructureDefinition/resource-information">
        <valueString value="SearchParameter"/>
      </extension>
      <reference>
        <reference value="SearchParameter/location-address-city"/>
      </reference>
      <name value="Search in Location endpoint basing on location address-city attribute"/>
      <description value="Searches based on the address-city field for the location record eg) /ws/fhir2/{release}/Location?address-city={city}"/>
      <exampleBoolean value="false"/>
    </resource>
    <resource>
      <extension url="http://hl7.org/fhir/tools/StructureDefinition/resource-information">
        <valueString value="SearchParameter"/>
      </extension>
      <reference>
        <reference value="SearchParameter/location-address-country"/>
      </reference>
      <name value="Search in Location endpoint basing on location address-country attribute"/>
      <description value="Searches based on the address-country field for the location record eg) /ws/fhir2/{release}/Location?address-country={country}"/>
      <exampleBoolean value="false"/>
    </resource>
    <resource>
      <extension url="http://hl7.org/fhir/tools/StructureDefinition/resource-information">
        <valueString value="SearchParameter"/>
      </extension>
      <reference>
        <reference value="SearchParameter/location-address-postalcode"/>
      </reference>
      <name value="Search in Location endpoint basing on location address-postalcode attribute"/>
      <description value="Searches based on the address-postalcode field for the location record eg) /ws/fhir2/{release}/Location?address-postalcode={postalCode}"/>
      <exampleBoolean value="false"/>
    </resource>
    <resource>
      <extension url="http://hl7.org/fhir/tools/StructureDefinition/resource-information">
        <valueString value="SearchParameter"/>
      </extension>
      <reference>
        <reference value="SearchParameter/location-address-state"/>
      </reference>
      <name value="Search in Location endpoint basing on location address-state attribute"/>
      <description value="Searches based on the address-state field for the location record eg) /ws/fhir2/{release}/Location?address-state={state}"/>
      <exampleBoolean value="false"/>
    </resource>
    <resource>
      <extension url="http://hl7.org/fhir/tools/StructureDefinition/resource-information">
        <valueString value="SearchParameter"/>
      </extension>
      <reference>
        <reference value="SearchParameter/location-id"/>
      </reference>
      <name value="Search in Location endpoint basing on location uuid  attribute"/>
      <description value="Searches based on the location uuid field for the location record eg) /ws/fhir2/{release}/Location?_id={uuid}"/>
      <exampleBoolean value="false"/>
    </resource>
    <resource>
      <extension url="http://hl7.org/fhir/tools/StructureDefinition/resource-information">
        <valueString value="SearchParameter"/>
      </extension>
      <reference>
        <reference value="SearchParameter/location-lastUpdated"/>
      </reference>
      <name value="Search in Location endpoint basing on location lastUpdated  attribute"/>
      <description value="Searches based on the location lastUpdated field for the location record eg) /ws/fhir2/{release}/Location?_lastUpdated={date}"/>
      <exampleBoolean value="false"/>
    </resource>
    <resource>
      <extension url="http://hl7.org/fhir/tools/StructureDefinition/resource-information">
        <valueString value="SearchParameter"/>
      </extension>
      <reference>
        <reference value="SearchParameter/location-name"/>
      </reference>
      <name value="Search in Location endpoint basing on location name attribute"/>
      <description value="Searches based on the name field for the location record eg) /ws/fhir2/{release}/Location?name={name}"/>
      <exampleBoolean value="false"/>
    </resource>
    <resource>
      <extension url="http://hl7.org/fhir/tools/StructureDefinition/resource-information">
        <valueString value="SearchParameter"/>
      </extension>
      <reference>
        <reference value="SearchParameter/location-partof"/>
      </reference>
      <name value="Search in Location endpoint basing on location partof attribute"/>
      <description value="Searches based on the partof field for the location record eg) /ws/fhir2/{release}/Location?partof={reference}"/>
      <exampleBoolean value="false"/>
    </resource>
    <resource>
      <extension url="http://hl7.org/fhir/tools/StructureDefinition/resource-information">
        <valueString value="SearchParameter"/>
      </extension>
      <reference>
        <reference value="SearchParameter/location-partof-name"/>
      </reference>
      <name value="Search in Location endpoint basing on location partof reference location name attribute"/>
      <description value="Searches based on the partof location reference name field for the location record eg) /ws/fhir2/{release}/Location?partof.name={name}"/>
      <exampleBoolean value="false"/>
    </resource>
    <resource>
      <extension url="http://hl7.org/fhir/tools/StructureDefinition/resource-information">
        <valueString value="SearchParameter"/>
      </extension>
      <reference>
        <reference value="SearchParameter/location-tag"/>
      </reference>
      <name value="Search in Location endpoint basing on location tag attribute"/>
      <description value="Searches based on the tag field for the location record eg) /ws/fhir2/{release}/Location?_tag={tag}"/>
      <exampleBoolean value="false"/>
    </resource>
    <resource>
      <extension url="http://hl7.org/fhir/tools/StructureDefinition/resource-information">
        <valueString value="SearchParameter"/>
      </extension>
      <reference>
        <reference value="SearchParameter/serviceRequest-code"/>
      </reference>
      <name value="Search through serviceRequest endpoint by concept code"/>
      <description value="Searches for serviceRequest based on the serviceRequest concept code eg) /ws/fhir2/{release}/ServiceRequest?code={code}"/>
      <exampleBoolean value="false"/>
    </resource>
    <resource>
      <extension url="http://hl7.org/fhir/tools/StructureDefinition/resource-information">
        <valueString value="SearchParameter"/>
      </extension>
      <reference>
        <reference value="SearchParameter/serviceRequest-encounter"/>
      </reference>
      <name value="Search through serviceRequest endpoint by encounter uuid"/>
      <description value="Searches for serviceRequest based on the serviceRequest encounter Uuid eg) /ws/fhir2/{release}/ServiceRequest?encounter={uuid}"/>
      <exampleBoolean value="false"/>
    </resource>
    <resource>
      <extension url="http://hl7.org/fhir/tools/StructureDefinition/resource-information">
        <valueString value="SearchParameter"/>
      </extension>
      <reference>
        <reference value="SearchParameter/serviceRequest-id"/>
      </reference>
      <name value="Search through serviceRequest endpoint by service Uuid"/>
      <description value="Searches for serviceRequest based on service Uuid eg) /ws/fhir2/{release}/ServiceRequest?_id={uuid}"/>
      <exampleBoolean value="false"/>
    </resource>
    <resource>
      <extension url="http://hl7.org/fhir/tools/StructureDefinition/resource-information">
        <valueString value="SearchParameter"/>
      </extension>
      <reference>
        <reference value="SearchParameter/serviceRequest-lastUpdated"/>
      </reference>
      <name value="Search through serviceRequest endpoint by service lastUpdated field"/>
      <description value="Searches for serviceRequest based on service lastUpdated field eg) /openmrs/ws/fhir2/{release}/ServiceRequest?_lastUpdated={date}"/>
      <exampleBoolean value="false"/>
    </resource>
    <resource>
      <extension url="http://hl7.org/fhir/tools/StructureDefinition/resource-information">
        <valueString value="SearchParameter"/>
      </extension>
      <reference>
        <reference value="SearchParameter/serviceRequest-occurrence"/>
      </reference>
      <name value="Search through serviceRequest endpoint by Occurrence when service should occurance"/>
      <description value="Searches for serviceRequest based on to occurrent date eg) /ws/fhir2/{release}/ServiceRequest?occurrence={date}"/>
      <exampleBoolean value="false"/>
    </resource>
    <resource>
      <extension url="http://hl7.org/fhir/tools/StructureDefinition/resource-information">
        <valueString value="SearchParameter"/>
      </extension>
      <reference>
        <reference value="SearchParameter/serviceRequest-patient"/>
      </reference>
      <name value="Search through serviceRequest endpoint by patient uuid"/>
      <description value="Searches for serviceRequest by a given patient Uuid eg) /ws/fhir2/{release}/ServiceRequest?patient={uuid}"/>
      <exampleBoolean value="false"/>
    </resource>
    <resource>
      <extension url="http://hl7.org/fhir/tools/StructureDefinition/resource-information">
        <valueString value="SearchParameter"/>
      </extension>
      <reference>
        <reference value="SearchParameter/serviceRequest-patient-identifier"/>
      </reference>
      <name value="Search serviceRequest endpoint by patient identifier id"/>
      <description value="Searches for ServiceRequest by the patient identifier eg) /ws/fhir2/{release}/ServiceRequest?patient.identifier={identifier}"/>
      <exampleBoolean value="false"/>
    </resource>
    <resource>
      <extension url="http://hl7.org/fhir/tools/StructureDefinition/resource-information">
        <valueString value="SearchParameter"/>
      </extension>
      <reference>
        <reference value="SearchParameter/serviceRequest-patient.family"/>
      </reference>
      <name value="Search through serviceRequest endpoint by the patient's family name"/>
      <description value="Searches for serviceRequest based on the patient's family name eg) /ws/fhir2/{release}/ServiceRequest?patient.family={familyName}"/>
      <exampleBoolean value="false"/>
    </resource>
    <resource>
      <extension url="http://hl7.org/fhir/tools/StructureDefinition/resource-information">
        <valueString value="SearchParameter"/>
      </extension>
      <reference>
        <reference value="SearchParameter/serviceRequest-patient.given"/>
      </reference>
      <name value="Search through serviceRequest endpoint by the patient's given name"/>
      <description value="Searches for serviceRequest based on the patient's given name(s) eg) /ws/fhir2/{release}/ServiceRequest?patient.given={givenName}"/>
      <exampleBoolean value="false"/>
    </resource>
    <resource>
      <extension url="http://hl7.org/fhir/tools/StructureDefinition/resource-information">
        <valueString value="SearchParameter"/>
      </extension>
      <reference>
        <reference value="SearchParameter/serviceRequest-patient.name"/>
      </reference>
      <name value="Search through serviceRequest endpoint by the patient's full or partial name"/>
      <description value="Searches for serviceRequest based on the patient's full or partial name eg) /ws/fhir2/{release}/ServiceRequest?patient.name={name}"/>
      <exampleBoolean value="false"/>
    </resource>
    <resource>
      <extension url="http://hl7.org/fhir/tools/StructureDefinition/resource-information">
        <valueString value="SearchParameter"/>
      </extension>
      <reference>
        <reference value="SearchParameter/serviceRequest-requester"/>
      </reference>
      <name value="Search through serviceRequest endpoint by Practitioner uuid"/>
      <description value="Searches for serviceRequest by Practitioner uuid who requested the service eg) /ws/fhir2/{release}/ServiceRequest?requester:Practitioner={uuid}"/>
      <exampleBoolean value="false"/>
    </resource>
    <resource>
      <extension url="http://hl7.org/fhir/tools/StructureDefinition/resource-information">
        <valueString value="SearchParameter"/>
      </extension>
      <reference>
        <reference value="SearchParameter/serviceRequest-requester-family"/>
      </reference>
      <name value="Search through serviceRequest endpoint by Practitioner family"/>
      <description value="Searches for serviceRequest based on the Practitioner's family name eg) /ws/fhir2/{release}/ServiceRequest?requester:Practitioner.family={familyName}"/>
      <exampleBoolean value="false"/>
    </resource>
    <resource>
      <extension url="http://hl7.org/fhir/tools/StructureDefinition/resource-information">
        <valueString value="SearchParameter"/>
      </extension>
      <reference>
        <reference value="SearchParameter/serviceRequest-requester-given"/>
      </reference>
      <name value="Search through serviceRequest endpoint by Practitioner given"/>
      <description value="Searches for serviceRequest based on the Practitioner's given name(s) eg) /ws/fhir2/{release}/ServiceRequest?requester:Practitioner.given={givenName}"/>
      <exampleBoolean value="false"/>
    </resource>
    <resource>
      <extension url="http://hl7.org/fhir/tools/StructureDefinition/resource-information">
        <valueString value="SearchParameter"/>
      </extension>
      <reference>
        <reference value="SearchParameter/serviceRequest-requester-identifier"/>
      </reference>
      <name value="Search through serviceRequest endpoint by Practitioner identifier"/>
      <description value="Searches for serviceRequest by the Practitioner identifier eg) /ws/fhir2/{release}/ServiceRequest?requester:Practitioner.identifier={identifier}"/>
      <exampleBoolean value="false"/>
    </resource>
    <resource>
      <extension url="http://hl7.org/fhir/tools/StructureDefinition/resource-information">
        <valueString value="SearchParameter"/>
      </extension>
      <reference>
        <reference value="SearchParameter/serviceRequest-requester-name"/>
      </reference>
      <name value="Search through serviceRequest endpoint by Practitioner name"/>
      <description value="Searches for serviceRequest based on the Practitioner's full or partial name eg) /ws/fhir2/{release}/ServiceRequest?requester:Practitioner.name={name}"/>
      <exampleBoolean value="false"/>
    </resource>
    <resource>
      <extension url="http://hl7.org/fhir/tools/StructureDefinition/resource-information">
        <valueString value="SearchParameter"/>
      </extension>
      <reference>
        <reference value="SearchParameter/serviceRequest-subject"/>
      </reference>
      <name value="Search through serviceRequest endpoint by subject uuid"/>
      <description value="Searches for serviceRequest by a given subject eg) /ws/fhir2/{release}/ServiceRequest?subject:Patient={patientUuid}"/>
      <exampleBoolean value="false"/>
    </resource>
    <resource>
      <extension url="http://hl7.org/fhir/tools/StructureDefinition/resource-information">
        <valueString value="SearchParameter"/>
      </extension>
      <reference>
        <reference value="SearchParameter/serviceRequest-subject-family"/>
      </reference>
      <name value="Search through serviceRequest endpoint by subject family"/>
      <description value="Searches for serviceRequest based on the patient's family name eg) /ws/fhir2/{release}/ServiceRequest?subject:Patient.family={familyName}"/>
      <exampleBoolean value="false"/>
    </resource>
    <resource>
      <extension url="http://hl7.org/fhir/tools/StructureDefinition/resource-information">
        <valueString value="SearchParameter"/>
      </extension>
      <reference>
        <reference value="SearchParameter/serviceRequest-subject-given"/>
      </reference>
      <name value="Search through serviceRequest endpoint by subject given"/>
      <description value="Searches for serviceRequest based on the patient's given name(s) eg) /ws/fhir2/{release}/ServiceRequest?subject:Patient.given={givenName}"/>
      <exampleBoolean value="false"/>
    </resource>
    <resource>
      <extension url="http://hl7.org/fhir/tools/StructureDefinition/resource-information">
        <valueString value="SearchParameter"/>
      </extension>
      <reference>
        <reference value="SearchParameter/serviceRequest-subject-identifier"/>
      </reference>
      <name value="Search through serviceRequest endpoint by subject identifier"/>
      <description value="Searches for serviceRequest by the patient identifier eg) /ws/fhir2/{release}/ServiceRequest?subject:Patient.identifier={identifier}"/>
      <exampleBoolean value="false"/>
    </resource>
    <resource>
      <extension url="http://hl7.org/fhir/tools/StructureDefinition/resource-information">
        <valueString value="SearchParameter"/>
      </extension>
      <reference>
        <reference value="SearchParameter/serviceRequest-subject-name"/>
      </reference>
      <name value="Search through serviceRequest endpoint by subject name"/>
      <description value="Searches for serviceRequest based on the patient's full or partial name eg) /ws/fhir2/{release}/ServiceRequest?subject:Patient.name={name}"/>
      <exampleBoolean value="false"/>
    </resource>
    <page>
      <extension url="http://hl7.org/fhir/tools/StructureDefinition/ig-page-name">
        <valueUrl value="toc.html"/>
      </extension>
      <nameUrl value="toc.html"/>
      <title value="Table of Contents"/>
      <generation value="html"/>
      <page>
        <extension url="http://hl7.org/fhir/tools/StructureDefinition/ig-page-name">
          <valueUrl value="index.html"/>
        </extension>
        <nameUrl value="index.html"/>
        <title value="Home"/>
        <generation value="markdown"/>
      </page>
      <page>
        <extension url="http://hl7.org/fhir/tools/StructureDefinition/ig-page-name">
          <valueUrl value="changes.html"/>
        </extension>
        <nameUrl value="changes.html"/>
        <title value="Changes"/>
        <generation value="markdown"/>
      </page>
    </page>
    <parameter>
      <code value="path-resource"/>
      <value value="input/capabilities"/>
    </parameter>
    <parameter>
      <code value="path-resource"/>
      <value value="input/examples"/>
    </parameter>
    <parameter>
      <code value="path-resource"/>
      <value value="input/extensions"/>
    </parameter>
    <parameter>
      <code value="path-resource"/>
      <value value="input/models"/>
    </parameter>
    <parameter>
      <code value="path-resource"/>
      <value value="input/operations"/>
    </parameter>
    <parameter>
      <code value="path-resource"/>
      <value value="input/profiles"/>
    </parameter>
    <parameter>
      <code value="path-resource"/>
      <value value="input/resources"/>
    </parameter>
    <parameter>
      <code value="path-resource"/>
      <value value="input/vocabulary"/>
    </parameter>
    <parameter>
      <code value="path-resource"/>
      <value value="input/maps"/>
    </parameter>
    <parameter>
      <code value="path-resource"/>
      <value value="input/testing"/>
    </parameter>
    <parameter>
      <code value="path-resource"/>
      <value value="input/history"/>
    </parameter>
    <parameter>
      <code value="path-resource"/>
      <value value="fsh-generated/resources"/>
    </parameter>
    <parameter>
      <code value="path-pages"/>
      <value value="template/config"/>
    </parameter>
    <parameter>
      <code value="path-pages"/>
      <value value="input/images"/>
    </parameter>
    <parameter>
      <code value="path-tx-cache"/>
      <value value="input-cache/txcache"/>
    </parameter>
  </definition>
</ImplementationGuide>