<?xml version="1.0" encoding="UTF-8"?>

<Person xmlns="http://hl7.org/fhir">
  <id value="68f44d7f-eb5a-40e9-aa4d-0cc0cc522866"/>
  <meta>
    <profile value="http://fhir.openmrs.org/core/StructureDefinition/omrs-person"/>
  </meta>
  <text>
    <status value="generated"/><div xmlns="http://www.w3.org/1999/xhtml"><p class="res-header-id"><b>Generated Narrative: Person 68f44d7f-eb5a-40e9-aa4d-0cc0cc522866</b></p><a name="68f44d7f-eb5a-40e9-aa4d-0cc0cc522866"> </a><a name="hc68f44d7f-eb5a-40e9-aa4d-0cc0cc522866"> </a><a name="68f44d7f-eb5a-40e9-aa4d-0cc0cc522866-en-US"> </a><p><b>identifier</b>: OpenMRS ID/1000Y (use: official, )</p><p><b>name</b>: Smith John </p><p><b>gender</b>: Male</p><p><b>birthDate</b>: 2001-09-08</p><p><b>address</b>: Ntungamo Uganda (home)</p><p><b>active</b>: true</p></div>
  </text>
  <identifier id="53fbd0ef-ae10-46a0-9d0a-387917a66d6e">
    <use value="official"/>
    <type>
      <coding>
        <system value="http://terminology.hl7.org/CodeSystem/v2-0203"/>
        <code value="MR"/>
      </coding>
      <text value="OpenMRS ID"/>
    </type>
    <value value="1000Y"/>
  </identifier>
  <name id="915c9146-8bdb-4fad-bc51-4af10d041c86">
    <family value="John"/>
    <given value="Smith"/>
  </name>
  <gender value="male"/>
  <birthDate value="2001-09-08"/>
  <address>
    <use value="home"/>
    <city value="Ntungamo"/>
    <district value="Ntungamo"/>
    <country value="Uganda"/>
  </address>
  <active value="true"/>
</Person>