<?xml version="1.0" encoding="UTF-8"?>

<SearchParameter xmlns="http://hl7.org/fhir">
  <id value="Practitioner.name"/>
  <text>
    <status value="generated"/><div xmlns="http://www.w3.org/1999/xhtml"><h2>PractitionerNameSearchParameter</h2><p>Parameter <code>practitioner.name</code>:<code>string</code></p><div><p>Searches for Practitioner based on the Practitioner's full or partial name eg) /ws/fhir2/{release}/Practitioner?name={name}</p>
</div><table class="grid"><tr><td>Resource</td><td><a href="http://hl7.org/fhir/R4/practitioner.html">Practitioner</a></td></tr><tr><td>Expression</td><td>(none)</td></tr><tr><td>Target Resources</td><td><a href="http://hl7.org/fhir/R4/practitioner.html">Practitioner</a></td></tr><tr><td>Multiples</td><td>The parameter cannot repeat or have multiple values</td></tr></table></div>
  </text>
  <url value="http://fhir.openmrs.org/fhir/SearchParameter/Practitioner.name"/>
  <version value="0.1.0"/>
  <name value="PractitionerNameSearchParameter"/>
  <status value="active"/>
  <date value="2023-03-09T17:04:20+00:00"/>
  <contact>
    <name value="OpenMRS, Inc."/>
    <telecom>
      <system value="url"/>
      <value value="https://openmrs.org"/>
    </telecom>
  </contact>
  <description value="Searches for Practitioner based on the Practitioner's full or partial name eg) /ws/fhir2/{release}/Practitioner?name={name}"/>
  <code value="practitioner.name"/>
  <base value="Practitioner"/>
  <type value="string"/>
  <target value="Practitioner"/>
</SearchParameter>