<?xml version="1.0" encoding="UTF-8"?>

<SearchParameter xmlns="http://hl7.org/fhir">
  <id value="relatedperson-address-state"/>
  <text>
    <status value="generated"/><div xmlns="http://www.w3.org/1999/xhtml"><p class="res-header-id"><b>Generated Narrative: SearchParameter relatedperson-address-state</b></p><a name="relatedperson-address-state"> </a><a name="hcrelatedperson-address-state"> </a><a name="relatedperson-address-state-en-US"> </a><h2>RelatedPersonStateSearchParameter</h2><p>Parameter <code>address-state</code>:<code>string</code></p><div><p>Searches for RelatedPerson based on state of address</p>
</div><table class="grid"><tr><td>Resource</td><td><a href="http://hl7.org/fhir/R4/relatedperson.html">RelatedPerson</a></td></tr><tr><td>Expression</td><td>(none)</td></tr><tr><td>Target Resources</td><td><a href="http://hl7.org/fhir/R4/relatedperson.html">RelatedPerson</a></td></tr><tr><td>Multiples</td><td><ul><li>multipleAnd: It's up to the server whether the parameter may repeat in order to specify multiple values that must all be true</li><li>multipleOr: It's up to the server whether the parameter can have multiple values (separated by comma) where at least one must be true</li></ul></td></tr></table></div>
  </text>
  <url value="http://fhir.openmrs.org/core/SearchParameter/relatedperson-address-state"/>
  <version value="0.1.0"/>
  <name value="RelatedPersonStateSearchParameter"/>
  <status value="active"/>
  <date value="2024-12-11T17:17:27+00:00"/>
  <contact>
    <name value="OpenMRS, Inc."/>
    <telecom>
      <system value="url"/>
      <value value="https://openmrs.org"/>
    </telecom>
  </contact>
  <description value="Searches for RelatedPerson based on state of address"/>
  <code value="address-state"/>
  <base value="RelatedPerson"/>
  <type value="string"/>
  <target value="RelatedPerson"/>
</SearchParameter>