<?xml version="1.0" encoding="UTF-8"?>

<SearchParameter xmlns="http://hl7.org/fhir">
  <id value="serviceRequest-requester-family"/>
  <text>
    <status value="generated"/><div xmlns="http://www.w3.org/1999/xhtml"><h2>serviceRequestRequesterfamilySearchParameter</h2><p>Parameter <code>requester.family</code>:<code>string</code></p><div><p>Searches for serviceRequest based on the Practitioner's family name eg) /ws/fhir2/{release}/ServiceRequest?requester:Practitioner.family={familyName}</p>
</div><table class="grid"><tr><td>Resource</td><td><a href="http://hl7.org/fhir/R4/servicerequest.html">ServiceRequest</a></td></tr><tr><td>Expression</td><td>(none)</td></tr><tr><td>Target Resources</td><td><a href="http://hl7.org/fhir/R4/servicerequest.html">ServiceRequest</a></td></tr><tr><td>Multiples</td><td>The parameter cannot repeat or have multiple values</td></tr></table></div>
  </text>
  <url value="http://fhir.openmrs.org/fhir/SearchParameter/serviceRequest-requester-family"/>
  <version value="0.1.0"/>
  <name value="serviceRequestRequesterfamilySearchParameter"/>
  <status value="active"/>
  <date value="2023-05-01T15:55:39+00:00"/>
  <contact>
    <name value="OpenMRS, Inc."/>
    <telecom>
      <system value="url"/>
      <value value="https://openmrs.org"/>
    </telecom>
  </contact>
  <description value="Searches for serviceRequest based on the Practitioner's family name eg) /ws/fhir2/{release}/ServiceRequest?requester:Practitioner.family={familyName}"/>
  <code value="requester.family"/>
  <base value="ServiceRequest"/>
  <type value="string"/>
  <target value="ServiceRequest"/>
</SearchParameter>