<?xml version="1.0" encoding="UTF-8"?>

<SearchParameter xmlns="http://hl7.org/fhir">
  <id value="group-Search-entity-paramenter"/>
  <text>
    <status value="generated"/><div xmlns="http://www.w3.org/1999/xhtml"><h2>GroupManagingEnityReference</h2><p>Parameter <code>reference</code>:<code>reference</code></p><div><p>Search for a group  basing on managing entity Reference(Practitioner)</p>
</div><table class="grid"><tr><td>Resource</td><td><a href="http://hl7.org/fhir/R4/group.html">Group</a></td></tr><tr><td>Expression</td><td><code>Group.member.entity</code></td></tr><tr><td>Multiples</td><td>The parameter cannot repeat or have multiple values</td></tr></table></div>
  </text>
  <url value="http://fhir.openmrs.org/fhir/SearchParameter/group-Search-entity-paramenter"/>
  <version value="0.1.0"/>
  <name value="GroupManagingEnityReference"/>
  <status value="active"/>
  <date value="2023-03-16T09:46:21+00:00"/>
  <contact>
    <name value="OpenMRS, Inc."/>
    <telecom>
      <system value="url"/>
      <value value="https://openmrs.org"/>
    </telecom>
  </contact>
  <description value="Search for a group  basing on managing entity Reference(Practitioner)"/>
  <code value="reference"/>
  <base value="Group"/>
  <type value="reference"/>
  <expression value="Group.member.entity"/>
</SearchParameter>