{
  "resourceType" : "Condition",
  "id" : "a6867095-e2b1-4a68-9aaa-0d161a37ce9c",
  "meta" : {
    "profile" : ["http://fhir.openmrs.org/core/StructureDefinition/omrs-Condition"]
  },
  "text" : {
    "status" : "generated",
    "div" : "<div xmlns=\"http://www.w3.org/1999/xhtml\"><p class=\"res-header-id\"><b>Generated Narrative: Condition a6867095-e2b1-4a68-9aaa-0d161a37ce9c</b></p><a name=\"a6867095-e2b1-4a68-9aaa-0d161a37ce9c\"> </a><a name=\"hca6867095-e2b1-4a68-9aaa-0d161a37ce9c\"> </a><a name=\"a6867095-e2b1-4a68-9aaa-0d161a37ce9c-en-US\"> </a><p><b>code</b>: <span title=\"Codes:{https://openconceptlab.org/orgs/CIEL/sources/CIEL 116128}\">116128</span></p><p><b>subject</b>: <a href=\"Patient-example-openmrs-Patient.html\">Horatio Hornblower (OpenMRS ID:101-6)</a></p><p><b>recordedDate</b>: 2019-06-18 06:37:26+0300</p></div>"
  },
  "code" : {
    "coding" : [{
      "system" : "https://openconceptlab.org/orgs/CIEL/sources/CIEL",
      "code" : "116128"
    }]
  },
  "subject" : {
    "reference" : "Patient/example-openmrs-Patient",
    "type" : "Patient",
    "identifier" : {
      "use" : "official",
      "value" : "101-6"
    },
    "display" : "Horatio Hornblower (OpenMRS ID:101-6)"
  },
  "recordedDate" : "2019-06-18T06:37:26+03:00"
}