{
  "resourceType": "Location",
  "id": "LocationExample",
  "meta": {
    "profile": [
      "http://fhir.openmrs.org/fhir/StructureDefinition/omrs-location"
    ]
  },
  "text": {
    "status": "generated",
    "div": "<div xmlns=\"http://www.w3.org/1999/xhtml\"><p><b>Generated Narrative: Location</b></p><div style=\"display: inline-block; background-color: #d9e0e7; padding: 6px; margin: 4px; border: 1px solid #8da1b4; border-radius: 5px; line-height: 60%\"><p style=\"margin-bottom: 0px\">Resource Location \"LocationExample\" </p><p style=\"margin-bottom: 0px\">Profile: <a href=\"StructureDefinition-omrs-location.html\">OpenMRS Location</a></p></div><p><b>identifier</b>: id: ?ngen-9?</p><p><b>status</b>: active</p><p><b>name</b>: Outpatient Clinic</p><p><b>telecom</b>: (555) 675 5745</p><p><b>address</b>: Kampala Uganda 256 Uganda (HOME)</p><h3>Positions</h3><table class=\"grid\"><tr><td>-</td><td><b>Longitude</b></td><td><b>Latitude</b></td></tr><tr><td>*</td><td>-25.087541</td><td>8.206053</td></tr></table></div>"
  },
  "identifier": [
    {
      "id": "2daccc0e-654c-4130-9693-a84f328f045e"
    }
  ],
  "status": "active",
  "name": "Outpatient Clinic",
  "telecom": [
    {
      "id": "e85ab215-a425-4c22-9452-5c8e9f6d1e52",
      "value": "(555) 675 5745"
    }
  ],
  "address": {
    "use": "home",
    "city": "Kampala",
    "district": "Mukono",
    "state": "Uganda",
    "postalCode": "256",
    "country": "Uganda"
  },
  "position": {
    "longitude": -25.087541,
    "latitude": 8.206053
  }
}