{
  "resourceType" : "Organization",
  "id" : "e05c3693-4bcf-4e14-8900-86582265c659",
  "text" : {
    "status" : "generated",
    "div" : "<div xmlns=\"http://www.w3.org/1999/xhtml\"><p><b>Generated Narrative: Organization</b><a name=\"e05c3693-4bcf-4e14-8900-86582265c659\"> </a></p><div style=\"display: inline-block; background-color: #d9e0e7; padding: 6px; margin: 4px; border: 1px solid #8da1b4; border-radius: 5px; line-height: 60%\"><p style=\"margin-bottom: 0px\">Resource Organization &quot;e05c3693-4bcf-4e14-8900-86582265c659&quot; </p></div><p><b>active</b>: true</p><p><b>name</b>: Clinical Laboratory - Acme Hospital</p></div>"
  },
  "active" : true,
  "name" : "Clinical Laboratory - Acme Hospital"
}