{
  "resourceType" : "SearchParameter",
  "id" : "Practitioner-address-postalcode",
  "text" : {
    "status" : "generated",
    "div" : "<div xmlns=\"http://www.w3.org/1999/xhtml\"><p class=\"res-header-id\"><b>Generated Narrative: SearchParameter Practitioner-address-postalcode</b></p><a name=\"Practitioner-address-postalcode\"> </a><a name=\"hcPractitioner-address-postalcode\"> </a><a name=\"Practitioner-address-postalcode-en-US\"> </a><h2>PractitionerPostalCodeSearchParameter</h2><p>Parameter <code>address-postalcode</code>:<code>string</code></p><div><p>Searches based on the address-postalcode field for the Practitioner record eg) /ws/fhir2/{release}/Practitioner?address-postalcode={postalCode}</p>\n</div><table class=\"grid\"><tr><td>Resource</td><td><a href=\"http://hl7.org/fhir/R4/practitioner.html\">Practitioner</a></td></tr><tr><td>Expression</td><td>(none)</td></tr><tr><td>Target Resources</td><td><a href=\"http://hl7.org/fhir/R4/practitioner.html\">Practitioner</a></td></tr><tr><td>Multiples</td><td><ul><li>multipleAnd: It's up to the server whether the parameter may repeat in order to specify multiple values that must all be true</li><li>multipleOr: It's up to the server whether the parameter can have multiple values (separated by comma) where at least one must be true</li></ul></td></tr></table></div>"
  },
  "url" : "http://fhir.openmrs.org/core/SearchParameter/Practitioner-address-postalcode",
  "version" : "0.1.0",
  "name" : "PractitionerPostalCodeSearchParameter",
  "status" : "active",
  "date" : "2024-12-11T17:17:27+00:00",
  "contact" : [{
    "name" : "OpenMRS, Inc.",
    "telecom" : [{
      "system" : "url",
      "value" : "https://openmrs.org"
    }]
  }],
  "description" : "Searches based on the address-postalcode field for the Practitioner record eg) /ws/fhir2/{release}/Practitioner?address-postalcode={postalCode}",
  "code" : "address-postalcode",
  "base" : ["Practitioner"],
  "type" : "string",
  "target" : ["Practitioner"]
}