{
  "resourceType" : "SearchParameter",
  "id" : "serviceRequest-patient",
  "text" : {
    "status" : "generated",
    "div" : "<div xmlns=\"http://www.w3.org/1999/xhtml\"><h2>serviceRequestPatientSearchParameter</h2><p>Parameter <code>patient</code>:<code>reference</code></p><div><p>Searches for serviceRequest by a given patient Uuid eg) /ws/fhir2/{release}/ServiceRequest?patient={uuid}</p>\n</div><table class=\"grid\"><tr><td>Resource</td><td><a href=\"http://hl7.org/fhir/R4/servicerequest.html\">ServiceRequest</a></td></tr><tr><td>Expression</td><td>(none)</td></tr><tr><td>Target Resources</td><td><a href=\"http://hl7.org/fhir/R4/servicerequest.html\">ServiceRequest</a></td></tr><tr><td>Multiples</td><td>The parameter cannot repeat or have multiple values</td></tr></table></div>"
  },
  "url" : "http://fhir.openmrs.org/fhir/SearchParameter/serviceRequest-patient",
  "version" : "0.1.0",
  "name" : "serviceRequestPatientSearchParameter",
  "status" : "active",
  "date" : "2023-05-01T15:55:39+00:00",
  "contact" : [{
    "name" : "OpenMRS, Inc.",
    "telecom" : [{
      "system" : "url",
      "value" : "https://openmrs.org"
    }]
  }],
  "description" : "Searches for serviceRequest by a given patient Uuid eg) /ws/fhir2/{release}/ServiceRequest?patient={uuid}",
  "code" : "patient",
  "base" : ["ServiceRequest"],
  "type" : "reference",
  "target" : ["ServiceRequest"]
}