{
  "resourceType": "SearchParameter",
  "id": "Task-basedOn",
  "text": {
    "status": "generated",
    "div": "<div xmlns=\"http://www.w3.org/1999/xhtml\"><p><b>Generated Narrative: SearchParameter</b><a name=\"Task-basedOn\"> </a></p><div style=\"display: inline-block; background-color: #d9e0e7; padding: 6px; margin: 4px; border: 1px solid #8da1b4; border-radius: 5px; line-height: 60%\"><p style=\"margin-bottom: 0px\">Resource SearchParameter \"Task-basedOn\" </p></div><p><b>url</b>: <code>http://fhir.openmrs.org/fhir/SearchParameter/Task-basedOn</code></p><p><b>version</b>: 0.1.0</p><p><b>name</b>: TaskBasedOnSearchParameter</p><p><b>status</b>: active</p><p><b>date</b>: 2022-10-08 02:12:18+0000</p><p><b>contact</b>: OpenMRS, Inc.: <a href=\"https://openmrs.org\">https://openmrs.org</a></p><p><b>description</b>: Searches for FhirTask based on the ServiceRequest Reference eg) /ws/fhir2/{release}/Task?based-on={ServiceRequestUuid}</p><p><b>code</b>: Task.based-on</p><p><b>base</b>: Task</p><p><b>type</b>: reference</p><p><b>target</b>: OpenMRSTask</p></div>"
  },
  "url": "http://fhir.openmrs.org/fhir/SearchParameter/Task-basedOn",
  "version": "0.1.0",
  "name": "TaskBasedOnSearchParameter",
  "status": "active",
  "date": "2022-10-08T02:12:18+00:00",
  "contact": [
    {
      "name": "OpenMRS, Inc.",
      "telecom": [
        {
          "system": "url",
          "value": "https://openmrs.org"
        }
      ]
    }
  ],
  "description": "Searches for FhirTask based on the ServiceRequest Reference eg) /ws/fhir2/{release}/Task?based-on={ServiceRequestUuid}",
  "code": "Task.based-on",
  "base": [
    "Task"
  ],
  "type": "reference",
  "target": [
    "OpenMRSTask"
  ]
}