{"resourceType":"ImplementationGuide","id":"openmrs","text":{"status":"extensions","div":"<div xmlns=\"http://www.w3.org/1999/xhtml\"><h2>OMRSFhir2ImplementationGuide</h2><p>The official URL for this implementation guide is: </p><pre>http://fhir.openmrs.org/fhir/ImplementationGuide/openmrs</pre><div><p>An Implementation Guide covering the OpenMRS FHIR2 module implementation of FHIR</p>\n</div></div>"},"url":"http://fhir.openmrs.org/fhir/ImplementationGuide/openmrs","version":"0.1.0","name":"OMRSFhir2ImplementationGuide","title":"OpenMRS FHIR2 Implementation Guide","status":"draft","date":"2021-09-15T19:37:29+00:00","contact":[{"name":"OpenMRS, Inc.","telecom":[{"system":"url","value":"https://openmrs.org"}]}],"description":"An Implementation Guide covering the OpenMRS FHIR2 module implementation of FHIR","packageId":"openmrs","license":"CC-BY-SA-4.0","fhirVersion":["4.0.1"],"definition":{"extension":[{"extension":[{"url":"code","valueString":"copyrightyear"},{"url":"value","valueString":"2021+"}],"url":"http://hl7.org/fhir/tools/StructureDefinition/ig-parameter"},{"extension":[{"url":"code","valueString":"releaselabel"},{"url":"value","valueString":"ci-build"}],"url":"http://hl7.org/fhir/tools/StructureDefinition/ig-parameter"},{"extension":[{"url":"code","valueString":"apply-publisher"},{"url":"value","valueString":"true"}],"url":"http://hl7.org/fhir/tools/StructureDefinition/ig-parameter"},{"extension":[{"url":"code","valueString":"apply-license"},{"url":"value","valueString":"true"}],"url":"http://hl7.org/fhir/tools/StructureDefinition/ig-parameter"},{"extension":[{"url":"code","valueString":"apply-contact"},{"url":"value","valueString":"true"}],"url":"http://hl7.org/fhir/tools/StructureDefinition/ig-parameter"},{"extension":[{"url":"code","valueString":"autoload-resources"},{"url":"value","valueString":"true"}],"url":"http://hl7.org/fhir/tools/StructureDefinition/ig-parameter"},{"extension":[{"url":"code","valueString":"path-liquid"},{"url":"value","valueString":"template/liquid"}],"url":"http://hl7.org/fhir/tools/StructureDefinition/ig-parameter"},{"extension":[{"url":"code","valueString":"path-liquid"},{"url":"value","valueString":"input/liquid"}],"url":"http://hl7.org/fhir/tools/StructureDefinition/ig-parameter"},{"extension":[{"url":"code","valueString":"path-qa"},{"url":"value","valueString":"temp/qa"}],"url":"http://hl7.org/fhir/tools/StructureDefinition/ig-parameter"},{"extension":[{"url":"code","valueString":"path-temp"},{"url":"value","valueString":"temp/pages"}],"url":"http://hl7.org/fhir/tools/StructureDefinition/ig-parameter"},{"extension":[{"url":"code","valueString":"path-output"},{"url":"value","valueString":"output"}],"url":"http://hl7.org/fhir/tools/StructureDefinition/ig-parameter"},{"extension":[{"url":"code","valueString":"path-suppressed-warnings"},{"url":"value","valueString":"input/ignoreWarnings.txt"}],"url":"http://hl7.org/fhir/tools/StructureDefinition/ig-parameter"},{"extension":[{"url":"code","valueString":"path-history"},{"url":"value","valueString":"http://fhir.openmrs.org/fhir/history.html"}],"url":"http://hl7.org/fhir/tools/StructureDefinition/ig-parameter"},{"extension":[{"url":"code","valueString":"template-html"},{"url":"value","valueString":"template-page.html"}],"url":"http://hl7.org/fhir/tools/StructureDefinition/ig-parameter"},{"extension":[{"url":"code","valueString":"template-md"},{"url":"value","valueString":"template-page-md.html"}],"url":"http://hl7.org/fhir/tools/StructureDefinition/ig-parameter"},{"extension":[{"url":"code","valueString":"apply-context"},{"url":"value","valueString":"true"}],"url":"http://hl7.org/fhir/tools/StructureDefinition/ig-parameter"},{"extension":[{"url":"code","valueString":"apply-copyright"},{"url":"value","valueString":"true"}],"url":"http://hl7.org/fhir/tools/StructureDefinition/ig-parameter"},{"extension":[{"url":"code","valueString":"apply-jurisdiction"},{"url":"value","valueString":"true"}],"url":"http://hl7.org/fhir/tools/StructureDefinition/ig-parameter"},{"extension":[{"url":"code","valueString":"apply-version"},{"url":"value","valueString":"true"}],"url":"http://hl7.org/fhir/tools/StructureDefinition/ig-parameter"},{"extension":[{"url":"code","valueString":"active-tables"},{"url":"value","valueString":"true"}],"url":"http://hl7.org/fhir/tools/StructureDefinition/ig-parameter"}],"grouping":[{"id":"-str-profile","name":"Structures: Resource Profiles","description":"These define constraints on FHIR resources for systems conforming to this implementation guide"},{"id":"-str-datatype","name":"Structures: Data Type Profiles","description":"These define constraints on FHIR data types for systems conforming to this implementation guide"},{"id":"-str-extension","name":"Structures: Extension Definitions","description":"These define constraints on FHIR data types for systems conforming to this implementation guide"}],"resource":[{"extension":[{"url":"http://hl7.org/fhir/StructureDefinition/implementationguide-page","valueUri":"StructureDefinition-omrs-location.html"}],"reference":{"reference":"StructureDefinition/omrs-location"},"name":"OpenMRS Location","description":"An OpenMRS location","exampleBoolean":false,"groupingId":"-str-profile"},{"extension":[{"url":"http://hl7.org/fhir/StructureDefinition/implementationguide-page","valueUri":"StructureDefinition-omrs-location-contact-point.html"}],"reference":{"reference":"StructureDefinition/omrs-location-contact-point"},"name":"OpenMRS Location Contact Point","description":"An OpenMRS Location Phone Number","exampleBoolean":false,"groupingId":"-str-datatype"},{"extension":[{"url":"http://hl7.org/fhir/StructureDefinition/implementationguide-page","valueUri":"StructureDefinition-omrs-patient.html"}],"reference":{"reference":"StructureDefinition/omrs-patient"},"name":"OpenMRS Patient","description":"A FHIR Patient as understood by OpenMRS","exampleBoolean":false,"groupingId":"-str-profile"},{"extension":[{"url":"http://hl7.org/fhir/StructureDefinition/implementationguide-page","valueUri":"StructureDefinition-omrs-patient-identifier.html"}],"reference":{"reference":"StructureDefinition/omrs-patient-identifier"},"name":"OpenMRS Patient Identifier","description":"Patient Identifers as understood by OpenMRS","exampleBoolean":false,"groupingId":"-str-datatype"},{"extension":[{"url":"http://hl7.org/fhir/StructureDefinition/implementationguide-page","valueUri":"StructureDefinition-omrs-patient-identifier-location.html"}],"reference":{"reference":"StructureDefinition/omrs-patient-identifier-location"},"name":"OpenMRS Patient Identifier Location","description":"OpenMRS location for which this identifier is valid","exampleBoolean":false,"groupingId":"-str-extension"}],"page":{"nameUrl":"toc.html","title":"Table of Contents","generation":"html","page":[{"nameUrl":"index.html","title":"Home","generation":"markdown"},{"nameUrl":"changes.html","title":"Changes","generation":"markdown"},{"nameUrl":"artifacts.html","title":"Artifacts Summary","generation":"html","page":[{"nameUrl":"StructureDefinition-omrs-location.html","title":"OpenMRS Location","generation":"generated"},{"nameUrl":"StructureDefinition-omrs-patient.html","title":"OpenMRS Patient","generation":"generated"},{"nameUrl":"StructureDefinition-omrs-location-contact-point.html","title":"OpenMRS Location Contact Point","generation":"generated"},{"nameUrl":"StructureDefinition-omrs-patient-identifier.html","title":"OpenMRS Patient Identifier","generation":"generated"},{"nameUrl":"StructureDefinition-omrs-patient-identifier-location.html","title":"OpenMRS Patient Identifier Location","generation":"generated"}]}]},"parameter":[{"code":"path-resource","value":"input/capabilities"},{"code":"path-resource","value":"input/examples"},{"code":"path-resource","value":"input/extensions"},{"code":"path-resource","value":"input/models"},{"code":"path-resource","value":"input/operations"},{"code":"path-resource","value":"input/profiles"},{"code":"path-resource","value":"input/resources"},{"code":"path-resource","value":"input/vocabulary"},{"code":"path-resource","value":"input/maps"},{"code":"path-resource","value":"input/testing"},{"code":"path-resource","value":"input/history"},{"code":"path-resource","value":"fsh-generated/resources"},{"code":"path-pages","value":"template/config"},{"code":"path-pages","value":"input/images"},{"code":"path-tx-cache","value":"input-cache/txcache"}]}}