{"resourceType":"SearchParameter","id":"condition-encounter","text":{"status":"generated","div":"<div xmlns=\"http://www.w3.org/1999/xhtml\"><h2>conditionEncounterSearchParameter</h2><p>Parameter <code>code</code>:<code>reference</code></p><div><p>Searches for condition based on the condition encounter Uuid eg) /ws/fhir2/{release}/Condition?encounter={uuid}</p>\n</div><table class=\"grid\"><tr><td>Resource</td><td><a href=\"http://hl7.org/fhir/R4/condition.html\">Condition</a></td></tr><tr><td>Expression</td><td>(none)</td></tr><tr><td>Target Resources</td><td><a href=\"http://hl7.org/fhir/R4/condition.html\">Condition</a></td></tr><tr><td>Multiples</td><td>The parameter cannot repeat or have multiple values</td></tr></table></div>"},"url":"http://fhir.openmrs.org/fhir/SearchParameter/condition-encounter","version":"0.1.0","name":"conditionEncounterSearchParameter","status":"active","date":"2023-03-15T20:24:20+00:00","contact":[{"name":"OpenMRS, Inc.","telecom":[{"system":"url","value":"https://openmrs.org"}]}],"description":"Searches for condition based on the condition encounter Uuid eg) /ws/fhir2/{release}/Condition?encounter={uuid}","code":"code","base":["Condition"],"type":"reference","target":["Condition"]}