{"resourceType":"SearchParameter","id":"location-partof","text":{"status":"generated","div":"<div xmlns=\"http://www.w3.org/1999/xhtml\"><h2>LocationPartOfSearchParameter</h2><p>Parameter <code>partOf</code>:<code>reference</code></p><div><p>Searches based on the partof field for the location record eg) /ws/fhir2/{release}/Location?partof={reference}</p>\n</div><table class=\"grid\"><tr><td>Resource</td><td><a href=\"http://hl7.org/fhir/R4/location.html\">Location</a></td></tr><tr><td>Expression</td><td>(none)</td></tr><tr><td>Target Resources</td><td><a href=\"http://hl7.org/fhir/R4/location.html\">Location</a></td></tr><tr><td>Multiples</td><td>The parameter cannot repeat or have multiple values</td></tr></table></div>"},"url":"http://fhir.openmrs.org/fhir/SearchParameter/location-partof","version":"0.1.0","name":"LocationPartOfSearchParameter","status":"active","date":"2023-03-20T20:26:34+00:00","contact":[{"name":"OpenMRS, Inc.","telecom":[{"system":"url","value":"https://openmrs.org"}]}],"description":"Searches based on the partof field for the location record eg) /ws/fhir2/{release}/Location?partof={reference}","code":"partOf","base":["Location"],"type":"reference","target":["Location"]}