{"resourceType":"SearchParameter","id":"person-gender","url":"http://fhir.openmrs.org/fhir/SearchParameter/person-gender","version":"0.1.0","name":"personGenderSearchParameter","status":"active","date":"2022-11-29T17:06:49+00:00","contact":[{"name":"OpenMRS, Inc.","telecom":[{"system":"url","value":"https://openmrs.org"}]}],"description":"Searches based on the gender of the person. Note that this value must be from the AdministrativeGender valueset eg) /ws/fhir2/{release}/Person?gender={gender}","code":"gender","base":["Person"],"type":"token","target":["OMRSPerson"]}