{"resourceType":"SearchParameter","id":"condition-patient-identifier","text":{"status":"generated","div":"<div xmlns=\"http://www.w3.org/1999/xhtml\"><h2>ConditionPatientIdentifierSearchParameter</h2><p>Parameter <code>patient.identifier</code>:<code>token</code></p><div><p>Searches for Condition by the patient identifier eg) /ws/fhir2/{release}/Condition?patient.identifier={identifier}</p>\n</div><table class=\"grid\"><tr><td>Resource</td><td><a href=\"http://hl7.org/fhir/R4/condition.html\">Condition</a></td></tr><tr><td>Expression</td><td>(none)</td></tr><tr><td>Target Resources</td><td><a href=\"http://hl7.org/fhir/R4/condition.html\">Condition</a></td></tr><tr><td>Multiples</td><td>The parameter cannot repeat or have multiple values</td></tr></table></div>"},"url":"http://fhir.openmrs.org/core/SearchParameter/condition-patient-identifier","version":"0.1.0","name":"ConditionPatientIdentifierSearchParameter","status":"active","date":"2023-05-17T15:10:06+00:00","contact":[{"name":"OpenMRS, Inc.","telecom":[{"system":"url","value":"https://openmrs.org"}]}],"description":"Searches for Condition by the patient identifier eg) /ws/fhir2/{release}/Condition?patient.identifier={identifier}","code":"patient.identifier","base":["Condition"],"type":"token","target":["Condition"]}