{"resourceType":"SearchParameter","id":"serviceRequest-encounter","url":"http://fhir.openmrs.org/fhir/SearchParameter/serviceRequest-encounter","version":"0.1.0","name":"serviceRequestEncounterSearchParameter","status":"active","date":"2022-11-29T17:06:49+00:00","contact":[{"name":"OpenMRS, Inc.","telecom":[{"system":"url","value":"https://openmrs.org"}]}],"description":"Searches for serviceRequest based on the serviceRequest encounter Uuid eg) /ws/fhir2/{release}/ServiceRequest?encounter={uuid}","code":"code","base":["ServiceRequest"],"type":"reference","target":["OpenMRSServiceRequest"]}