{"resourceType":"SearchParameter","id":"MedicationRequest-requestor-identifier","url":"http://fhir.openmrs.org/fhir/SearchParameter/MedicationRequest-requestor-identifier","version":"0.1.0","name":"MedicationRequestRequestorIdentifierSearchParameter","status":"active","date":"2022-11-29T17:06:49+00:00","contact":[{"name":"OpenMRS, Inc.","telecom":[{"system":"url","value":"https://openmrs.org"}]}],"description":"Searches for MedicationRequest by a given Practitioner eg) /ws/fhir2/{release}/MedicationRequest?requestor.identifier={identifier}","code":"requestor.identifier","base":["MedicationRequest"],"type":"token","target":["OMRSMedicationRequest"]}