{"resourceType":"SearchParameter","id":"person-address-country","url":"http://fhir.openmrs.org/fhir/SearchParameter/person-address-country","version":"0.1.0","name":"personCountrySearchParameter","status":"active","date":"2022-11-29T17:06:49+00:00","contact":[{"name":"OpenMRS, Inc.","telecom":[{"system":"url","value":"https://openmrs.org"}]}],"description":"Searches based on the person's recorded country of address eg) /ws/fhir2/{release}/Person?address-country={country}","code":"address-country","base":["Person"],"type":"string","target":["OMRSPerson"]}