{"resourceType":"SearchParameter","id":"Practitioner-address-city","url":"http://fhir.openmrs.org/fhir/SearchParameter/Practitioner-address-city","version":"0.1.0","name":"PractitionerCitySearchParameter","status":"active","date":"2022-10-08T02:09:14+00:00","contact":[{"name":"OpenMRS, Inc.","telecom":[{"system":"url","value":"https://openmrs.org"}]}],"description":"Searches based on the address-city field for the Practitioner record eg) /ws/fhir2/{release}/Practitioner?address-city={city}","code":"address-city","base":["Practitioner"],"type":"string","target":["OMRSPractitioner"]}