{"resourceType":"SearchParameter","id":"condition-patient.given","url":"http://fhir.openmrs.org/fhir/SearchParameter/condition-patient.given","version":"0.1.0","name":"conditionPatientGivenNameSearchParameter","status":"active","date":"2022-10-08T02:04:28+00:00","contact":[{"name":"OpenMRS, Inc.","telecom":[{"system":"url","value":"https://openmrs.org"}]}],"description":"Searches for condition based on the patient's given name(s) eg) /ws/fhir2/{release}/Condition?patient.given={givenName}","code":"patient.given","base":["Condition"],"type":"string","target":["OMRSCondition"]}