{"resourceType":"SearchParameter","id":"condition-lastUpdated","text":{"status":"generated","div":"<div xmlns=\"http://www.w3.org/1999/xhtml\"><h2>conditionLastUpdatedSearchParameter</h2><p>Parameter <code>_lastUpdated</code>:<code>date</code></p><div><p>Searches for condition based on service lastUpdated field eg) /openmrs/ws/fhir2/{release}/Condition?_lastUpdated={date}</p>\n</div><table class=\"grid\"><tr><td>Resource</td><td><a href=\"http://hl7.org/fhir/R4/condition.html\">Condition</a></td></tr><tr><td>Expression</td><td>(none)</td></tr><tr><td>Target Resources</td><td><a href=\"http://hl7.org/fhir/R4/condition.html\">Condition</a></td></tr><tr><td>Multiples</td><td>The parameter cannot repeat or have multiple values</td></tr></table></div>"},"url":"http://fhir.openmrs.org/fhir/SearchParameter/condition-lastUpdated","version":"0.1.0","name":"conditionLastUpdatedSearchParameter","status":"active","date":"2023-03-15T20:21:30+00:00","contact":[{"name":"OpenMRS, Inc.","telecom":[{"system":"url","value":"https://openmrs.org"}]}],"description":"Searches for condition based on service lastUpdated field eg) /openmrs/ws/fhir2/{release}/Condition?_lastUpdated={date}","code":"_lastUpdated","base":["Condition"],"type":"date","target":["Condition"]}