{"resourceType":"SearchParameter","id":"serviceRequest-subject","url":"http://fhir.openmrs.org/fhir/SearchParameter/serviceRequest-subject","version":"0.1.0","name":"serviceRequestSubjectSearchParameter","status":"active","date":"2022-11-29T17:06:49+00:00","contact":[{"name":"OpenMRS, Inc.","telecom":[{"system":"url","value":"https://openmrs.org"}]}],"description":"Searches for serviceRequest by a given subject eg) /ws/fhir2/{release}/ServiceRequest?subject:Patient={patientUuid}","code":"subject","base":["ServiceRequest"],"type":"reference","target":["OpenMRSServiceRequest"]}