{"resourceType":"SearchParameter","id":"Condition-requester-given","url":"http://fhir.openmrs.org/fhir/SearchParameter/Condition-requester-given","version":"0.1.0","name":"conditionRequesterGivenSearchParameter","status":"active","date":"2022-10-08T02:06:31+00:00","contact":[{"name":"OpenMRS, Inc.","telecom":[{"system":"url","value":"https://openmrs.org"}]}],"description":"Searches for condition based on the Practitioner's given name(s) eg) /ws/fhir2/{release}/Condition?requester:Practitioner.given={givenName}","code":"requester.given","base":["Condition"],"type":"string","target":["OMRSCondition"]}