{"resourceType":"SearchParameter","id":"observation-patient.family","text":{"status":"generated","div":"<div xmlns=\"http://www.w3.org/1999/xhtml\"><h2>observationPatientFamilyNameSearchParameter</h2><p>Parameter <code>patient.family</code>:<code>string</code></p><div><p>Searches for observations based on the patient's family name eg) /ws/fhir2/{release}/Observation?patient.family={familyName}</p>\n</div><table class=\"grid\"><tr><td>Resource</td><td><a href=\"http://hl7.org/fhir/R4/observation.html\">Observation</a></td></tr><tr><td>Expression</td><td>(none)</td></tr><tr><td>Target Resources</td><td><a href=\"http://hl7.org/fhir/R4/observation.html\">Observation</a></td></tr><tr><td>Multiples</td><td>The parameter cannot repeat or have multiple values</td></tr></table></div>"},"url":"http://fhir.openmrs.org/fhir/SearchParameter/observation-patient.family","version":"0.1.0","name":"observationPatientFamilyNameSearchParameter","status":"active","date":"2023-05-01T15:55:39+00:00","contact":[{"name":"OpenMRS, Inc.","telecom":[{"system":"url","value":"https://openmrs.org"}]}],"description":"Searches for observations based on the patient's family name eg) /ws/fhir2/{release}/Observation?patient.family={familyName}","code":"patient.family","base":["Observation"],"type":"string","target":["Observation"]}