{"resourceType":"SearchParameter","id":"Encounter-address-city","url":"http://fhir.openmrs.org/fhir/SearchParameter/Encounter-address-city","version":"0.1.0","name":"EncounterCitySearchParameter","status":"active","date":"2022-10-08T02:09:14+00:00","contact":[{"name":"OpenMRS, Inc.","telecom":[{"system":"url","value":"https://openmrs.org"}]}],"description":"Searches based on the address-city field for the Encounter record eg) /ws/fhir2/{release}/Encounter?address-city={city}","code":"address-city","base":["Encounter"],"type":"string","target":["OMRSEncounter"]}