{"resourceType":"SearchParameter","id":"Encounter-subject-family","text":{"status":"generated","div":"<div xmlns=\"http://www.w3.org/1999/xhtml\"><h2>EncounterSubjectfamilySearchParameter</h2><p>Parameter <code>subject.family</code>:<code>string</code></p><div><pre><code>Searches for Encounter based on the patient's family name eg) /ws/fhir2/{release}/Encounter?subject:Patient.family={familyName}\n</code></pre>\n</div><table class=\"grid\"><tr><td>Resource</td><td><a href=\"http://hl7.org/fhir/R4/encounter.html\">Encounter</a></td></tr><tr><td>Expression</td><td>(none)</td></tr><tr><td>Target Resources</td><td><a href=\"http://hl7.org/fhir/R4/encounter.html\">Encounter</a></td></tr><tr><td>Multiples</td><td>The parameter cannot repeat or have multiple values</td></tr></table></div>"},"url":"http://fhir.openmrs.org/core/SearchParameter/Encounter-subject-family","version":"0.1.0","name":"EncounterSubjectfamilySearchParameter","status":"active","date":"2023-05-08T19:25:22+00:00","contact":[{"name":"OpenMRS, Inc.","telecom":[{"system":"url","value":"https://openmrs.org"}]}],"description":"\tSearches for Encounter based on the patient's family name eg) /ws/fhir2/{release}/Encounter?subject:Patient.family={familyName}","code":"subject.family","base":["Encounter"],"type":"string","target":["Encounter"]}