{"resourceType":"SearchParameter","id":"serviceRequest-lastUpdated","url":"http://fhir.openmrs.org/fhir/SearchParameter/serviceRequest-lastUpdated","version":"0.1.0","name":"serviceRequestLastUpdatedSearchParameter","status":"active","date":"2022-11-29T17:06:49+00:00","contact":[{"name":"OpenMRS, Inc.","telecom":[{"system":"url","value":"https://openmrs.org"}]}],"description":"Searches for serviceRequest based on service lastUpdated field eg) /openmrs/ws/fhir2/{release}/ServiceRequest?_lastUpdated={date}","code":"_lastUpdated","base":["ServiceRequest"],"type":"date","target":["OpenMRSServiceRequest"]}