{"resourceType":"SearchParameter","id":"condition-occurrence","text":{"status":"generated","div":"<div xmlns=\"http://www.w3.org/1999/xhtml\"><h2>conditionOccurrenceSearchParameter</h2><p>Parameter <code>occurrence</code>:<code>date</code></p><div><p>Searches for condition based on to occurrent date eg) /ws/fhir2/{release}/Condition?occurrence={date}</p>\n</div><table class=\"grid\"><tr><td>Resource</td><td><a href=\"http://hl7.org/fhir/R4/condition.html\">Condition</a></td></tr><tr><td>Expression</td><td>(none)</td></tr><tr><td>Target Resources</td><td><a href=\"http://hl7.org/fhir/R4/condition.html\">Condition</a></td></tr><tr><td>Multiples</td><td>The parameter cannot repeat or have multiple values</td></tr></table></div>"},"url":"http://fhir.openmrs.org/fhir/SearchParameter/condition-occurrence","version":"0.1.0","name":"conditionOccurrenceSearchParameter","status":"active","date":"2023-05-01T15:55:39+00:00","contact":[{"name":"OpenMRS, Inc.","telecom":[{"system":"url","value":"https://openmrs.org"}]}],"description":"Searches for condition based on to occurrent date eg) /ws/fhir2/{release}/Condition?occurrence={date}","code":"occurrence","base":["Condition"],"type":"date","target":["Condition"]}