{"resourceType":"SearchParameter","id":"Task-id","text":{"status":"generated","div":"<div xmlns=\"http://www.w3.org/1999/xhtml\"><h2>TaskIdSearchParameter</h2><p>Parameter <code>_id</code>:<code>token</code></p><div><p>Searches based on the Task uuid field for the Task record eg) /ws/fhir2/{release}}/Task?_id={uuid}</p>\n</div><table class=\"grid\"><tr><td>Resource</td><td><a href=\"http://hl7.org/fhir/R4/task.html\">Task</a></td></tr><tr><td>Expression</td><td>(none)</td></tr><tr><td>Target Resources</td><td><a href=\"http://hl7.org/fhir/R4/task.html\">Task</a></td></tr><tr><td>Multiples</td><td>The parameter cannot repeat or have multiple values</td></tr></table></div>"},"url":"http://fhir.openmrs.org/core/SearchParameter/Task-id","version":"0.1.0","name":"TaskIdSearchParameter","status":"active","date":"2023-05-17T15:10:06+00:00","contact":[{"name":"OpenMRS, Inc.","telecom":[{"system":"url","value":"https://openmrs.org"}]}],"description":"Searches based on the Task uuid field for the Task record eg) /ws/fhir2/{release}}/Task?_id={uuid}","code":"_id","base":["Task"],"type":"token","target":["Task"]}