{"resourceType":"SearchParameter","id":"AllergyIntolerance-patient-identifier","text":{"status":"generated","div":"<div xmlns=\"http://www.w3.org/1999/xhtml\"><h2>AllergyIntolerancePatientIdentifierSearchParameter</h2><p>Parameter <code>patient.identifier</code>:<code>token</code></p><div><p>Searches for AllergyIntolerance by a given patient eg) /ws/fhir2/{release}/AllergyIntolerance?patient.identifier={identifier}</p>\n</div><table class=\"grid\"><tr><td>Resource</td><td><a href=\"http://hl7.org/fhir/R4/allergyintolerance.html\">AllergyIntolerance</a></td></tr><tr><td>Expression</td><td>(none)</td></tr><tr><td>Target Resources</td><td><a href=\"http://hl7.org/fhir/R4/allergyintolerance.html\">AllergyIntolerance</a></td></tr><tr><td>Multiples</td><td>The parameter cannot repeat or have multiple values</td></tr></table></div>"},"url":"http://fhir.openmrs.org/core/SearchParameter/AllergyIntolerance-patient-identifier","version":"0.1.0","name":"AllergyIntolerancePatientIdentifierSearchParameter","status":"active","date":"2023-05-08T19:25:22+00:00","contact":[{"name":"OpenMRS, Inc.","telecom":[{"system":"url","value":"https://openmrs.org"}]}],"description":"Searches for AllergyIntolerance by a given patient eg) /ws/fhir2/{release}/AllergyIntolerance?patient.identifier={identifier}","code":"patient.identifier","base":["AllergyIntolerance"],"type":"token","target":["AllergyIntolerance"]}