{"resourceType":"SearchParameter","id":"Encounter-participant-identifier","text":{"status":"generated","div":"<div xmlns=\"http://www.w3.org/1999/xhtml\"><h2>EncounterParticipantIdentifierSearchParameter</h2><p>Parameter <code>participant.identifier</code>:<code>token</code></p><div><p>Searches for Encounters by a given Practitioner eg) /ws/fhir2/{release}/Encounter?participant.identifier={identifier}</p>\n</div><table class=\"grid\"><tr><td>Resource</td><td><a href=\"http://hl7.org/fhir/R4/encounter.html\">Encounter</a></td></tr><tr><td>Expression</td><td>(none)</td></tr><tr><td>Target Resources</td><td><a href=\"http://hl7.org/fhir/R4/encounter.html\">Encounter</a></td></tr><tr><td>Multiples</td><td>The parameter cannot repeat or have multiple values</td></tr></table></div>"},"url":"http://fhir.openmrs.org/fhir/SearchParameter/Encounter-participant-identifier","version":"0.1.0","name":"EncounterParticipantIdentifierSearchParameter","status":"active","date":"2023-03-15T20:24:20+00:00","contact":[{"name":"OpenMRS, Inc.","telecom":[{"system":"url","value":"https://openmrs.org"}]}],"description":"Searches for Encounters by a given Practitioner eg) /ws/fhir2/{release}/Encounter?participant.identifier={identifier}","code":"participant.identifier","base":["Encounter"],"type":"token","target":["Encounter"]}