{"resourceType":"SearchParameter","id":"person-name","url":"http://fhir.openmrs.org/fhir/SearchParameter/person-name","version":"0.1.0","name":"personNameSearchParameter","status":"active","date":"2022-11-29T17:06:49+00:00","contact":[{"name":"OpenMRS, Inc.","telecom":[{"system":"url","value":"https://openmrs.org"}]}],"description":"Searches for Person based on full or partial name eg) /ws/fhir2/{release}/Person?name={name} ","code":"name","base":["Person"],"type":"string","target":["OMRSPerson"]}