{"resourceType":"SearchParameter","id":"AllergyIntolerance-patient.name","text":{"status":"generated","div":"<div xmlns=\"http://www.w3.org/1999/xhtml\"><h2>AllergyIntolerancePatientNameSearchParameter</h2><p>Parameter <code>patient.name</code>:<code>string</code></p><div><p>Searches for AllergyIntolerance based on the patient's full or partial name eg) /ws/fhir2/{release}/AllergyIntolerance?patient.name={name}</p>\n</div><table class=\"grid\"><tr><td>Resource</td><td><a href=\"http://hl7.org/fhir/R4/allergyintolerance.html\">AllergyIntolerance</a></td></tr><tr><td>Expression</td><td>(none)</td></tr><tr><td>Target Resources</td><td><a href=\"http://hl7.org/fhir/R4/allergyintolerance.html\">AllergyIntolerance</a></td></tr><tr><td>Multiples</td><td>The parameter cannot repeat or have multiple values</td></tr></table></div>"},"url":"http://fhir.openmrs.org/fhir/SearchParameter/AllergyIntolerance-patient.name","version":"0.1.0","name":"AllergyIntolerancePatientNameSearchParameter","status":"active","date":"2023-03-20T20:26:34+00:00","contact":[{"name":"OpenMRS, Inc.","telecom":[{"system":"url","value":"https://openmrs.org"}]}],"description":"Searches for AllergyIntolerance based on the patient's full or partial name eg) /ws/fhir2/{release}/AllergyIntolerance?patient.name={name}","code":"patient.name","base":["AllergyIntolerance"],"type":"string","target":["AllergyIntolerance"]}