{"resourceType":"SearchParameter","id":"observation-has-member-code","text":{"status":"generated","div":"<div xmlns=\"http://www.w3.org/1999/xhtml\"><h2>ObservationHasCodeSearchParameter</h2><p>Parameter <code>has-member-code</code>:<code>token</code></p><div><p>Searches for an observation group that contains an observation with the provided code eg) /ws/fhir2/{release}/Observation?has-member.code={code}</p>\n</div><table class=\"grid\"><tr><td>Resource</td><td><a href=\"http://hl7.org/fhir/R4/observation.html\">Observation</a></td></tr><tr><td>Expression</td><td>(none)</td></tr><tr><td>Target Resources</td><td><a href=\"http://hl7.org/fhir/R4/observation.html\">Observation</a></td></tr><tr><td>Multiples</td><td>The parameter cannot repeat or have multiple values</td></tr></table></div>"},"url":"http://fhir.openmrs.org/core/SearchParameter/observation-has-member-code","version":"0.1.0","name":"ObservationHasCodeSearchParameter","status":"active","date":"2023-05-08T19:25:22+00:00","contact":[{"name":"OpenMRS, Inc.","telecom":[{"system":"url","value":"https://openmrs.org"}]}],"description":"Searches for an observation group that contains an observation with the provided code eg) /ws/fhir2/{release}/Observation?has-member.code={code}","code":"has-member-code","base":["Observation"],"type":"token","target":["Observation"]}