{"resourceType":"SearchParameter","id":"Encounter-participant","url":"http://fhir.openmrs.org/fhir/SearchParameter/Encounter-participant","version":"0.1.0","name":"EncounterParticipantSearchParameter","status":"active","date":"2022-11-29T17:06:49+00:00","contact":[{"name":"OpenMRS, Inc.","telecom":[{"system":"url","value":"https://openmrs.org"}]}],"description":"Searches for Encounters by a given Practitioner Reference uuid eg) /ws/fhir2/{release}/Encounter?participant={PractitionerUuid}","code":"participant","base":["Encounter"],"type":"reference","target":["OMRSEncounter"]}