{"resourceType":"SearchParameter","id":"patient-address-country","url":"http://fhir.openmrs.org/fhir/SearchParameter/patient-address-country","version":"0.1.0","name":"patientCountrySearchParameter","status":"active","date":"2022-11-29T17:06:49+00:00","contact":[{"name":"OpenMRS, Inc.","telecom":[{"system":"url","value":"https://openmrs.org"}]}],"description":"Searches based on the patient's recorded country of address eg) /ws/fhir2/{release}/Patient?address-country={country}","code":"address-country","base":["Patient"],"type":"string","target":["OMRSPatient"]}