{"resourceType":"SearchParameter","id":"patient-death-date","text":{"status":"generated","div":"<div xmlns=\"http://www.w3.org/1999/xhtml\"><h2>PatientDeathDateSearchParameter</h2><p>Parameter <code>death-date</code>:<code>date</code></p><div><p>Searches based on the death date of the patient (if any) eg) /ws/fhir2/{release}/Patient?death-date={date}</p>\n</div><table class=\"grid\"><tr><td>Resource</td><td><a href=\"http://hl7.org/fhir/R4/patient.html\">Patient</a></td></tr><tr><td>Expression</td><td>(none)</td></tr><tr><td>Target Resources</td><td><a href=\"http://hl7.org/fhir/R4/patient.html\">Patient</a></td></tr><tr><td>Multiples</td><td>The parameter cannot repeat or have multiple values</td></tr></table></div>"},"url":"http://fhir.openmrs.org/core/SearchParameter/patient-death-date","version":"0.1.0","name":"PatientDeathDateSearchParameter","status":"active","date":"2023-05-17T15:10:06+00:00","contact":[{"name":"OpenMRS, Inc.","telecom":[{"system":"url","value":"https://openmrs.org"}]}],"description":"Searches based on the death date of the patient (if any) eg) /ws/fhir2/{release}/Patient?death-date={date}","code":"death-date","base":["Patient"],"type":"date","target":["Patient"]}