{"resourceType":"ValueSet","id":"OpenMRS-task-status-vs","text":{"status":"generated","div":"<div xmlns=\"http://www.w3.org/1999/xhtml\"><ul><li>Include these codes as defined in <code>http://hl7.org/fhir/ValueSet/task-status</code><table class=\"none\"><tr><td style=\"white-space:nowrap\"><b>Code</b></td><td><b>Display</b></td></tr><tr><td>task-status-requested</td><td>Requested</td></tr><tr><td>task-status-rejected</td><td>Rejected</td></tr><tr><td>task-status-accepted</td><td>Accepted</td></tr><tr><td>task-status-completed</td><td>Completed</td></tr></table></li></ul></div>"},"url":"http://fhir.openmrs.org/fhir/ValueSet/OpenMRS-task-status-vs","version":"0.1.0","name":"OMRSPatientTaskStatusVS","title":"OpenMRS Status for Task","status":"active","date":"2022-10-08T02:06:31+00:00","contact":[{"name":"OpenMRS, Inc.","telecom":[{"system":"url","value":"https://openmrs.org"}]}],"description":"The state of the task, subset from https://www.hl7.org/FHIR/valueset-task-status.html","compose":{"include":[{"system":"http://hl7.org/fhir/ValueSet/task-status","concept":[{"code":"task-status-requested","display":"Requested"},{"code":"task-status-rejected","display":"Rejected"},{"code":"task-status-accepted","display":"Accepted"},{"code":"task-status-completed","display":"Completed"}]}]}}