<?xml version="1.0" encoding="UTF-8"?>

<SearchParameter xmlns="http://hl7.org/fhir">
  <id value="Encounter-date"/>
  <text>
    <status value="generated"/><div xmlns="http://www.w3.org/1999/xhtml"><h2>EncounterPatientNameSearchParameter</h2><p>Parameter <code>Encounter.period</code>:<code>date</code></p><div><p>Searches for Encounter based on the encounter creation date eg) /ws/fhir2/{release}/Encounter?date={date}</p>
</div><table class="grid"><tr><td>Resource</td><td><a href="http://hl7.org/fhir/R4/encounter.html">Encounter</a></td></tr><tr><td>Expression</td><td>(none)</td></tr><tr><td>Target Resources</td><td><a href="http://hl7.org/fhir/R4/encounter.html">Encounter</a></td></tr><tr><td>Multiples</td><td>The parameter cannot repeat or have multiple values</td></tr></table></div>
  </text>
  <url value="http://fhir.openmrs.org/core/SearchParameter/Encounter-date"/>
  <version value="0.1.0"/>
  <name value="EncounterPatientNameSearchParameter"/>
  <status value="active"/>
  <date value="2023-05-08T19:25:22+00:00"/>
  <contact>
    <name value="OpenMRS, Inc."/>
    <telecom>
      <system value="url"/>
      <value value="https://openmrs.org"/>
    </telecom>
  </contact>
  <description value="Searches for Encounter based on the encounter creation date eg) /ws/fhir2/{release}/Encounter?date={date}"/>
  <code value="Encounter.period"/>
  <base value="Encounter"/>
  <type value="date"/>
  <target value="Encounter"/>
</SearchParameter>