<?xml version="1.0" encoding="UTF-8"?>

<SearchParameter xmlns="http://hl7.org/fhir">
  <id value="MedicationRequest-patient-identifier"/>
  <text>
    <status value="generated"/><div xmlns="http://www.w3.org/1999/xhtml"><p><b>Generated Narrative: SearchParameter</b><a name="MedicationRequest-patient-identifier"> </a></p><div style="display: inline-block; background-color: #d9e0e7; padding: 6px; margin: 4px; border: 1px solid #8da1b4; border-radius: 5px; line-height: 60%"><p style="margin-bottom: 0px">Resource SearchParameter "MedicationRequest-patient-identifier" </p></div><p><b>url</b>: <code>http://fhir.openmrs.org/fhir/SearchParameter/MedicationRequest-patient-identifier</code></p><p><b>version</b>: 0.1.0</p><p><b>name</b>: MedicationRequestPatientIdentifierSearchParameter</p><p><b>status</b>: active</p><p><b>date</b>: 2022-10-08 02:02:22+0000</p><p><b>contact</b>: OpenMRS, Inc.: <a href="https://openmrs.org">https://openmrs.org</a></p><p><b>description</b>: Searches for MedicationRequest by a given patient eg) /ws/fhir2/{release}/MedicationRequest?patient.identifier={identifier}</p><p><b>code</b>: patient.identifier</p><p><b>base</b>: MedicationRequest</p><p><b>type</b>: token</p><p><b>target</b>: OMRSMedicationRequest</p></div>
  </text>
  <url value="http://fhir.openmrs.org/fhir/SearchParameter/MedicationRequest-patient-identifier"/>
  <version value="0.1.0"/>
  <name value="MedicationRequestPatientIdentifierSearchParameter"/>
  <status value="active"/>
  <date value="2022-10-08T02:02:22+00:00"/>
  <contact>
    <name value="OpenMRS, Inc."/>
    <telecom>
      <system value="url"/>
      <value value="https://openmrs.org"/>
    </telecom>
  </contact>
  <description value="Searches for MedicationRequest by a given patient eg) /ws/fhir2/{release}/MedicationRequest?patient.identifier={identifier}"/>
  <code value="patient.identifier"/>
  <base value="MedicationRequest"/>
  <type value="token"/>
  <target value="OMRSMedicationRequest"/>
</SearchParameter>