<?xml version="1.0" encoding="UTF-8"?>

<SearchParameter xmlns="http://hl7.org/fhir">
  <id value="Encounter-subject-name"/>
  <text>
    <status value="generated"/><div xmlns="http://www.w3.org/1999/xhtml"><h2>EncounterSubjectNameSearchParameter</h2><p>Parameter <code>subject.name</code>:<code>string</code></p><div><p>Searches for Encounter based on the patient's full or partial name eg) /ws/fhir2/{release}/Encounter?subject:Patient.name={name}</p>
</div><table class="grid"><tr><td>Resource</td><td><a href="http://hl7.org/fhir/R4/encounter.html">Encounter</a></td></tr><tr><td>Expression</td><td>(none)</td></tr><tr><td>Target Resources</td><td><a href="http://hl7.org/fhir/R4/encounter.html">Encounter</a></td></tr><tr><td>Multiples</td><td>The parameter cannot repeat or have multiple values</td></tr></table></div>
  </text>
  <url value="http://fhir.openmrs.org/fhir/SearchParameter/Encounter-subject-name"/>
  <version value="0.1.0"/>
  <name value="EncounterSubjectNameSearchParameter"/>
  <status value="active"/>
  <date value="2023-03-15T20:21:30+00:00"/>
  <contact>
    <name value="OpenMRS, Inc."/>
    <telecom>
      <system value="url"/>
      <value value="https://openmrs.org"/>
    </telecom>
  </contact>
  <description value="Searches for Encounter based on the patient's full or partial name eg) /ws/fhir2/{release}/Encounter?subject:Patient.name={name}"/>
  <code value="subject.name"/>
  <base value="Encounter"/>
  <type value="string"/>
  <target value="Encounter"/>
</SearchParameter>