<?xml version="1.0" encoding="UTF-8"?>

<SearchParameter xmlns="http://hl7.org/fhir">
  <id value="Encounter-address-country"/>
  <text>
    <status value="generated"/><div xmlns="http://www.w3.org/1999/xhtml"><h2>EncounterCountrySearchParameter</h2><p>Parameter <code>address-country</code>:<code>string</code></p><div><p>Searches based on the address-country field for the Encounter record eg) /ws/fhir2/{release}/Encounter?address-country={country}</p>
</div><table class="grid"><tr><td>Resource</td><td><a href="http://hl7.org/fhir/R4/encounter.html">Encounter</a></td></tr><tr><td>Expression</td><td>(none)</td></tr><tr><td>Target Resources</td><td><a href="http://hl7.org/fhir/R4/encounter.html">Encounter</a></td></tr><tr><td>Multiples</td><td>The parameter cannot repeat or have multiple values</td></tr></table></div>
  </text>
  <url value="http://fhir.openmrs.org/core/SearchParameter/Encounter-address-country"/>
  <version value="0.1.0"/>
  <name value="EncounterCountrySearchParameter"/>
  <status value="active"/>
  <date value="2023-05-08T19:25:22+00:00"/>
  <contact>
    <name value="OpenMRS, Inc."/>
    <telecom>
      <system value="url"/>
      <value value="https://openmrs.org"/>
    </telecom>
  </contact>
  <description value="Searches based on the address-country field for the Encounter record eg) /ws/fhir2/{release}/Encounter?address-country={country}"/>
  <code value="address-country"/>
  <base value="Encounter"/>
  <type value="string"/>
  <target value="Encounter"/>
</SearchParameter>