<?xml version="1.0" encoding="UTF-8"?>

<SearchParameter xmlns="http://hl7.org/fhir">
  <id value="observation-category"/>
  <text>
    <status value="generated"/><div xmlns="http://www.w3.org/1999/xhtml"><h2>ObservationCategorySearchParameter</h2><p>Parameter <code>category</code>:<code>token</code></p><div><p>Searches for observations by the observation category eg) /ws/fhir2/{release}/Observation?category={category}</p>
</div><table class="grid"><tr><td>Resource</td><td><a href="http://hl7.org/fhir/R4/observation.html">Observation</a></td></tr><tr><td>Expression</td><td>(none)</td></tr><tr><td>Target Resources</td><td><a href="http://hl7.org/fhir/R4/observation.html">Observation</a></td></tr><tr><td>Multiples</td><td>The parameter cannot repeat or have multiple values</td></tr></table></div>
  </text>
  <url value="http://fhir.openmrs.org/core/SearchParameter/observation-category"/>
  <version value="0.1.0"/>
  <name value="ObservationCategorySearchParameter"/>
  <status value="active"/>
  <date value="2023-05-08T19:25:22+00:00"/>
  <contact>
    <name value="OpenMRS, Inc."/>
    <telecom>
      <system value="url"/>
      <value value="https://openmrs.org"/>
    </telecom>
  </contact>
  <description value="Searches for observations by the observation category eg) /ws/fhir2/{release}/Observation?category={category}"/>
  <code value="category"/>
  <base value="Observation"/>
  <type value="token"/>
  <target value="Observation"/>
</SearchParameter>