<?xml version="1.0" encoding="UTF-8"?>

<SearchParameter xmlns="http://hl7.org/fhir">
  <id value="Practitioner-lastUpdated"/>
  <text>
    <status value="generated"/><div xmlns="http://www.w3.org/1999/xhtml"><p><b>Generated Narrative: SearchParameter</b><a name="Practitioner-lastUpdated"> </a></p><div style="display: inline-block; background-color: #d9e0e7; padding: 6px; margin: 4px; border: 1px solid #8da1b4; border-radius: 5px; line-height: 60%"><p style="margin-bottom: 0px">Resource SearchParameter "Practitioner-lastUpdated" </p></div><p><b>url</b>: <code>http://fhir.openmrs.org/fhir/SearchParameter/Practitioner-lastUpdated</code></p><p><b>version</b>: 0.1.0</p><p><b>name</b>: PractitionerLastUpdatedSearchParameter</p><p><b>status</b>: active</p><p><b>date</b>: 2022-10-08 02:08:40+0000</p><p><b>contact</b>: OpenMRS, Inc.: <a href="https://openmrs.org">https://openmrs.org</a></p><p><b>description</b>: Searches based on the Practitioner lastUpdated field for the Practitioner record eg) /ws/fhir2/{release}/Practitioner?_lastUpdated={date-range}</p><p><b>code</b>: _lastUpdated</p><p><b>base</b>: Practitioner</p><p><b>type</b>: date</p><p><b>target</b>: OMRSPractitioner</p></div>
  </text>
  <url value="http://fhir.openmrs.org/fhir/SearchParameter/Practitioner-lastUpdated"/>
  <version value="0.1.0"/>
  <name value="PractitionerLastUpdatedSearchParameter"/>
  <status value="active"/>
  <date value="2022-10-08T02:08:40+00:00"/>
  <contact>
    <name value="OpenMRS, Inc."/>
    <telecom>
      <system value="url"/>
      <value value="https://openmrs.org"/>
    </telecom>
  </contact>
  <description value="Searches based on the Practitioner lastUpdated field for the Practitioner record eg) /ws/fhir2/{release}/Practitioner?_lastUpdated={date-range}"/>
  <code value="_lastUpdated"/>
  <base value="Practitioner"/>
  <type value="date"/>
  <target value="OMRSPractitioner"/>
</SearchParameter>