<?xml version="1.0" encoding="UTF-8"?>

<SearchParameter xmlns="http://hl7.org/fhir">
  <id value="patient-name"/>
  <text>
    <status value="generated"/><div xmlns="http://www.w3.org/1999/xhtml"><h2>PatientNameSearchParameter</h2><p>Parameter <code>name</code>:<code>string</code></p><div><p>Searches for patient based on patient's full or partial name eg) /ws/fhir2/{release}/Patient?name={name}</p>
</div><table class="grid"><tr><td>Resource</td><td><a href="http://hl7.org/fhir/R4/patient.html">Patient</a></td></tr><tr><td>Expression</td><td>(none)</td></tr><tr><td>Target Resources</td><td><a href="http://hl7.org/fhir/R4/patient.html">Patient</a></td></tr><tr><td>Multiples</td><td>The parameter cannot repeat or have multiple values</td></tr></table></div>
  </text>
  <url value="http://fhir.openmrs.org/core/SearchParameter/patient-name"/>
  <version value="0.1.0"/>
  <name value="PatientNameSearchParameter"/>
  <status value="active"/>
  <date value="2023-05-09T05:52:21+00:00"/>
  <contact>
    <name value="OpenMRS, Inc."/>
    <telecom>
      <system value="url"/>
      <value value="https://openmrs.org"/>
    </telecom>
  </contact>
  <description value="Searches for patient based on patient's full or partial name eg) /ws/fhir2/{release}/Patient?name={name}"/>
  <code value="name"/>
  <base value="Patient"/>
  <type value="string"/>
  <target value="Patient"/>
</SearchParameter>