<?xml version="1.0" encoding="UTF-8"?>

<SearchParameter xmlns="http://hl7.org/fhir">
  <id value="Practitioner.given"/>
  <text>
    <status value="generated"/><div xmlns="http://www.w3.org/1999/xhtml"><h2>PractitionerGivenNameSearchParameter</h2><p>Parameter <code>practitioner.given</code>:<code>string</code></p><div><p>Searches for Practitioner based on the Practitioner's given name(s) eg) /ws/fhir2/{release}/Practitioner?given={givenName}</p>
</div><table class="grid"><tr><td>Resource</td><td><a href="http://hl7.org/fhir/R4/practitioner.html">Practitioner</a></td></tr><tr><td>Expression</td><td>(none)</td></tr><tr><td>Target Resources</td><td><a href="http://hl7.org/fhir/R4/practitioner.html">Practitioner</a></td></tr><tr><td>Multiples</td><td>The parameter cannot repeat or have multiple values</td></tr></table></div>
  </text>
  <url value="http://fhir.openmrs.org/fhir/SearchParameter/Practitioner.given"/>
  <version value="0.1.0"/>
  <name value="PractitionerGivenNameSearchParameter"/>
  <status value="active"/>
  <date value="2023-03-15T20:21:30+00:00"/>
  <contact>
    <name value="OpenMRS, Inc."/>
    <telecom>
      <system value="url"/>
      <value value="https://openmrs.org"/>
    </telecom>
  </contact>
  <description value="Searches for Practitioner based on the Practitioner's given name(s) eg) /ws/fhir2/{release}/Practitioner?given={givenName}"/>
  <code value="practitioner.given"/>
  <base value="Practitioner"/>
  <type value="string"/>
  <target value="Practitioner"/>
</SearchParameter>