<?xml version="1.0" encoding="UTF-8"?>

<Task xmlns="http://hl7.org/fhir">
  <id value="example-openmrs-Task"/>
  <meta>
    <profile value="http://fhir.openmrs.org/fhir/StructureDefinition/OpenMRS-task"/>
  </meta>
  <text>
    <status value="generated"/><div xmlns="http://www.w3.org/1999/xhtml"><p><b>Generated Narrative: Task</b><a name="example-openmrs-Task"> </a></p><div style="display: inline-block; background-color: #d9e0e7; padding: 6px; margin: 4px; border: 1px solid #8da1b4; border-radius: 5px; line-height: 60%"><p style="margin-bottom: 0px">Resource Task "example-openmrs-Task" </p><p style="margin-bottom: 0px">Profile: <a href="StructureDefinition-OpenMRS-task.html">OpenMRS Task</a></p></div><p><b>identifier</b>: id: e8f8d71a-6c14-4105-b6fe-30f3cf6b7dc9</p><p><b>basedOn</b>: <span></span></p><p><b>status</b>: completed</p><p><b>intent</b>: order</p><p><b>for</b>: <a href="OMRSPatient">OMRSPatient</a></p><p><b>authoredOn</b>: 2021-02-20</p><p><b>lastModified</b>: 2021-02-21</p><p><b>owner</b>: <a href="OMRSPatient">OMRSPatient</a></p></div>
  </text>
  <identifier>
    <system value="http://fhir.openmrs.org/ext/task/identifier"/>
    <value value="e8f8d71a-6c14-4105-b6fe-30f3cf6b7dc9"/>
  </identifier>
  <basedOn>
    <type value="ServiceRequest"/>
  </basedOn>
  <status value="completed"/>
  <intent value="order"/>
  <for>
    <reference value="OMRSPatient"/>
  </for>
  <authoredOn value="2021-02-20"/>
  <lastModified value="2021-02-21"/>
  <owner>
    <reference value="OMRSPatient"/>
  </owner>
</Task>