<?xml version="1.0" encoding="UTF-8"?>

<ValueSet xmlns="http://hl7.org/fhir">
  <id value="medication-request-priority-vs"/>
  <text>
    <status value="generated"/><div xmlns="http://www.w3.org/1999/xhtml"><ul><li>Include these codes as defined in <code>http://fhir.openmrs.org/fhir/request-priority</code><table class="none"><tr><td style="white-space:nowrap"><b>Code</b></td><td><b>Display</b></td></tr><tr><td>routine</td><td>Routine</td></tr><tr><td>urgent</td><td>Urgent</td></tr><tr><td>asap</td><td>ASAP</td></tr><tr><td>stat</td><td>STAT</td></tr></table></li></ul></div>
  </text>
  <url value="http://fhir.openmrs.org/fhir/ValueSet/medication-request-priority-vs"/>
  <version value="0.1.0"/>
  <name value="MedicationRequestPriorityVs"/>
  <title value="Medication Request Priority ValueSet"/>
  <status value="active"/>
  <date value="2022-10-08T02:10:18+00:00"/>
  <contact>
    <name value="OpenMRS, Inc."/>
    <telecom>
      <system value="url"/>
      <value value="https://openmrs.org"/>
    </telecom>
  </contact>
  <description value="Openmrs Medication Request Priority ValueSet"/>
  <compose>
    <include>
      <system value="http://fhir.openmrs.org/fhir/request-priority"/>
      <concept>
        <code value="routine"/>
        <display value="Routine"/>
      </concept>
      <concept>
        <code value="urgent"/>
        <display value="Urgent"/>
      </concept>
      <concept>
        <code value="asap"/>
        <display value="ASAP"/>
      </concept>
      <concept>
        <code value="stat"/>
        <display value="STAT"/>
      </concept>
    </include>
  </compose>
</ValueSet>