<?xml version="1.0" encoding="UTF-8"?><SearchParameter xmlns="http://hl7.org/fhir"><id value="Encounter-patient.family"/><url value="http://fhir.openmrs.org/fhir/SearchParameter/Encounter-patient.family"/><version value="0.1.0"/><name value="EncounterPatientFamilyNameSearchParameter"/><status value="active"/><date value="2022-10-08T02:14:23+00:00"/><contact><name value="OpenMRS, Inc."/><telecom><system value="url"/><value value="https://openmrs.org"/></telecom></contact><description value="Searches for Encounters based on the patient's family name eg) /ws/fhir2/{release}/Encounter?patient.family={familyName}"/><code value="patient.family"/><base value="Encounter"/><type value="string"/><target value="OMRSEncounter"/></SearchParameter>