<?xml version="1.0" encoding="UTF-8"?><SearchParameter xmlns="http://hl7.org/fhir"><id value="Encounter-date"/><url value="http://fhir.openmrs.org/fhir/SearchParameter/Encounter-date"/><version value="0.1.0"/><name value="EncounterPatientNameSearchParameter"/><status value="active"/><date value="2022-10-08T02:10:18+00:00"/><contact><name value="OpenMRS, Inc."/><telecom><system value="url"/><value value="https://openmrs.org"/></telecom></contact><description value="Searches for Encounter based on the encounter creation date eg) /ws/fhir2/{release}/Encounter?date={date}"/><code value="Encounter.period"/><base value="Encounter"/><type value="date"/><target value="OMRSEncounter"/></SearchParameter>