<?xml version="1.0" encoding="UTF-8"?><SearchParameter xmlns="http://hl7.org/fhir"><id value="Task-basedOn"/><url value="http://fhir.openmrs.org/fhir/SearchParameter/Task-basedOn"/><version value="0.1.0"/><name value="TaskBasedOnSearchParameter"/><status value="active"/><date value="2022-10-08T02:08:40+00:00"/><contact><name value="OpenMRS, Inc."/><telecom><system value="url"/><value value="https://openmrs.org"/></telecom></contact><description value="Searches for FhirTask based on the ServiceRequest Reference eg) /ws/fhir2/{release}/Task?based-on={ServiceRequestUuid}"/><code value="Task.based-on"/><base value="Task"/><type value="reference"/><target value="OpenMRSTask"/></SearchParameter>