<?xml version="1.0" encoding="UTF-8"?><SearchParameter xmlns="http://hl7.org/fhir"><id value="Encounter-subject-given"/><url value="http://fhir.openmrs.org/fhir/SearchParameter/Encounter-subject-given"/><version value="0.1.0"/><name value="EncounterSubjectGivenSearchParameter"/><status value="active"/><date value="2022-10-08T02:10:18+00:00"/><contact><name value="OpenMRS, Inc."/><telecom><system value="url"/><value value="https://openmrs.org"/></telecom></contact><description value="Searches for Encounter based on the patient's given name(s) eg) /ws/fhir2/{release}/Encounter?subject:Patient.given={givenName}"/><code value="subject.given"/><base value="Encounter"/><type value="string"/><target value="OMRSEncounter"/></SearchParameter>