<?xml version="1.0" encoding="UTF-8"?><SearchParameter xmlns="http://hl7.org/fhir"><id value="location-id"/><url value="http://fhir.openmrs.org/fhir/SearchParameter/location-id"/><version value="0.1.0"/><name value="LocationIdSearchParameter"/><status value="active"/><date value="2022-10-08T02:10:18+00:00"/><contact><name value="OpenMRS, Inc."/><telecom><system value="url"/><value value="https://openmrs.org"/></telecom></contact><description value="Searches based on the location uuid field for the location record eg) /ws/fhir2/{release}/Location?_id={uuid}"/><code value="_id"/><base value="Location"/><type value="token"/><target value="OMRSLocation"/></SearchParameter>