<?xml version="1.0" encoding="UTF-8"?><SearchParameter xmlns="http://hl7.org/fhir"><id value="location-address-country"/><text><status value="generated"/><div xmlns="http://www.w3.org/1999/xhtml"><p class="res-header-id"><b>Generated Narrative: SearchParameter location-address-country</b></p><a name="location-address-country"> </a><a name="hclocation-address-country"> </a><a name="location-address-country-en-US"> </a><h2>LocationCountrySearchParameter</h2><p>Parameter <code>address-country</code>:<code>string</code></p><div><p>Searches based on the address-country field for the location record eg) /ws/fhir2/{release}/Location?address-country={country}</p>
</div><table class="grid"><tr><td>Resource</td><td><a href="http://hl7.org/fhir/R4/location.html">Location</a></td></tr><tr><td>Expression</td><td>(none)</td></tr><tr><td>Target Resources</td><td><a href="http://hl7.org/fhir/R4/location.html">Location</a></td></tr><tr><td>Multiples</td><td><ul><li>multipleAnd: It's up to the server whether the parameter may repeat in order to specify multiple values that must all be true</li><li>multipleOr: It's up to the server whether the parameter can have multiple values (separated by comma) where at least one must be true</li></ul></td></tr></table></div></text><url value="http://fhir.openmrs.org/core/SearchParameter/location-address-country"/><version value="0.1.0"/><name value="LocationCountrySearchParameter"/><status value="active"/><date value="2024-12-11T17:17:27+00:00"/><contact><name value="OpenMRS, Inc."/><telecom><system value="url"/><value value="https://openmrs.org"/></telecom></contact><description value="Searches based on the address-country field for the location record eg) /ws/fhir2/{release}/Location?address-country={country}"/><code value="address-country"/><base value="Location"/><type value="string"/><target value="Location"/></SearchParameter>