<?xml version="1.0" encoding="UTF-8"?><SearchParameter xmlns="http://hl7.org/fhir"><id value="serviceRequest-lastUpdated"/><url value="http://fhir.openmrs.org/fhir/SearchParameter/serviceRequest-lastUpdated"/><version value="0.1.0"/><name value="serviceRequestLastUpdatedSearchParameter"/><status value="active"/><date value="2022-10-08T02:14:23+00:00"/><contact><name value="OpenMRS, Inc."/><telecom><system value="url"/><value value="https://openmrs.org"/></telecom></contact><description value="Searches for serviceRequest based on service lastUpdated field eg) /openmrs/ws/fhir2/{release}/ServiceRequest?_lastUpdated={date}"/><code value="_lastUpdated"/><base value="ServiceRequest"/><type value="date"/><target value="OpenMRSServiceRequest"/></SearchParameter>