<?xml version="1.0" encoding="UTF-8"?><SearchParameter xmlns="http://hl7.org/fhir"><id value="condition-subject-identifier"/><url value="http://fhir.openmrs.org/fhir/SearchParameter/condition-subject-identifier"/><version value="0.1.0"/><name value="conditionSubjectIdentifierSearchParameter"/><status value="active"/><date value="2022-10-08T02:10:18+00:00"/><contact><name value="OpenMRS, Inc."/><telecom><system value="url"/><value value="https://openmrs.org"/></telecom></contact><description value="Searches for condition by the patient identifier eg) /ws/fhir2/{release}/Condition?subject:Patient.identifier={identifier}"/><code value="subject.identifier"/><base value="Condition"/><type value="token"/><target value="OMRSCondition"/></SearchParameter>