<?xml version="1.0" encoding="UTF-8"?><SearchParameter xmlns="http://hl7.org/fhir"><id value="condition-code"/><text><status value="generated"/><div xmlns="http://www.w3.org/1999/xhtml"><h2>ConditionCodeSearchParameter</h2><p>Parameter <code>code</code>:<code>token</code></p><div><p>Searches for condition based on the condition concept code eg) /ws/fhir2/{release}/Condition?code={code}</p>
</div><table class="grid"><tr><td>Resource</td><td><a href="http://hl7.org/fhir/R4/condition.html">Condition</a></td></tr><tr><td>Expression</td><td>(none)</td></tr><tr><td>Target Resources</td><td><a href="http://hl7.org/fhir/R4/condition.html">Condition</a></td></tr><tr><td>Multiples</td><td>The parameter cannot repeat or have multiple values</td></tr></table></div></text><url value="http://fhir.openmrs.org/core/SearchParameter/condition-code"/><version value="0.1.0"/><name value="ConditionCodeSearchParameter"/><status value="active"/><date value="2023-06-23T17:20:12+00:00"/><contact><name value="OpenMRS, Inc."/><telecom><system value="url"/><value value="https://openmrs.org"/></telecom></contact><description value="Searches for condition based on the condition concept code eg) /ws/fhir2/{release}/Condition?code={code}"/><code value="code"/><base value="Condition"/><type value="token"/><target value="Condition"/></SearchParameter>