<?xml version="1.0" encoding="UTF-8"?><SearchParameter xmlns="http://hl7.org/fhir"><id value="serviceRequest-id"/><url value="http://fhir.openmrs.org/fhir/SearchParameter/serviceRequest-id"/><version value="0.1.0"/><name value="serviceRequestIdSearchParameter"/><status value="active"/><date value="2022-10-08T02:14:23+00:00"/><contact><name value="OpenMRS, Inc."/><telecom><system value="url"/><value value="https://openmrs.org"/></telecom></contact><description value="Searches for serviceRequest based on service Uuid eg) /ws/fhir2/{release}/ServiceRequest?_id={uuid}"/><code value="_id"/><base value="ServiceRequest"/><type value="token"/><target value="OpenMRSServiceRequest"/></SearchParameter>