<?xml version="1.0" encoding="UTF-8"?><SearchParameter xmlns="http://hl7.org/fhir"><id value="condition-requester-identifier"/><url value="http://fhir.openmrs.org/fhir/SearchParameter/condition-requester-identifier"/><version value="0.1.0"/><name value="conditionRequesterIdentifierSearchParameter"/><status value="active"/><date value="2022-10-08T02:04:28+00:00"/><contact><name value="OpenMRS, Inc."/><telecom><system value="url"/><value value="https://openmrs.org"/></telecom></contact><description value="Searches for condition by the Practitioner identifier eg) /ws/fhir2/{release}/Condition?requester:Practitioner.identifier={identifier}"/><code value="requester.identifier"/><base value="Condition"/><type value="token"/><target value="OMRSCondition"/></SearchParameter>