<?xml version="1.0" encoding="UTF-8"?><SearchParameter xmlns="http://hl7.org/fhir"><id value="AllergyIntolerance-subject-given"/><text><status value="generated"/><div xmlns="http://www.w3.org/1999/xhtml"><p class="res-header-id"><b>Generated Narrative: SearchParameter AllergyIntolerance-subject-given</b></p><a name="AllergyIntolerance-subject-given"> </a><a name="hcAllergyIntolerance-subject-given"> </a><a name="AllergyIntolerance-subject-given-en-US"> </a><h2>AllergyIntoleranceSubjectGivenSearchParameter</h2><p>Parameter <code>subject.given</code>:<code>string</code></p><div><p>Searches for AllergyIntolerance based on the patient's given name(s) eg) /ws/fhir2/{release}/AllergyIntolerance?subject:Patient.given={givenName}</p>
</div><table class="grid"><tr><td>Resource</td><td><a href="http://hl7.org/fhir/R4/allergyintolerance.html">AllergyIntolerance</a></td></tr><tr><td>Expression</td><td>(none)</td></tr><tr><td>Target Resources</td><td><a href="http://hl7.org/fhir/R4/allergyintolerance.html">AllergyIntolerance</a></td></tr><tr><td>Multiples</td><td><ul><li>multipleAnd: It's up to the server whether the parameter may repeat in order to specify multiple values that must all be true</li><li>multipleOr: It's up to the server whether the parameter can have multiple values (separated by comma) where at least one must be true</li></ul></td></tr></table></div></text><url value="http://fhir.openmrs.org/core/SearchParameter/AllergyIntolerance-subject-given"/><version value="0.1.0"/><name value="AllergyIntoleranceSubjectGivenSearchParameter"/><status value="active"/><date value="2024-12-11T17:17:27+00:00"/><contact><name value="OpenMRS, Inc."/><telecom><system value="url"/><value value="https://openmrs.org"/></telecom></contact><description value="Searches for AllergyIntolerance based on the patient's given name(s) eg) /ws/fhir2/{release}/AllergyIntolerance?subject:Patient.given={givenName}"/><code value="subject.given"/><base value="AllergyIntolerance"/><type value="string"/><target value="AllergyIntolerance"/></SearchParameter>