<?xml version="1.0" encoding="UTF-8"?><SearchParameter xmlns="http://hl7.org/fhir"><id value="serviceRequest-patient"/><url value="http://fhir.openmrs.org/fhir/SearchParameter/serviceRequest-patient"/><version value="0.1.0"/><name value="serviceRequestPatientSearchParameter"/><status value="active"/><date value="2022-10-08T02:14:23+00:00"/><contact><name value="OpenMRS, Inc."/><telecom><system value="url"/><value value="https://openmrs.org"/></telecom></contact><description value="Searches for serviceRequest by a given patient Uuid eg) /ws/fhir2/{release}/ServiceRequest?patient={uuid}"/><code value="patient"/><base value="ServiceRequest"/><type value="reference"/><target value="OpenMRSServiceRequest"/></SearchParameter>