<?xml version="1.0" encoding="UTF-8"?><SearchParameter xmlns="http://hl7.org/fhir"><id value="observation-subject"/><text><status value="generated"/><div xmlns="http://www.w3.org/1999/xhtml"><h2>ObservationSubjectSearchParameter</h2><p>Parameter <code>subject</code>:<code>reference</code></p><div><p>Searches for observations by a given subject eg) /ws/fhir2/{release}/Observation?subject:Patient={patientUuid}</p>
</div><table class="grid"><tr><td>Resource</td><td><a href="http://hl7.org/fhir/R4/observation.html">Observation</a></td></tr><tr><td>Expression</td><td>(none)</td></tr><tr><td>Target Resources</td><td><a href="http://hl7.org/fhir/R4/observation.html">Observation</a></td></tr><tr><td>Multiples</td><td>The parameter cannot repeat or have multiple values</td></tr></table></div></text><url value="http://fhir.openmrs.org/core/SearchParameter/observation-subject"/><version value="0.1.0"/><name value="ObservationSubjectSearchParameter"/><status value="active"/><date value="2023-05-17T15:10:06+00:00"/><contact><name value="OpenMRS, Inc."/><telecom><system value="url"/><value value="https://openmrs.org"/></telecom></contact><description value="Searches for observations by a given subject eg) /ws/fhir2/{release}/Observation?subject:Patient={patientUuid}"/><code value="subject"/><base value="Observation"/><type value="reference"/><target value="Observation"/></SearchParameter>