<?xml version="1.0" encoding="UTF-8"?><SearchParameter xmlns="http://hl7.org/fhir"><id value="MedicationRequest-requestor.family"/><url value="http://fhir.openmrs.org/fhir/SearchParameter/MedicationRequest-requestor.family"/><version value="0.1.0"/><name value="MedicationRequestRequestorFamilyNameSearchParameter"/><status value="active"/><date value="2022-10-08T02:04:28+00:00"/><contact><name value="OpenMRS, Inc."/><telecom><system value="url"/><value value="https://openmrs.org"/></telecom></contact><description value="Searches for MedicationRequest based on the Practitioner's family name eg) /ws/fhir2/{release}/MedicationRequest?requestor.family={familyName}"/><code value="requestor.family"/><base value="MedicationRequest"/><type value="string"/><target value="OMRSMedicationRequest"/></SearchParameter>