<?xml version="1.0" encoding="UTF-8"?><SearchParameter xmlns="http://hl7.org/fhir"><id value="patient-address-country"/><text><status value="generated"/><div xmlns="http://www.w3.org/1999/xhtml"><h2>patientCountrySearchParameter</h2><p>Parameter <code>address-country</code>:<code>string</code></p><div><p>Searches based on the patient's recorded country of address eg) /ws/fhir2/{release}/Patient?address-country={country}</p>
</div><table class="grid"><tr><td>Resource</td><td><a href="http://hl7.org/fhir/R4/patient.html">Patient</a></td></tr><tr><td>Expression</td><td>(none)</td></tr><tr><td>Target Resources</td><td><a href="http://hl7.org/fhir/R4/patient.html">Patient</a></td></tr><tr><td>Multiples</td><td>The parameter cannot repeat or have multiple values</td></tr></table></div></text><url value="http://fhir.openmrs.org/fhir/SearchParameter/patient-address-country"/><version value="0.1.0"/><name value="patientCountrySearchParameter"/><status value="active"/><date value="2023-03-09T17:04:20+00:00"/><contact><name value="OpenMRS, Inc."/><telecom><system value="url"/><value value="https://openmrs.org"/></telecom></contact><description value="Searches based on the patient's recorded country of address eg) /ws/fhir2/{release}/Patient?address-country={country}"/><code value="address-country"/><base value="Patient"/><type value="string"/><target value="Patient"/></SearchParameter>