<?xml version="1.0" encoding="UTF-8"?><SearchParameter xmlns="http://hl7.org/fhir"><id value="location-tag"/><url value="http://fhir.openmrs.org/fhir/SearchParameter/location-tag"/><version value="0.1.0"/><name value="LocationTagSearchParameter"/><status value="active"/><date value="2022-10-08T02:14:23+00:00"/><contact><name value="OpenMRS, Inc."/><telecom><system value="url"/><value value="https://openmrs.org"/></telecom></contact><description value="Searches based on the tag field for the location record eg) /ws/fhir2/{release}/Location?_tag={tag}"/><code value="tag"/><base value="Location"/><type value="string"/><target value="OMRSLocation"/></SearchParameter>