<?xml version="1.0" encoding="UTF-8"?><SearchParameter xmlns="http://hl7.org/fhir"><id value="location-name"/><url value="http://fhir.openmrs.org/fhir/SearchParameter/location-name"/><version value="0.1.0"/><name value="LocationNameSearchParameter"/><status value="active"/><date value="2022-10-08T02:10:18+00:00"/><contact><name value="OpenMRS, Inc."/><telecom><system value="url"/><value value="https://openmrs.org"/></telecom></contact><description value="Searches based on the name field for the location record eg) /ws/fhir2/{release}/Location?name={name}"/><code value="name"/><base value="Location"/><type value="string"/><target value="OMRSLocation"/></SearchParameter>