<?xml version="1.0" encoding="UTF-8"?><SearchParameter xmlns="http://hl7.org/fhir"><id value="condition-patient"/><url value="http://fhir.openmrs.org/fhir/SearchParameter/condition-patient"/><version value="0.1.0"/><name value="conditionPatientSearchParameter"/><status value="active"/><date value="2022-10-08T02:08:40+00:00"/><contact><name value="OpenMRS, Inc."/><telecom><system value="url"/><value value="https://openmrs.org"/></telecom></contact><description value="Searches for condition by a given patient Uuid eg) /ws/fhir2/{release}/Condition?patient={uuid}"/><code value="patient"/><base value="condition"/><type value="reference"/><target value="OMRSCondition"/></SearchParameter>