<?xml version="1.0" encoding="UTF-8"?><SearchParameter xmlns="http://hl7.org/fhir"><id value="person-id"/><url value="http://fhir.openmrs.org/fhir/SearchParameter/person-id"/><version value="0.1.0"/><name value="personIdSearchParameter"/><status value="active"/><date value="2022-10-08T02:14:23+00:00"/><contact><name value="OpenMRS, Inc."/><telecom><system value="url"/><value value="https://openmrs.org"/></telecom></contact><description value="Searches based on the exact UUID of the person record eg) /ws/fhir2/{release}/Person?_id={uuid}"/><code value="_id"/><base value="Person"/><type value="token"/><target value="OMRSPerson"/></SearchParameter>