<?xml version="1.0" encoding="UTF-8"?><SearchParameter xmlns="http://hl7.org/fhir"><id value="Encounter-participant"/><text><status value="generated"/><div xmlns="http://www.w3.org/1999/xhtml"><h2>EncounterParticipantSearchParameter</h2><p>Parameter <code>participant</code>:<code>reference</code></p><div><p>Searches for Encounters by a given Practitioner Reference uuid eg) /ws/fhir2/{release}/Encounter?participant={PractitionerUuid}</p>
</div><table class="grid"><tr><td>Resource</td><td><a href="http://hl7.org/fhir/R4/encounter.html">Encounter</a></td></tr><tr><td>Expression</td><td>(none)</td></tr><tr><td>Target Resources</td><td><a href="http://hl7.org/fhir/R4/encounter.html">Encounter</a></td></tr><tr><td>Multiples</td><td>The parameter cannot repeat or have multiple values</td></tr></table></div></text><url value="http://fhir.openmrs.org/core/SearchParameter/Encounter-participant"/><version value="0.1.0"/><name value="EncounterParticipantSearchParameter"/><status value="active"/><date value="2023-06-23T17:20:12+00:00"/><contact><name value="OpenMRS, Inc."/><telecom><system value="url"/><value value="https://openmrs.org"/></telecom></contact><description value="Searches for Encounters by a given Practitioner Reference uuid eg) /ws/fhir2/{release}/Encounter?participant={PractitionerUuid}"/><code value="participant"/><base value="Encounter"/><type value="reference"/><target value="Encounter"/></SearchParameter>