<?xml version="1.0" encoding="UTF-8"?><SearchParameter xmlns="http://hl7.org/fhir"><id value="Encounter-location"/><url value="http://fhir.openmrs.org/fhir/SearchParameter/Encounter-location"/><version value="0.1.0"/><name value="EncounterLocationNameSearchParameter"/><status value="active"/><date value="2022-10-08T02:14:23+00:00"/><contact><name value="OpenMRS, Inc."/><telecom><system value="url"/><value value="https://openmrs.org"/></telecom></contact><description value="Searches for Encounter based on the location reference uuid eg) /ws/fhir2/{release}/Encounter?location={uuid}"/><code value="Encounter.location"/><base value="Encounter"/><type value="reference"/><target value="OMRSEncounter"/></SearchParameter>