<?xml version="1.0" encoding="UTF-8"?><SearchParameter xmlns="http://hl7.org/fhir"><id value="MedicationRequest-medication"/><text><status value="generated"/><div xmlns="http://www.w3.org/1999/xhtml"><h2>MedicationRequestmedicationSearchParameter</h2><p>Parameter <code>medication</code>:<code>reference</code></p><div><p>Searches for MedicationRequest by medication reference eg) /ws/fhir2/{release}/MedicationRequest?medication={reference}</p>
</div><table class="grid"><tr><td>Resource</td><td><a href="http://hl7.org/fhir/R4/medicationrequest.html">MedicationRequest</a></td></tr><tr><td>Expression</td><td>(none)</td></tr><tr><td>Target Resources</td><td><a href="http://hl7.org/fhir/R4/medicationrequest.html">MedicationRequest</a></td></tr><tr><td>Multiples</td><td>The parameter cannot repeat or have multiple values</td></tr></table></div></text><url value="http://fhir.openmrs.org/fhir/SearchParameter/MedicationRequest-medication"/><version value="0.1.0"/><name value="MedicationRequestmedicationSearchParameter"/><status value="active"/><date value="2023-03-16T09:46:21+00:00"/><contact><name value="OpenMRS, Inc."/><telecom><system value="url"/><value value="https://openmrs.org"/></telecom></contact><description value="Searches for MedicationRequest by medication reference eg) /ws/fhir2/{release}/MedicationRequest?medication={reference}"/><code value="medication"/><base value="MedicationRequest"/><type value="reference"/><target value="MedicationRequest"/></SearchParameter>