<?xml version="1.0" encoding="UTF-8"?><SearchParameter xmlns="http://hl7.org/fhir"><id value="Encounter-address-postalcode"/><url value="http://fhir.openmrs.org/fhir/SearchParameter/Encounter-address-postalcode"/><version value="0.1.0"/><name value="EncounterPostalCodeSearchParameter"/><status value="active"/><date value="2022-10-08T02:10:18+00:00"/><contact><name value="OpenMRS, Inc."/><telecom><system value="url"/><value value="https://openmrs.org"/></telecom></contact><description value="Searches based on the address-postalcode field for the Encounter record eg) /ws/fhir2/{release}/Encounter?address-postalcode={postalCode}"/><code value="address-postalcode"/><base value="Encounter"/><type value="string"/><target value="OMRSEncounter"/></SearchParameter>