<?xml version="1.0" encoding="UTF-8"?><SearchParameter xmlns="http://hl7.org/fhir"><id value="Encounter-patient"/><text><status value="generated"/><div xmlns="http://www.w3.org/1999/xhtml"><h2>EncounterPatientSearchParameter</h2><p>Parameter <code>patient</code>:<code>reference</code></p><div><p>Searches for Encounters by a given patient eg) /ws/fhir2/{release}/Encounter?patient={patientUuid}</p>
</div><table class="grid"><tr><td>Resource</td><td><a href="http://hl7.org/fhir/R4/encounter.html">Encounter</a></td></tr><tr><td>Expression</td><td>(none)</td></tr><tr><td>Target Resources</td><td><a href="http://hl7.org/fhir/R4/encounter.html">Encounter</a></td></tr><tr><td>Multiples</td><td>The parameter cannot repeat or have multiple values</td></tr></table></div></text><url value="http://fhir.openmrs.org/core/SearchParameter/Encounter-patient"/><version value="0.1.0"/><name value="EncounterPatientSearchParameter"/><status value="active"/><date value="2023-05-17T15:10:06+00:00"/><contact><name value="OpenMRS, Inc."/><telecom><system value="url"/><value value="https://openmrs.org"/></telecom></contact><description value="Searches for Encounters by a given patient eg) /ws/fhir2/{release}/Encounter?patient={patientUuid}"/><code value="patient"/><base value="Encounter"/><type value="reference"/><target value="Encounter"/></SearchParameter>