<?xml version="1.0" encoding="UTF-8"?><ValueSet xmlns="http://hl7.org/fhir"><id value="medication-request-intent-vs"/><text><status value="generated"/><div xmlns="http://www.w3.org/1999/xhtml"><ul><li>Include these codes as defined in <code>http://fhir.openmrs.org/fhir/CodeSystem/medicationrequest-intent</code><table class="none"><tr><td style="white-space:nowrap"><b>Code</b></td><td><b>Display</b></td></tr><tr><td>proposal</td><td>Proposal</td></tr><tr><td>plan</td><td>Plan</td></tr><tr><td>order</td><td>Order</td></tr><tr><td>original-order</td><td>Original Order</td></tr><tr><td>reflex-order</td><td>Reflex Order</td></tr><tr><td>filler-order</td><td>Filler Order</td></tr><tr><td>instance-order</td><td>Instance Order</td></tr><tr><td>option</td><td>Option</td></tr></table></li></ul></div></text><url value="http://fhir.openmrs.org/fhir/ValueSet/medication-request-intent-vs"/><version value="0.1.0"/><name value="MedicationRequestIntentVs"/><title value="Medication Request Intent Vs"/><status value="active"/><date value="2022-10-08T02:04:28+00:00"/><contact><name value="OpenMRS, Inc."/><telecom><system value="url"/><value value="https://openmrs.org"/></telecom></contact><description value="Medication Request Intent ValueSet"/><compose><include><system value="http://fhir.openmrs.org/fhir/CodeSystem/medicationrequest-intent"/><concept><code value="proposal"/><display value="Proposal"/></concept><concept><code value="plan"/><display value="Plan"/></concept><concept><code value="order"/><display value="Order"/></concept><concept><code value="original-order"/><display value="Original Order"/></concept><concept><code value="reflex-order"/><display value="Reflex Order"/></concept><concept><code value="filler-order"/><display value="Filler Order"/></concept><concept><code value="instance-order"/><display value="Instance Order"/></concept><concept><code value="option"/><display value="Option"/></concept></include></compose></ValueSet>