[
  {
    "id": "encounter-type",
    "type": "CodeSystem",
    "url": "http://fhir.openmrs.org/fhir/CodeSystem/encounter-type",
    "version": "0.1.0",
    "name": "EncounterType"
  },
  {
    "id": "openmrs",
    "type": "ImplementationGuide",
    "url": "http://fhir.openmrs.org/fhir/ImplementationGuide/openmrs",
    "version": "0.1.0",
    "name": "OMRSFhir2ImplementationGuide"
  },
  {
    "id": "Condition-requester-family",
    "type": "SearchParameter",
    "url": "http://fhir.openmrs.org/fhir/SearchParameter/Condition-requester-family",
    "version": "0.1.0",
    "name": "conditionRequesterfamilySearchParameter"
  },
  {
    "id": "Condition-requester-given",
    "type": "SearchParameter",
    "url": "http://fhir.openmrs.org/fhir/SearchParameter/Condition-requester-given",
    "version": "0.1.0",
    "name": "conditionRequesterGivenSearchParameter"
  },
  {
    "id": "Encounter-address-city",
    "type": "SearchParameter",
    "url": "http://fhir.openmrs.org/fhir/SearchParameter/Encounter-address-city",
    "version": "0.1.0",
    "name": "EncounterCitySearchParameter"
  },
  {
    "id": "Encounter-address-country",
    "type": "SearchParameter",
    "url": "http://fhir.openmrs.org/fhir/SearchParameter/Encounter-address-country",
    "version": "0.1.0",
    "name": "EncounterCountrySearchParameter"
  },
  {
    "id": "Encounter-address-postalcode",
    "type": "SearchParameter",
    "url": "http://fhir.openmrs.org/fhir/SearchParameter/Encounter-address-postalcode",
    "version": "0.1.0",
    "name": "EncounterPostalCodeSearchParameter"
  },
  {
    "id": "Encounter-address-state",
    "type": "SearchParameter",
    "url": "http://fhir.openmrs.org/fhir/SearchParameter/Encounter-address-state",
    "version": "0.1.0",
    "name": "EncounterStateSearchParameter"
  },
  {
    "id": "Encounter-date",
    "type": "SearchParameter",
    "url": "http://fhir.openmrs.org/fhir/SearchParameter/Encounter-date",
    "version": "0.1.0",
    "name": "EncounterPatientNameSearchParameter"
  },
  {
    "id": "Encounter-id",
    "type": "SearchParameter",
    "url": "http://fhir.openmrs.org/fhir/SearchParameter/Encounter-id",
    "version": "0.1.0",
    "name": "EncounterIdSearchParameter"
  },
  {
    "id": "Encounter-lastUpdated",
    "type": "SearchParameter",
    "url": "http://fhir.openmrs.org/fhir/SearchParameter/Encounter-lastUpdated",
    "version": "0.1.0",
    "name": "EncounterLastUpdatedSearchParameter"
  },
  {
    "id": "Encounter-location",
    "type": "SearchParameter",
    "url": "http://fhir.openmrs.org/fhir/SearchParameter/Encounter-location",
    "version": "0.1.0",
    "name": "EncounterLocationNameSearchParameter"
  },
  {
    "id": "Encounter-participant",
    "type": "SearchParameter",
    "url": "http://fhir.openmrs.org/fhir/SearchParameter/Encounter-participant",
    "version": "0.1.0",
    "name": "EncounterParticipantSearchParameter"
  },
  {
    "id": "Encounter-participant-identifier",
    "type": "SearchParameter",
    "url": "http://fhir.openmrs.org/fhir/SearchParameter/Encounter-participant-identifier",
    "version": "0.1.0",
    "name": "EncounterParticipantIdentifierSearchParameter"
  },
  {
    "id": "Encounter-participant.family",
    "type": "SearchParameter",
    "url": "http://fhir.openmrs.org/fhir/SearchParameter/Encounter-participant.family",
    "version": "0.1.0",
    "name": "EncounterParticipantFamilyNameSearchParameter"
  },
  {
    "id": "Encounter-participant.given",
    "type": "SearchParameter",
    "url": "http://fhir.openmrs.org/fhir/SearchParameter/Encounter-participant.given",
    "version": "0.1.0",
    "name": "EncounterParticipantGivenNameSearchParameter"
  },
  {
    "id": "Encounter-participant.name",
    "type": "SearchParameter",
    "url": "http://fhir.openmrs.org/fhir/SearchParameter/Encounter-participant.name",
    "version": "0.1.0",
    "name": "EncounterParticipantNameSearchParameter"
  },
  {
    "id": "Encounter-patient",
    "type": "SearchParameter",
    "url": "http://fhir.openmrs.org/fhir/SearchParameter/Encounter-patient",
    "version": "0.1.0",
    "name": "EncounterPatientSearchParameter"
  },
  {
    "id": "Encounter-patient-identifier",
    "type": "SearchParameter",
    "url": "http://fhir.openmrs.org/fhir/SearchParameter/Encounter-patient-identifier",
    "version": "0.1.0",
    "name": "EncounterPatientIdentifierSearchParameter"
  },
  {
    "id": "Encounter-patient.family",
    "type": "SearchParameter",
    "url": "http://fhir.openmrs.org/fhir/SearchParameter/Encounter-patient.family",
    "version": "0.1.0",
    "name": "EncounterPatientFamilyNameSearchParameter"
  },
  {
    "id": "Encounter-patient.given",
    "type": "SearchParameter",
    "url": "http://fhir.openmrs.org/fhir/SearchParameter/Encounter-patient.given",
    "version": "0.1.0",
    "name": "EncounterPatientGivenNameSearchParameter"
  },
  {
    "id": "Encounter-patient.name",
    "type": "SearchParameter",
    "url": "http://fhir.openmrs.org/fhir/SearchParameter/Encounter-patient.name",
    "version": "0.1.0",
    "name": "EncounterPatientNameSearchParameter"
  },
  {
    "id": "Encounter-subject",
    "type": "SearchParameter",
    "url": "http://fhir.openmrs.org/fhir/SearchParameter/Encounter-subject",
    "version": "0.1.0",
    "name": "EncounterSubjectSearchParameter"
  },
  {
    "id": "Encounter-subject-family",
    "type": "SearchParameter",
    "url": "http://fhir.openmrs.org/fhir/SearchParameter/Encounter-subject-family",
    "version": "0.1.0",
    "name": "EncounterSubjectfamilySearchParameter"
  },
  {
    "id": "Encounter-subject-given",
    "type": "SearchParameter",
    "url": "http://fhir.openmrs.org/fhir/SearchParameter/Encounter-subject-given",
    "version": "0.1.0",
    "name": "EncounterSubjectGivenSearchParameter"
  },
  {
    "id": "Encounter-subject-identifier",
    "type": "SearchParameter",
    "url": "http://fhir.openmrs.org/fhir/SearchParameter/Encounter-subject-identifier",
    "version": "0.1.0",
    "name": "EncounterSubjectIdentifierSearchParameter"
  },
  {
    "id": "Encounter-subject-name",
    "type": "SearchParameter",
    "url": "http://fhir.openmrs.org/fhir/SearchParameter/Encounter-subject-name",
    "version": "0.1.0",
    "name": "EncounterSubjectNameSearchParameter"
  },
  {
    "id": "Encounter-type",
    "type": "SearchParameter",
    "url": "http://fhir.openmrs.org/fhir/SearchParameter/Encounter-type",
    "version": "0.1.0",
    "name": "EncounterTypeSearchParameter"
  },
  {
    "id": "MedicationRequest-id",
    "type": "SearchParameter",
    "url": "http://fhir.openmrs.org/fhir/SearchParameter/MedicationRequest-id",
    "version": "0.1.0",
    "name": "MedicationRequestUuidSearchParameter"
  },
  {
    "id": "MedicationRequest-lastUpdated",
    "type": "SearchParameter",
    "url": "http://fhir.openmrs.org/fhir/SearchParameter/MedicationRequest-lastUpdated",
    "version": "0.1.0",
    "name": "MedicationRequestLastUpdatedSearchParameter"
  },
  {
    "id": "MedicationRequest-medication",
    "type": "SearchParameter",
    "url": "http://fhir.openmrs.org/fhir/SearchParameter/MedicationRequest-medication",
    "version": "0.1.0",
    "name": "MedicationRequestmedicationSearchParameter"
  },
  {
    "id": "MedicationRequest-patient",
    "type": "SearchParameter",
    "url": "http://fhir.openmrs.org/fhir/SearchParameter/MedicationRequest-patient",
    "version": "0.1.0",
    "name": "MedicationRequestPatientSearchParameter"
  },
  {
    "id": "MedicationRequest-patient-identifier",
    "type": "SearchParameter",
    "url": "http://fhir.openmrs.org/fhir/SearchParameter/MedicationRequest-patient-identifier",
    "version": "0.1.0",
    "name": "MedicationRequestPatientIdentifierSearchParameter"
  },
  {
    "id": "MedicationRequest-patient.family",
    "type": "SearchParameter",
    "url": "http://fhir.openmrs.org/fhir/SearchParameter/MedicationRequest-patient.family",
    "version": "0.1.0",
    "name": "MedicationRequestPatientFamilyNameSearchParameter"
  },
  {
    "id": "MedicationRequest-patient.given",
    "type": "SearchParameter",
    "url": "http://fhir.openmrs.org/fhir/SearchParameter/MedicationRequest-patient.given",
    "version": "0.1.0",
    "name": "MedicationRequestPatientGivenNameSearchParameter"
  },
  {
    "id": "MedicationRequest-patient.name",
    "type": "SearchParameter",
    "url": "http://fhir.openmrs.org/fhir/SearchParameter/MedicationRequest-patient.name",
    "version": "0.1.0",
    "name": "MedicationRequestPatientNameSearchParameter"
  },
  {
    "id": "MedicationRequest-requestor",
    "type": "SearchParameter",
    "url": "http://fhir.openmrs.org/fhir/SearchParameter/MedicationRequest-requestor",
    "version": "0.1.0",
    "name": "MedicationRequestRequestorSearchParameter"
  },
  {
    "id": "MedicationRequest-requestor-identifier",
    "type": "SearchParameter",
    "url": "http://fhir.openmrs.org/fhir/SearchParameter/MedicationRequest-requestor-identifier",
    "version": "0.1.0",
    "name": "MedicationRequestRequestorIdentifierSearchParameter"
  },
  {
    "id": "MedicationRequest-requestor.family",
    "type": "SearchParameter",
    "url": "http://fhir.openmrs.org/fhir/SearchParameter/MedicationRequest-requestor.family",
    "version": "0.1.0",
    "name": "MedicationRequestRequestorFamilyNameSearchParameter"
  },
  {
    "id": "MedicationRequest-requestor.given",
    "type": "SearchParameter",
    "url": "http://fhir.openmrs.org/fhir/SearchParameter/MedicationRequest-requestor.given",
    "version": "0.1.0",
    "name": "MedicationRequestRequestorGivenNameSearchParameter"
  },
  {
    "id": "MedicationRequest-requestor.name",
    "type": "SearchParameter",
    "url": "http://fhir.openmrs.org/fhir/SearchParameter/MedicationRequest-requestor.name",
    "version": "0.1.0",
    "name": "MedicationRequestRequestorNameSearchParameter"
  },
  {
    "id": "MedicationRequest-subject",
    "type": "SearchParameter",
    "url": "http://fhir.openmrs.org/fhir/SearchParameter/MedicationRequest-subject",
    "version": "0.1.0",
    "name": "MedicationRequestSubjectSearchParameter"
  },
  {
    "id": "MedicationRequest-subject-family",
    "type": "SearchParameter",
    "url": "http://fhir.openmrs.org/fhir/SearchParameter/MedicationRequest-subject-family",
    "version": "0.1.0",
    "name": "MedicationRequestSubjectfamilySearchParameter"
  },
  {
    "id": "MedicationRequest-subject-given",
    "type": "SearchParameter",
    "url": "http://fhir.openmrs.org/fhir/SearchParameter/MedicationRequest-subject-given",
    "version": "0.1.0",
    "name": "MedicationRequestSubjectGivenSearchParameter"
  },
  {
    "id": "MedicationRequest-subject-identifier",
    "type": "SearchParameter",
    "url": "http://fhir.openmrs.org/fhir/SearchParameter/MedicationRequest-subject-identifier",
    "version": "0.1.0",
    "name": "MedicationRequestSubjectIdentifierSearchParameter"
  },
  {
    "id": "MedicationRequest-subject-name",
    "type": "SearchParameter",
    "url": "http://fhir.openmrs.org/fhir/SearchParameter/MedicationRequest-subject-name",
    "version": "0.1.0",
    "name": "MedicationRequestSubjectNameSearchParameter"
  },
  {
    "id": "Practitioner-address-city",
    "type": "SearchParameter",
    "url": "http://fhir.openmrs.org/fhir/SearchParameter/Practitioner-address-city",
    "version": "0.1.0",
    "name": "PractitionerCitySearchParameter"
  },
  {
    "id": "Practitioner-address-country",
    "type": "SearchParameter",
    "url": "http://fhir.openmrs.org/fhir/SearchParameter/Practitioner-address-country",
    "version": "0.1.0",
    "name": "PractitionerCountrySearchParameter"
  },
  {
    "id": "Practitioner-address-postalcode",
    "type": "SearchParameter",
    "url": "http://fhir.openmrs.org/fhir/SearchParameter/Practitioner-address-postalcode",
    "version": "0.1.0",
    "name": "PractitionerPostalCodeSearchParameter"
  },
  {
    "id": "Practitioner-address-state",
    "type": "SearchParameter",
    "url": "http://fhir.openmrs.org/fhir/SearchParameter/Practitioner-address-state",
    "version": "0.1.0",
    "name": "PractitionerStateSearchParameter"
  },
  {
    "id": "Practitioner-id",
    "type": "SearchParameter",
    "url": "http://fhir.openmrs.org/fhir/SearchParameter/Practitioner-id",
    "version": "0.1.0",
    "name": "PractitionerUuidSearchParameter"
  },
  {
    "id": "Practitioner-identifier",
    "type": "SearchParameter",
    "url": "http://fhir.openmrs.org/fhir/SearchParameter/Practitioner-identifier",
    "version": "0.1.0",
    "name": "PractitionerIdentifierSearchParameter"
  },
  {
    "id": "Practitioner-lastUpdated",
    "type": "SearchParameter",
    "url": "http://fhir.openmrs.org/fhir/SearchParameter/Practitioner-lastUpdated",
    "version": "0.1.0",
    "name": "PractitionerLastUpdatedSearchParameter"
  },
  {
    "id": "Practitioner.family",
    "type": "SearchParameter",
    "url": "http://fhir.openmrs.org/fhir/SearchParameter/Practitioner.family",
    "version": "0.1.0",
    "name": "PractitionerFamilyNameSearchParameter"
  },
  {
    "id": "Practitioner.given",
    "type": "SearchParameter",
    "url": "http://fhir.openmrs.org/fhir/SearchParameter/Practitioner.given",
    "version": "0.1.0",
    "name": "PractitionerGivenNameSearchParameter"
  },
  {
    "id": "Practitioner.name",
    "type": "SearchParameter",
    "url": "http://fhir.openmrs.org/fhir/SearchParameter/Practitioner.name",
    "version": "0.1.0",
    "name": "PractitionerNameSearchParameter"
  },
  {
    "id": "Task-basedOn",
    "type": "SearchParameter",
    "url": "http://fhir.openmrs.org/fhir/SearchParameter/Task-basedOn",
    "version": "0.1.0",
    "name": "TaskBasedOnSearchParameter"
  },
  {
    "id": "Task-id",
    "type": "SearchParameter",
    "url": "http://fhir.openmrs.org/fhir/SearchParameter/Task-id",
    "version": "0.1.0",
    "name": "TaskIdSearchParameter"
  },
  {
    "id": "Task-lastUpdated",
    "type": "SearchParameter",
    "url": "http://fhir.openmrs.org/fhir/SearchParameter/Task-lastUpdated",
    "version": "0.1.0",
    "name": "TaskLastUpdatedSearchParameter"
  },
  {
    "id": "Task-owner",
    "type": "SearchParameter",
    "url": "http://fhir.openmrs.org/fhir/SearchParameter/Task-owner",
    "version": "0.1.0",
    "name": "TaskOwnerSearchParameter"
  },
  {
    "id": "Task-status",
    "type": "SearchParameter",
    "url": "http://fhir.openmrs.org/fhir/SearchParameter/Task-status",
    "version": "0.1.0",
    "name": "TaskStatueSearchParameter"
  },
  {
    "id": "condition-code",
    "type": "SearchParameter",
    "url": "http://fhir.openmrs.org/fhir/SearchParameter/condition-code",
    "version": "0.1.0",
    "name": "conditionCodeSearchParameter"
  },
  {
    "id": "condition-encounter",
    "type": "SearchParameter",
    "url": "http://fhir.openmrs.org/fhir/SearchParameter/condition-encounter",
    "version": "0.1.0",
    "name": "conditionEncounterSearchParameter"
  },
  {
    "id": "condition-id",
    "type": "SearchParameter",
    "url": "http://fhir.openmrs.org/fhir/SearchParameter/condition-id",
    "version": "0.1.0",
    "name": "conditionIdSearchParameter"
  },
  {
    "id": "condition-lastUpdated",
    "type": "SearchParameter",
    "url": "http://fhir.openmrs.org/fhir/SearchParameter/condition-lastUpdated",
    "version": "0.1.0",
    "name": "conditionLastUpdatedSearchParameter"
  },
  {
    "id": "condition-occurrence",
    "type": "SearchParameter",
    "url": "http://fhir.openmrs.org/fhir/SearchParameter/condition-occurrence",
    "version": "0.1.0",
    "name": "conditionOccurrenceSearchParameter"
  },
  {
    "id": "condition-patient",
    "type": "SearchParameter",
    "url": "http://fhir.openmrs.org/fhir/SearchParameter/condition-patient",
    "version": "0.1.0",
    "name": "conditionPatientSearchParameter"
  },
  {
    "id": "condition-patient-identifier",
    "type": "SearchParameter",
    "url": "http://fhir.openmrs.org/fhir/SearchParameter/condition-patient-identifier",
    "version": "0.1.0",
    "name": "conditionPatientIdentifierSearchParameter"
  },
  {
    "id": "condition-patient.family",
    "type": "SearchParameter",
    "url": "http://fhir.openmrs.org/fhir/SearchParameter/condition-patient.family",
    "version": "0.1.0",
    "name": "conditionPatientFamilyNameSearchParameter"
  },
  {
    "id": "condition-patient.given",
    "type": "SearchParameter",
    "url": "http://fhir.openmrs.org/fhir/SearchParameter/condition-patient.given",
    "version": "0.1.0",
    "name": "conditionPatientGivenNameSearchParameter"
  },
  {
    "id": "condition-patient.name",
    "type": "SearchParameter",
    "url": "http://fhir.openmrs.org/fhir/SearchParameter/condition-patient.name",
    "version": "0.1.0",
    "name": "conditionPatientNameSearchParameter"
  },
  {
    "id": "condition-requester",
    "type": "SearchParameter",
    "url": "http://fhir.openmrs.org/fhir/SearchParameter/condition-requester",
    "version": "0.1.0",
    "name": "conditionSearchParameter"
  },
  {
    "id": "condition-requester-identifier",
    "type": "SearchParameter",
    "url": "http://fhir.openmrs.org/fhir/SearchParameter/condition-requester-identifier",
    "version": "0.1.0",
    "name": "conditionRequesterIdentifierSearchParameter"
  },
  {
    "id": "condition-requester-name",
    "type": "SearchParameter",
    "url": "http://fhir.openmrs.org/fhir/SearchParameter/condition-requester-name",
    "version": "0.1.0",
    "name": "conditionRequesterNameSearchParameter"
  },
  {
    "id": "condition-subject",
    "type": "SearchParameter",
    "url": "http://fhir.openmrs.org/fhir/SearchParameter/condition-subject",
    "version": "0.1.0",
    "name": "conditionSubjectSearchParameter"
  },
  {
    "id": "condition-subject-family",
    "type": "SearchParameter",
    "url": "http://fhir.openmrs.org/fhir/SearchParameter/condition-subject-family",
    "version": "0.1.0",
    "name": "conditionSubjectfamilySearchParameter"
  },
  {
    "id": "condition-subject-given",
    "type": "SearchParameter",
    "url": "http://fhir.openmrs.org/fhir/SearchParameter/condition-subject-given",
    "version": "0.1.0",
    "name": "conditionSubjectGivenSearchParameter"
  },
  {
    "id": "condition-subject-identifier",
    "type": "SearchParameter",
    "url": "http://fhir.openmrs.org/fhir/SearchParameter/condition-subject-identifier",
    "version": "0.1.0",
    "name": "conditionSubjectIdentifierSearchParameter"
  },
  {
    "id": "condition-subject-name",
    "type": "SearchParameter",
    "url": "http://fhir.openmrs.org/fhir/SearchParameter/condition-subject-name",
    "version": "0.1.0",
    "name": "conditionSubjectNameSearchParameter"
  },
  {
    "id": "group-Search-entity-paramenter",
    "type": "SearchParameter",
    "url": "http://fhir.openmrs.org/fhir/SearchParameter/group-Search-entity-paramenter",
    "version": "0.1.0",
    "name": "GroupManagingEnityReference"
  },
  {
    "id": "OpenMRS-diagnostic-report",
    "type": "StructureDefinition",
    "url": "http://fhir.openmrs.org/fhir/StructureDefinition/OpenMRS-diagnostic-report",
    "version": "0.1.0",
    "name": "OpenMRSDiagnosticReport"
  },
  {
    "id": "OpenMRS-observation",
    "type": "StructureDefinition",
    "url": "http://fhir.openmrs.org/fhir/StructureDefinition/OpenMRS-observation",
    "version": "0.1.0",
    "name": "OpenMRSObservation"
  },
  {
    "id": "OpenMRS-service-request",
    "type": "StructureDefinition",
    "url": "http://fhir.openmrs.org/fhir/StructureDefinition/OpenMRS-service-request",
    "version": "0.1.0",
    "name": "OpenMRSServiceRequest"
  },
  {
    "id": "OpenMRS-task",
    "type": "StructureDefinition",
    "url": "http://fhir.openmrs.org/fhir/StructureDefinition/OpenMRS-task",
    "version": "0.1.0",
    "name": "OpenMRSTask"
  },
  {
    "id": "omrs-AllergyIntolerance",
    "type": "StructureDefinition",
    "url": "http://fhir.openmrs.org/fhir/StructureDefinition/omrs-AllergyIntolerance",
    "version": "0.1.0",
    "name": "OpenMRSAllergyIntolerance"
  },
  {
    "id": "omrs-Condition",
    "type": "StructureDefinition",
    "url": "http://fhir.openmrs.org/fhir/StructureDefinition/omrs-Condition",
    "version": "0.1.0",
    "name": "OMRSCondition"
  },
  {
    "id": "omrs-address",
    "type": "StructureDefinition",
    "url": "http://fhir.openmrs.org/fhir/StructureDefinition/omrs-address",
    "version": "0.1.0",
    "name": "OMRSAddress"
  },
  {
    "id": "omrs-encounter",
    "type": "StructureDefinition",
    "url": "http://fhir.openmrs.org/fhir/StructureDefinition/omrs-encounter",
    "version": "0.1.0",
    "name": "OMRSEncounter"
  },
  {
    "id": "omrs-group",
    "type": "StructureDefinition",
    "url": "http://fhir.openmrs.org/fhir/StructureDefinition/omrs-group",
    "version": "0.1.0",
    "name": "OMRSGroup"
  },
  {
    "id": "omrs-group-description-ext",
    "type": "StructureDefinition",
    "url": "http://fhir.openmrs.org/fhir/StructureDefinition/omrs-group-description-ext",
    "version": "0.1.0",
    "name": "OMRSGroupDescriptionExtension"
  },
  {
    "id": "omrs-location",
    "type": "StructureDefinition",
    "url": "http://fhir.openmrs.org/fhir/StructureDefinition/omrs-location",
    "version": "0.1.0",
    "name": "OMRSLocation"
  },
  {
    "id": "omrs-location-contact-point",
    "type": "StructureDefinition",
    "url": "http://fhir.openmrs.org/fhir/StructureDefinition/omrs-location-contact-point",
    "version": "0.1.0",
    "name": "OMRSLocationContactPoint"
  },
  {
    "id": "omrs-medication-request",
    "type": "StructureDefinition",
    "url": "http://fhir.openmrs.org/fhir/StructureDefinition/omrs-medication-request",
    "version": "0.1.0",
    "name": "OMRSMedicationRequest"
  },
  {
    "id": "omrs-patient",
    "type": "StructureDefinition",
    "url": "http://fhir.openmrs.org/fhir/StructureDefinition/omrs-patient",
    "version": "0.1.0",
    "name": "OMRSPatient"
  },
  {
    "id": "omrs-patient-identifier",
    "type": "StructureDefinition",
    "url": "http://fhir.openmrs.org/fhir/StructureDefinition/omrs-patient-identifier",
    "version": "0.1.0",
    "name": "OMRSPatientIdentifier"
  },
  {
    "id": "omrs-patient-identifier-location",
    "type": "StructureDefinition",
    "url": "http://fhir.openmrs.org/fhir/StructureDefinition/omrs-patient-identifier-location",
    "version": "0.1.0",
    "name": "OMRSPatientIdentifierLocationExtension"
  },
  {
    "id": "omrs-person",
    "type": "StructureDefinition",
    "url": "http://fhir.openmrs.org/fhir/StructureDefinition/omrs-person",
    "version": "0.1.0",
    "name": "OMRSPerson"
  },
  {
    "id": "omrs-practitioner",
    "type": "StructureDefinition",
    "url": "http://fhir.openmrs.org/fhir/StructureDefinition/omrs-practitioner",
    "version": "0.1.0",
    "name": "OMRSPractitioner"
  },
  {
    "id": "OpenMRS-diagnostic-report-status-vs",
    "type": "ValueSet",
    "url": "http://fhir.openmrs.org/fhir/ValueSet/OpenMRS-diagnostic-report-status-vs",
    "version": "0.1.0",
    "name": "OpenMRSDiagnosis"
  },
  {
    "id": "OpenMRS-order-code-vs",
    "type": "ValueSet",
    "url": "http://fhir.openmrs.org/fhir/ValueSet/OpenMRS-order-code-vs",
    "version": "0.1.0",
    "name": "OpenMRSOrderCodeVS"
  },
  {
    "id": "OpenMRS-task-intent-vs",
    "type": "ValueSet",
    "url": "http://fhir.openmrs.org/fhir/ValueSet/OpenMRS-task-intent-vs",
    "version": "0.1.0",
    "name": "OMRSPatientTaskIntentVS"
  },
  {
    "id": "OpenMRS-task-status-vs",
    "type": "ValueSet",
    "url": "http://fhir.openmrs.org/fhir/ValueSet/OpenMRS-task-status-vs",
    "version": "0.1.0",
    "name": "OMRSPatientTaskStatusVS"
  },
  {
    "id": "encounter-status-vs",
    "type": "ValueSet",
    "url": "http://fhir.openmrs.org/fhir/ValueSet/encounter-status-vs",
    "version": "0.1.0",
    "name": "EncounterVs"
  },
  {
    "id": "location-status-vs",
    "type": "ValueSet",
    "url": "http://fhir.openmrs.org/fhir/ValueSet/location-status-vs",
    "version": "0.1.0",
    "name": "LocationStatusVS"
  },
  {
    "id": "medication-request-intent-vs",
    "type": "ValueSet",
    "url": "http://fhir.openmrs.org/fhir/ValueSet/medication-request-intent-vs",
    "version": "0.1.0",
    "name": "MedicationRequestIntentVs"
  },
  {
    "id": "medication-request-priority-vs",
    "type": "ValueSet",
    "url": "http://fhir.openmrs.org/fhir/ValueSet/medication-request-priority-vs",
    "version": "0.1.0",
    "name": "MedicationRequestPriorityVs"
  }
]