<?xml version="1.0" encoding="UTF-8"?>

<Patient xmlns="http://hl7.org/fhir">
  <id value="example-openmrs-Patient"/>
  <meta>
    <profile value="http://fhir.openmrs.org/fhir/StructureDefinition/omrs-patient"/>
  </meta>
  <text>
    <status value="generated"/><div xmlns="http://www.w3.org/1999/xhtml"><p><b>Ricky Jeannette </b> male, DoB: 1996-12-12 ( OpenMRS ID: 1000Y (OFFICIAL))</p></div>
  </text>
  <identifier id="53fbd0ef-ae10-46a0-9d0a-387917a66d6e">
    <extension url="http://fhir.openmrs.org/StructureDefinition/patient-identifier-location">
      <valueReference>
        <reference value="Location/8d6c993e-c2cc-11de-8d13-0010c6dffd0f"/>
        <type value="Location"/>
        <display value="Inpatient Ward"/>
      </valueReference>
    </extension>
    <use value="official"/>
    <type>
      <text value="OpenMRS ID"/>
    </type>
    <value value="1000Y"/>
  </identifier>
  <active value="true"/>
  <name id="3434gh32-34h3j4-34jk34-3422h">
    <family value="Jeannette"/>
    <given value="Ricky"/>
  </name>
  <gender value="male"/>
  <birthDate value="1996-12-12"/>
  <address>
    <extension url="http://fhir.openmrs.org/ext/address"/>
    <use value="home"/>
    <city value="Washington"/>
    <district value="Washington"/>
    <country value="Washington"/>
  </address>
</Patient>