{
  "resourceType" : "SearchParameter",
  "id" : "serviceRequest-occurrence",
  "text" : {
    "status" : "generated",
    "div" : "<div xmlns=\"http://www.w3.org/1999/xhtml\"><h2>serviceRequestOccurrenceSearchParameter</h2><p>Parameter <code>occurrence</code>:<code>date</code></p><div><p>Searches for serviceRequest based on to occurrent date eg) /ws/fhir2/{release}/ServiceRequest?occurrence={date}</p>\n</div><table class=\"grid\"><tr><td>Resource</td><td><a href=\"http://hl7.org/fhir/R4/servicerequest.html\">ServiceRequest</a></td></tr><tr><td>Expression</td><td>(none)</td></tr><tr><td>Target Resources</td><td><a href=\"http://hl7.org/fhir/R4/servicerequest.html\">ServiceRequest</a></td></tr><tr><td>Multiples</td><td>The parameter cannot repeat or have multiple values</td></tr></table></div>"
  },
  "url" : "http://fhir.openmrs.org/fhir/SearchParameter/serviceRequest-occurrence",
  "version" : "0.1.0",
  "name" : "serviceRequestOccurrenceSearchParameter",
  "status" : "active",
  "date" : "2023-03-15T20:21:30+00:00",
  "contact" : [{
    "name" : "OpenMRS, Inc.",
    "telecom" : [{
      "system" : "url",
      "value" : "https://openmrs.org"
    }]
  }],
  "description" : "Searches for serviceRequest based on to occurrent date eg) /ws/fhir2/{release}/ServiceRequest?occurrence={date}",
  "code" : "occurrence",
  "base" : ["ServiceRequest"],
  "type" : "date",
  "target" : ["ServiceRequest"]
}