<?xml version="1.0" encoding="UTF-8"?>

<SearchParameter xmlns="http://hl7.org/fhir">
  <id value="Condition-requester-given"/>
  <text>
    <status value="generated"/><div xmlns="http://www.w3.org/1999/xhtml"><p><b>Generated Narrative: SearchParameter</b><a name="Condition-requester-given"> </a></p><div style="display: inline-block; background-color: #d9e0e7; padding: 6px; margin: 4px; border: 1px solid #8da1b4; border-radius: 5px; line-height: 60%"><p style="margin-bottom: 0px">Resource SearchParameter "Condition-requester-given" </p></div><p><b>url</b>: <code>http://fhir.openmrs.org/fhir/SearchParameter/Condition-requester-given</code></p><p><b>version</b>: 0.1.0</p><p><b>name</b>: conditionRequesterGivenSearchParameter</p><p><b>status</b>: active</p><p><b>date</b>: 2022-10-08 02:09:14+0000</p><p><b>contact</b>: OpenMRS, Inc.: <a href="https://openmrs.org">https://openmrs.org</a></p><p><b>description</b>: Searches for condition based on the Practitioner's given name(s) eg) /ws/fhir2/{release}/Condition?requester:Practitioner.given={givenName}</p><p><b>code</b>: requester.given</p><p><b>base</b>: Condition</p><p><b>type</b>: string</p><p><b>target</b>: OMRSCondition</p></div>
  </text>
  <url value="http://fhir.openmrs.org/fhir/SearchParameter/Condition-requester-given"/>
  <version value="0.1.0"/>
  <name value="conditionRequesterGivenSearchParameter"/>
  <status value="active"/>
  <date value="2022-10-08T02:09:14+00:00"/>
  <contact>
    <name value="OpenMRS, Inc."/>
    <telecom>
      <system value="url"/>
      <value value="https://openmrs.org"/>
    </telecom>
  </contact>
  <description value="Searches for condition based on the Practitioner's given name(s) eg) /ws/fhir2/{release}/Condition?requester:Practitioner.given={givenName}"/>
  <code value="requester.given"/>
  <base value="Condition"/>
  <type value="string"/>
  <target value="OMRSCondition"/>
</SearchParameter>