<?xml version="1.0" encoding="UTF-8"?>

<SearchParameter xmlns="http://hl7.org/fhir">
  <id value="Encounter-lastUpdated"/>
  <text>
    <status value="generated"/><div xmlns="http://www.w3.org/1999/xhtml"><p><b>Generated Narrative: SearchParameter</b><a name="Encounter-lastUpdated"> </a></p><div style="display: inline-block; background-color: #d9e0e7; padding: 6px; margin: 4px; border: 1px solid #8da1b4; border-radius: 5px; line-height: 60%"><p style="margin-bottom: 0px">Resource SearchParameter "Encounter-lastUpdated" </p></div><p><b>url</b>: <code>http://fhir.openmrs.org/fhir/SearchParameter/Encounter-lastUpdated</code></p><p><b>version</b>: 0.1.0</p><p><b>name</b>: EncounterLastUpdatedSearchParameter</p><p><b>status</b>: active</p><p><b>date</b>: 2022-10-08 02:10:18+0000</p><p><b>contact</b>: OpenMRS, Inc.: <a href="https://openmrs.org">https://openmrs.org</a></p><p><b>description</b>: Searches based on the Encounter lastUpdated field for the Encounter record eg) /ws/fhir2/{release}/Encounter?_lastUpdated={date}</p><p><b>code</b>: _lastUpdated</p><p><b>base</b>: Encounter</p><p><b>type</b>: date</p><p><b>target</b>: OMRSEncounter</p></div>
  </text>
  <url value="http://fhir.openmrs.org/fhir/SearchParameter/Encounter-lastUpdated"/>
  <version value="0.1.0"/>
  <name value="EncounterLastUpdatedSearchParameter"/>
  <status value="active"/>
  <date value="2022-10-08T02:10:18+00:00"/>
  <contact>
    <name value="OpenMRS, Inc."/>
    <telecom>
      <system value="url"/>
      <value value="https://openmrs.org"/>
    </telecom>
  </contact>
  <description value="Searches based on the Encounter lastUpdated field for the Encounter record eg) /ws/fhir2/{release}/Encounter?_lastUpdated={date}"/>
  <code value="_lastUpdated"/>
  <base value="Encounter"/>
  <type value="date"/>
  <target value="OMRSEncounter"/>
</SearchParameter>