{
  "resourceType": "SearchParameter",
  "id": "Encounter-location",
  "text": {
    "status": "generated",
    "div": "<div xmlns=\"http://www.w3.org/1999/xhtml\"><p><b>Generated Narrative: SearchParameter</b><a name=\"Encounter-location\"> </a></p><div style=\"display: inline-block; background-color: #d9e0e7; padding: 6px; margin: 4px; border: 1px solid #8da1b4; border-radius: 5px; line-height: 60%\"><p style=\"margin-bottom: 0px\">Resource SearchParameter \"Encounter-location\" </p></div><p><b>url</b>: <code>http://fhir.openmrs.org/fhir/SearchParameter/Encounter-location</code></p><p><b>version</b>: 0.1.0</p><p><b>name</b>: EncounterLocationNameSearchParameter</p><p><b>status</b>: active</p><p><b>date</b>: 2022-10-08 02:09:14+0000</p><p><b>contact</b>: OpenMRS, Inc.: <a href=\"https://openmrs.org\">https://openmrs.org</a></p><p><b>description</b>: Searches for Encounter based on the location reference uuid eg) /ws/fhir2/{release}/Encounter?location={uuid}</p><p><b>code</b>: Encounter.location</p><p><b>base</b>: Encounter</p><p><b>type</b>: reference</p><p><b>target</b>: OMRSEncounter</p></div>"
  },
  "url": "http://fhir.openmrs.org/fhir/SearchParameter/Encounter-location",
  "version": "0.1.0",
  "name": "EncounterLocationNameSearchParameter",
  "status": "active",
  "date": "2022-10-08T02:09:14+00:00",
  "contact": [
    {
      "name": "OpenMRS, Inc.",
      "telecom": [
        {
          "system": "url",
          "value": "https://openmrs.org"
        }
      ]
    }
  ],
  "description": "Searches for Encounter based on the location reference uuid eg) /ws/fhir2/{release}/Encounter?location={uuid}",
  "code": "Encounter.location",
  "base": [
    "Encounter"
  ],
  "type": "reference",
  "target": [
    "OMRSEncounter"
  ]
}