{
  "package": "openmrs",
  "version": "0.1.0",
  "fhirVersion": "4.0.1",
  "extensions": [
    {
      "url": "http://fhir.openmrs.org/fhir/StructureDefinition/omrs-group-description-ext",
      "title": "Group descriptive extension",
      "types": [
        "string",
        "string",
        "base64Binary",
        "boolean",
        "canonical",
        "code",
        "date",
        "dateTime",
        "decimal",
        "id",
        "instant",
        "integer",
        "markdown",
        "oid",
        "positiveInt",
        "string",
        "time",
        "unsignedInt",
        "uri",
        "url",
        "uuid",
        "Address",
        "Age",
        "Annotation",
        "Attachment",
        "CodeableConcept",
        "Coding",
        "ContactPoint",
        "Count",
        "Distance",
        "Duration",
        "HumanName",
        "Identifier",
        "Money",
        "Period",
        "Quantity",
        "Range",
        "Ratio",
        "Reference",
        "SampledData",
        "Signature",
        "Timing",
        "ContactDetail",
        "Contributor",
        "DataRequirement",
        "Expression",
        "ParameterDefinition",
        "RelatedArtifact",
        "TriggerDefinition",
        "UsageContext",
        "Dosage",
        "Meta"
      ]
    },
    {
      "url": "http://fhir.openmrs.org/fhir/StructureDefinition/omrs-patient-identifier-location",
      "title": "OpenMRS Patient Identifier Location",
      "types": [
        "Reference"
      ]
    }
  ],
  "profiles": {
    "DiagnosticReport": [
      {
        "url": "http://fhir.openmrs.org/fhir/StructureDefinition/OpenMRS-diagnostic-report",
        "title": "OpenMRS Diagnostic Report"
      }
    ],
    "Observation": [
      {
        "url": "http://fhir.openmrs.org/fhir/StructureDefinition/OpenMRS-observation",
        "title": "OpenMRS Observation"
      }
    ],
    "ServiceRequest": [
      {
        "url": "http://fhir.openmrs.org/fhir/StructureDefinition/OpenMRS-service-request",
        "title": "OpenMRS Service Request"
      }
    ],
    "Task": [
      {
        "url": "http://fhir.openmrs.org/fhir/StructureDefinition/OpenMRS-task",
        "title": "OpenMRS Task"
      }
    ],
    "AllergyIntolerance": [
      {
        "url": "http://fhir.openmrs.org/fhir/StructureDefinition/omrs-AllergyIntolerance",
        "title": "OpenMRS AllergyIntolerance"
      }
    ],
    "Condition": [
      {
        "url": "http://fhir.openmrs.org/fhir/StructureDefinition/omrs-Condition",
        "title": "OpenMRS condition"
      }
    ],
    "Encounter": [
      {
        "url": "http://fhir.openmrs.org/fhir/StructureDefinition/omrs-encounter",
        "title": "Openmrs Encounter"
      }
    ],
    "Group": [
      {
        "url": "http://fhir.openmrs.org/fhir/StructureDefinition/omrs-group",
        "title": "OMRS Group"
      }
    ],
    "Location": [
      {
        "url": "http://fhir.openmrs.org/fhir/StructureDefinition/omrs-location",
        "title": "OpenMRS Location"
      }
    ],
    "MedicationRequest": [
      {
        "url": "http://fhir.openmrs.org/fhir/StructureDefinition/omrs-medication-request",
        "title": "OpenMRS Medication Request"
      }
    ],
    "Patient": [
      {
        "url": "http://fhir.openmrs.org/fhir/StructureDefinition/omrs-patient",
        "title": "OpenMRS Patient"
      }
    ],
    "Person": [
      {
        "url": "http://fhir.openmrs.org/fhir/StructureDefinition/omrs-person",
        "title": "OpenMRS Person"
      }
    ],
    "Practitioner": [
      {
        "url": "http://fhir.openmrs.org/fhir/StructureDefinition/omrs-practitioner",
        "title": "Openmrs Practitioner"
      }
    ],
    "MedicationDispense": [
      {
        "url": "http://fhir.openmrs.org/fhir/StructureDefinition/omrsmedication-dispense",
        "title": "OMRS Medication Dispense"
      }
    ]
  },
  "usage": {
    "http://fhir.openmrs.org/StructureDefinition/patient-identifier-location": [
      "Patient.identifier"
    ],
    "http://fhir.openmrs.org/ext/address": [
      "Patient.address",
      "Person.address"
    ],
    "http://fhir.openmrs.org/ext/group/description": [
      "Group"
    ],
    "http://fhir.openmrs.org/fhir/StructureDefinition/omrs-group-description-ext": [
      "Group"
    ],
    "http://fhir.openmrs.org/fhir/StructureDefinition/omrs-patient-identifier-location": [
      "Identifier"
    ],
    "http://hl7.org/fhir/StructureDefinition/elementdefinition-bestpractice": [
      "StructureDefinition.snapshot.element.constraint"
    ],
    "http://hl7.org/fhir/StructureDefinition/elementdefinition-bestpractice-explanation": [
      "StructureDefinition.snapshot.element.constraint"
    ],
    "http://hl7.org/fhir/StructureDefinition/elementdefinition-bindingName": [
      "StructureDefinition.snapshot.element.binding"
    ],
    "http://hl7.org/fhir/StructureDefinition/elementdefinition-isCommonBinding": [
      "StructureDefinition.snapshot.element.binding"
    ],
    "http://hl7.org/fhir/StructureDefinition/elementdefinition-maxValueSet": [
      "StructureDefinition.snapshot.element.binding"
    ],
    "http://hl7.org/fhir/StructureDefinition/elementdefinition-translatable": [
      "StructureDefinition.snapshot.element"
    ],
    "http://hl7.org/fhir/StructureDefinition/structuredefinition-display-hint": [
      "StructureDefinition.snapshot.element"
    ],
    "http://hl7.org/fhir/StructureDefinition/structuredefinition-explicit-type-name": [
      "StructureDefinition.snapshot.element"
    ],
    "http://hl7.org/fhir/StructureDefinition/structuredefinition-fhir-type": [
      "StructureDefinition.snapshot.element.type"
    ],
    "http://hl7.org/fhir/StructureDefinition/structuredefinition-hierarchy": [
      "StructureDefinition.differential.element.type",
      "StructureDefinition.snapshot.element.type"
    ],
    "http://hl7.org/fhir/StructureDefinition/structuredefinition-standards-status": [
      "StructureDefinition.snapshot.element"
    ],
    "http://hl7.org/fhir/tools/StructureDefinition/ig-page-name": [
      "ImplementationGuide.definition.page",
      "ImplementationGuide.definition.page.page"
    ],
    "http://hl7.org/fhir/tools/StructureDefinition/ig-parameter": [
      "ImplementationGuide.definition"
    ],
    "http://hl7.org/fhir/tools/StructureDefinition/implementationguide-dependency-comment": [
      "ImplementationGuide.dependsOn"
    ],
    "http://hl7.org/fhir/tools/StructureDefinition/resource-information": [
      "ImplementationGuide.definition.resource"
    ]
  }
}