<?xml version="1.0" encoding="UTF-8"?>

<ValueSet xmlns="http://hl7.org/fhir">
  <id value="OpenMRS-task-status-vs"/>
  <text>
    <status value="generated"/><div xmlns="http://www.w3.org/1999/xhtml"><ul><li>Include these codes as defined in <code>http://hl7.org/fhir/ValueSet/task-status</code><table class="none"><tr><td style="white-space:nowrap"><b>Code</b></td><td><b>Display</b></td></tr><tr><td>task-status-requested</td><td>Requested</td></tr><tr><td>task-status-rejected</td><td>Rejected</td></tr><tr><td>task-status-accepted</td><td>Accepted</td></tr><tr><td>task-status-completed</td><td>Completed</td></tr></table></li></ul></div>
  </text>
  <url value="http://fhir.openmrs.org/fhir/ValueSet/OpenMRS-task-status-vs"/>
  <version value="0.1.0"/>
  <name value="OMRSPatientTaskStatusVS"/>
  <title value="OpenMRS Status for Task"/>
  <status value="active"/>
  <date value="2022-10-08T02:06:31+00:00"/>
  <contact>
    <name value="OpenMRS, Inc."/>
    <telecom>
      <system value="url"/>
      <value value="https://openmrs.org"/>
    </telecom>
  </contact>
  <description value="The state of the task, subset from https://www.hl7.org/FHIR/valueset-task-status.html"/>
  <compose>
    <include>
      <system value="http://hl7.org/fhir/ValueSet/task-status"/>
      <concept>
        <code value="task-status-requested"/>
        <display value="Requested"/>
      </concept>
      <concept>
        <code value="task-status-rejected"/>
        <display value="Rejected"/>
      </concept>
      <concept>
        <code value="task-status-accepted"/>
        <display value="Accepted"/>
      </concept>
      <concept>
        <code value="task-status-completed"/>
        <display value="Completed"/>
      </concept>
    </include>
  </compose>
</ValueSet>