{"resourceType":"ImplementationGuide","id":"openmrs","text":{"status":"extensions","div":"<div xmlns=\"http://www.w3.org/1999/xhtml\"><h2>OMRSFhir2ImplementationGuide</h2><p>The official URL for this implementation guide is: </p><pre>http://fhir.openmrs.org/fhir/ImplementationGuide/openmrs</pre><div><p>An Implementation Guide covering the OpenMRS FHIR2 module implementation of FHIR</p>\n</div></div>"},"url":"http://fhir.openmrs.org/fhir/ImplementationGuide/openmrs","version":"0.1.0","name":"OMRSFhir2ImplementationGuide","title":"OpenMRS FHIR2 Implementation Guide","status":"draft","date":"2022-10-08T02:01:28+00:00","contact":[{"name":"OpenMRS, Inc.","telecom":[{"system":"url","value":"https://openmrs.org"}]}],"description":"An Implementation Guide covering the OpenMRS FHIR2 module implementation of FHIR","packageId":"openmrs","license":"CC-BY-SA-4.0","fhirVersion":["4.0.1"],"dependsOn":[{"id":"hl7tx","uri":"http://terminology.hl7.org/ImplementationGuide/hl7.terminology","packageId":"hl7.terminology.r4","version":"4.0.0"}],"definition":{"extension":[{"extension":[{"url":"code","valueString":"copyrightyear"},{"url":"value","valueString":"2021+"}],"url":"http://hl7.org/fhir/tools/StructureDefinition/ig-parameter"},{"extension":[{"url":"code","valueString":"releaselabel"},{"url":"value","valueString":"ci-build"}],"url":"http://hl7.org/fhir/tools/StructureDefinition/ig-parameter"},{"extension":[{"url":"code","valueString":"apply-publisher"},{"url":"value","valueString":"true"}],"url":"http://hl7.org/fhir/tools/StructureDefinition/ig-parameter"},{"extension":[{"url":"code","valueString":"apply-license"},{"url":"value","valueString":"true"}],"url":"http://hl7.org/fhir/tools/StructureDefinition/ig-parameter"},{"extension":[{"url":"code","valueString":"apply-contact"},{"url":"value","valueString":"true"}],"url":"http://hl7.org/fhir/tools/StructureDefinition/ig-parameter"},{"extension":[{"url":"code","valueString":"autoload-resources"},{"url":"value","valueString":"true"}],"url":"http://hl7.org/fhir/tools/StructureDefinition/ig-parameter"},{"extension":[{"url":"code","valueString":"path-liquid"},{"url":"value","valueString":"template/liquid"}],"url":"http://hl7.org/fhir/tools/StructureDefinition/ig-parameter"},{"extension":[{"url":"code","valueString":"path-liquid"},{"url":"value","valueString":"input/liquid"}],"url":"http://hl7.org/fhir/tools/StructureDefinition/ig-parameter"},{"extension":[{"url":"code","valueString":"path-qa"},{"url":"value","valueString":"temp/qa"}],"url":"http://hl7.org/fhir/tools/StructureDefinition/ig-parameter"},{"extension":[{"url":"code","valueString":"path-temp"},{"url":"value","valueString":"temp/pages"}],"url":"http://hl7.org/fhir/tools/StructureDefinition/ig-parameter"},{"extension":[{"url":"code","valueString":"path-output"},{"url":"value","valueString":"output"}],"url":"http://hl7.org/fhir/tools/StructureDefinition/ig-parameter"},{"extension":[{"url":"code","valueString":"path-suppressed-warnings"},{"url":"value","valueString":"input/ignoreWarnings.txt"}],"url":"http://hl7.org/fhir/tools/StructureDefinition/ig-parameter"},{"extension":[{"url":"code","valueString":"path-history"},{"url":"value","valueString":"http://fhir.openmrs.org/fhir/history.html"}],"url":"http://hl7.org/fhir/tools/StructureDefinition/ig-parameter"},{"extension":[{"url":"code","valueString":"template-html"},{"url":"value","valueString":"template-page.html"}],"url":"http://hl7.org/fhir/tools/StructureDefinition/ig-parameter"},{"extension":[{"url":"code","valueString":"template-md"},{"url":"value","valueString":"template-page-md.html"}],"url":"http://hl7.org/fhir/tools/StructureDefinition/ig-parameter"},{"extension":[{"url":"code","valueString":"apply-context"},{"url":"value","valueString":"true"}],"url":"http://hl7.org/fhir/tools/StructureDefinition/ig-parameter"},{"extension":[{"url":"code","valueString":"apply-copyright"},{"url":"value","valueString":"true"}],"url":"http://hl7.org/fhir/tools/StructureDefinition/ig-parameter"},{"extension":[{"url":"code","valueString":"apply-jurisdiction"},{"url":"value","valueString":"true"}],"url":"http://hl7.org/fhir/tools/StructureDefinition/ig-parameter"},{"extension":[{"url":"code","valueString":"apply-version"},{"url":"value","valueString":"true"}],"url":"http://hl7.org/fhir/tools/StructureDefinition/ig-parameter"},{"extension":[{"url":"code","valueString":"active-tables"},{"url":"value","valueString":"true"}],"url":"http://hl7.org/fhir/tools/StructureDefinition/ig-parameter"},{"extension":[{"url":"code","valueString":"fmm-definition"},{"url":"value","valueString":"http://hl7.org/fhir/versions.html#maturity"}],"url":"http://hl7.org/fhir/tools/StructureDefinition/ig-parameter"},{"extension":[{"url":"code","valueString":"propagate-status"},{"url":"value","valueString":"true"}],"url":"http://hl7.org/fhir/tools/StructureDefinition/ig-parameter"},{"extension":[{"url":"code","valueString":"excludelogbinaryformat"},{"url":"value","valueString":"true"}],"url":"http://hl7.org/fhir/tools/StructureDefinition/ig-parameter"}],"grouping":[{"id":"-dyn-searchparameter","name":"Behavior: Search Parameters","description":"These define the properties by which a RESTful server can be searched.  They can also be used for sorting and including related resources."},{"id":"-str-profile","name":"Structures: Resource Profiles","description":"These define constraints on FHIR resources for systems conforming to this implementation guide"},{"id":"-str-datatype","name":"Structures: Data Type Profiles","description":"These define constraints on FHIR data types for systems conforming to this implementation guide"},{"id":"-str-extension","name":"Structures: Extension Definitions","description":"These define constraints on FHIR data types for systems conforming to this implementation guide"},{"id":"-term-valueset","name":"Terminology: Value Sets","description":"These define sets of codes used by systems conforming to this implementation guide"},{"id":"-term-codesystem","name":"Terminology: Code Systems","description":"These define new code systems used by systems conforming to this implementation guide"},{"id":"-ex-example","name":"Example: Example Instances","description":"These are example instances that show what data produced and consumed by systems conforming with this implementation guide might look like"}],"resource":[{"extension":[{"url":"http://hl7.org/fhir/StructureDefinition/implementationguide-page","valueUri":"StructureDefinition-omrs-address.html"}],"reference":{"reference":"StructureDefinition/omrs-address"},"name":"OMRS Address","description":"Address profile specifies the geological location details","exampleBoolean":false,"groupingId":"-str-datatype"},{"extension":[{"url":"http://hl7.org/fhir/StructureDefinition/implementationguide-page","valueUri":"StructureDefinition-omrs-encounter.html"}],"reference":{"reference":"StructureDefinition/omrs-encounter"},"name":"Openmrs Encounter","description":"A FHIR Encounter as understood by OpenMRS","exampleBoolean":false,"groupingId":"-str-profile"},{"extension":[{"url":"http://hl7.org/fhir/StructureDefinition/implementationguide-page","valueUri":"StructureDefinition-omrs-location.html"}],"reference":{"reference":"StructureDefinition/omrs-location"},"name":"OpenMRS Location","description":"An OpenMRS location","exampleBoolean":false,"groupingId":"-str-profile"},{"extension":[{"url":"http://hl7.org/fhir/StructureDefinition/implementationguide-page","valueUri":"StructureDefinition-omrs-location-contact-point.html"}],"reference":{"reference":"StructureDefinition/omrs-location-contact-point"},"name":"OpenMRS Location Contact Point","description":"An OpenMRS Location Phone Number","exampleBoolean":false,"groupingId":"-str-datatype"},{"extension":[{"url":"http://hl7.org/fhir/StructureDefinition/implementationguide-page","valueUri":"StructureDefinition-omrs-medication-request.html"}],"reference":{"reference":"StructureDefinition/omrs-medication-request"},"name":"OpenMRS Medication Request","description":"A FHIR MedicationRequest as understood by OpenMRS","exampleBoolean":false,"groupingId":"-str-profile"},{"extension":[{"url":"http://hl7.org/fhir/StructureDefinition/implementationguide-page","valueUri":"StructureDefinition-omrs-patient.html"}],"reference":{"reference":"StructureDefinition/omrs-patient"},"name":"OpenMRS Patient","description":"A FHIR Patient as understood by OpenMRS","exampleBoolean":false,"groupingId":"-str-profile"},{"extension":[{"url":"http://hl7.org/fhir/StructureDefinition/implementationguide-page","valueUri":"StructureDefinition-omrs-patient-identifier.html"}],"reference":{"reference":"StructureDefinition/omrs-patient-identifier"},"name":"OpenMRS Patient Identifier","description":"Patient Identifers as understood by OpenMRS","exampleBoolean":false,"groupingId":"-str-datatype"},{"extension":[{"url":"http://hl7.org/fhir/StructureDefinition/implementationguide-page","valueUri":"StructureDefinition-omrs-person.html"}],"reference":{"reference":"StructureDefinition/omrs-person"},"name":"OpenMRS Person","description":"A FHIR Person as understood by OpenMRS","exampleBoolean":false,"groupingId":"-str-profile"},{"extension":[{"url":"http://hl7.org/fhir/StructureDefinition/implementationguide-page","valueUri":"StructureDefinition-omrs-practitioner.html"}],"reference":{"reference":"StructureDefinition/omrs-practitioner"},"name":"Openmrs Practitioner","description":"A FHIR Practitioner as understood by OpenMRS","exampleBoolean":false,"groupingId":"-str-profile"},{"extension":[{"url":"http://hl7.org/fhir/StructureDefinition/implementationguide-page","valueUri":"StructureDefinition-OpenMRS-diagnostic-report.html"}],"reference":{"reference":"StructureDefinition/OpenMRS-diagnostic-report"},"name":"OpenMRS Diagnostic Report","description":"DiagnosticReport resource created by a OpenMRS that representing results of diagnostic tests that are performed in a given clinical context.","exampleBoolean":false,"groupingId":"-str-profile"},{"extension":[{"url":"http://hl7.org/fhir/StructureDefinition/implementationguide-page","valueUri":"StructureDefinition-OpenMRS-observation.html"}],"reference":{"reference":"StructureDefinition/OpenMRS-observation"},"name":"OpenMRS Observation","description":"Observation resource created by a OpenMRS that representing a result for an order submitted by an EMR System","exampleBoolean":false,"groupingId":"-str-profile"},{"extension":[{"url":"http://hl7.org/fhir/StructureDefinition/implementationguide-page","valueUri":"StructureDefinition-OpenMRS-service-request.html"}],"reference":{"reference":"StructureDefinition/OpenMRS-service-request"},"name":"OpenMRS Service Request","description":" Service Request Resource is represents a request for some type of procedure or diagnostic test to be performed. When fulfilled, the results of this request are represented as a DiagnosticReport resource with associated Observation resources","exampleBoolean":false,"groupingId":"-str-profile"},{"extension":[{"url":"http://hl7.org/fhir/StructureDefinition/implementationguide-page","valueUri":"StructureDefinition-OpenMRS-task.html"}],"reference":{"reference":"StructureDefinition/OpenMRS-task"},"name":"OpenMRS Task","description":"A Task resource represent an activity that is to be performed,and track the completion of said activity between an OpenMRS and a FHIR2","exampleBoolean":false,"groupingId":"-str-profile"},{"extension":[{"url":"http://hl7.org/fhir/StructureDefinition/implementationguide-page","valueUri":"StructureDefinition-omrs-patient-identifier-location.html"}],"reference":{"reference":"StructureDefinition/omrs-patient-identifier-location"},"name":"OpenMRS Patient Identifier Location","description":"OpenMRS location for which this identifier is valid","exampleBoolean":false,"groupingId":"-str-extension"},{"extension":[{"url":"http://hl7.org/fhir/StructureDefinition/implementationguide-page","valueUri":"ValueSet-encounter-status-vs.html"}],"reference":{"reference":"ValueSet/encounter-status-vs"},"name":"EncounterStatus","description":"Encounter  status ValueSet","exampleBoolean":false,"groupingId":"-term-valueset"},{"extension":[{"url":"http://hl7.org/fhir/StructureDefinition/implementationguide-page","valueUri":"ValueSet-location-status-vs.html"}],"reference":{"reference":"ValueSet/location-status-vs"},"name":"Location Status ValueSet","description":"Indicates whether the location is still in use.","exampleBoolean":false,"groupingId":"-term-valueset"},{"extension":[{"url":"http://hl7.org/fhir/StructureDefinition/implementationguide-page","valueUri":"ValueSet-medication-request-intent-vs.html"}],"reference":{"reference":"ValueSet/medication-request-intent-vs"},"name":"Medication Request Intent Vs","description":"Medication Request Intent ValueSet","exampleBoolean":false,"groupingId":"-term-valueset"},{"extension":[{"url":"http://hl7.org/fhir/StructureDefinition/implementationguide-page","valueUri":"ValueSet-medication-request-priority-vs.html"}],"reference":{"reference":"ValueSet/medication-request-priority-vs"},"name":"Medication Request Priority ValueSet","description":"Openmrs Medication Request Priority ValueSet","exampleBoolean":false,"groupingId":"-term-valueset"},{"extension":[{"url":"http://hl7.org/fhir/StructureDefinition/implementationguide-page","valueUri":"ValueSet-OpenMRS-task-intent-vs.html"}],"reference":{"reference":"ValueSet/OpenMRS-task-intent-vs"},"name":"OpenMRS Intent for Task","description":"The intent of the task, subset from https://www.hl7.org/FHIR/valueset-task-intent.html","exampleBoolean":false,"groupingId":"-term-valueset"},{"extension":[{"url":"http://hl7.org/fhir/StructureDefinition/implementationguide-page","valueUri":"ValueSet-OpenMRS-task-status-vs.html"}],"reference":{"reference":"ValueSet/OpenMRS-task-status-vs"},"name":"OpenMRS Status for Task","description":"The state of the task, subset from https://www.hl7.org/FHIR/valueset-task-status.html","exampleBoolean":false,"groupingId":"-term-valueset"},{"extension":[{"url":"http://hl7.org/fhir/StructureDefinition/implementationguide-page","valueUri":"ValueSet-OpenMRS-diagnostic-report-status-vs.html"}],"reference":{"reference":"ValueSet/OpenMRS-diagnostic-report-status-vs"},"name":"OpenMRS Diagnostic Report Status Flag","description":"The status of the diagnostic report, subset from https://www.hl7.org/fhir/valueset-diagnostic-report-status.html","exampleBoolean":false,"groupingId":"-term-valueset"},{"extension":[{"url":"http://hl7.org/fhir/StructureDefinition/implementationguide-page","valueUri":"ValueSet-OpenMRS-order-code-vs.html"}],"reference":{"reference":"ValueSet/OpenMRS-order-code-vs"},"name":"OpenMRS Order Code","description":"The code for the openmrs requested in the EMR.","exampleBoolean":false,"groupingId":"-term-valueset"},{"extension":[{"url":"http://hl7.org/fhir/StructureDefinition/implementationguide-page","valueUri":"CodeSystem-encounter-type.html"}],"reference":{"reference":"CodeSystem/encounter-type"},"name":"Encounter Type Code System","description":"Encounter Type Coding System","exampleBoolean":false,"groupingId":"-term-codesystem"},{"extension":[{"url":"http://hl7.org/fhir/StructureDefinition/implementationguide-page","valueUri":"Patient-51ead2ec-279f-482d-80f8-209a5d4109d0.html"}],"reference":{"reference":"Patient/51ead2ec-279f-482d-80f8-209a5d4109d0"},"name":"Encounter Patient Example","description":"OMRS Encounter Resource Example","exampleBoolean":true,"groupingId":"-ex-example"},{"extension":[{"url":"http://hl7.org/fhir/StructureDefinition/implementationguide-page","valueUri":"Encounter-5b829d01-34bb-47d1-b1bb-9303c3a9ebcb.html"}],"reference":{"reference":"Encounter/5b829d01-34bb-47d1-b1bb-9303c3a9ebcb"},"name":"Encounter Resource Example","description":"Example OMRS Encounter","exampleCanonical":"http://fhir.openmrs.org/fhir/StructureDefinition/omrs-encounter","groupingId":"-ex-example"},{"extension":[{"url":"http://hl7.org/fhir/StructureDefinition/implementationguide-page","valueUri":"Practitioner-7a9e2727-11ee-47ae-8af5-1dcf5337f7c2.html"}],"reference":{"reference":"Practitioner/7a9e2727-11ee-47ae-8af5-1dcf5337f7c2"},"name":"Practitioner Example","description":"Practitioner Resource Example","exampleCanonical":"http://fhir.openmrs.org/fhir/StructureDefinition/omrs-practitioner","groupingId":"-ex-example"},{"extension":[{"url":"http://hl7.org/fhir/StructureDefinition/implementationguide-page","valueUri":"Location-LocationExample.html"}],"reference":{"reference":"Location/LocationExample"},"name":"Location Example","description":"Example OMRS location","exampleCanonical":"http://fhir.openmrs.org/fhir/StructureDefinition/omrs-location","groupingId":"-ex-example"},{"extension":[{"url":"http://hl7.org/fhir/StructureDefinition/implementationguide-page","valueUri":"SearchParameter-MedicationRequest-id.html"}],"reference":{"reference":"SearchParameter/MedicationRequest-id"},"name":"Search in MedicationRequest endpoint basing on MedicationRequest uuid  attribute","description":"Searches based on the MedicationRequest uuid field for the MedicationRequest record eg) /ws/fhir2/{release}}/MedicationRequest?_id={uuid}","exampleBoolean":false,"groupingId":"-dyn-searchparameter"},{"extension":[{"url":"http://hl7.org/fhir/StructureDefinition/implementationguide-page","valueUri":"SearchParameter-MedicationRequest-lastUpdated.html"}],"reference":{"reference":"SearchParameter/MedicationRequest-lastUpdated"},"name":"Search in MedicationRequest endpoint basing on MedicationRequest lastUpdated  attribute","description":"Searches based on the MedicationRequest lastUpdated field for the MedicationRequest record eg) /ws/fhir2/{release}/MedicationRequest?_lastUpdated={date-range}","exampleBoolean":false,"groupingId":"-dyn-searchparameter"},{"extension":[{"url":"http://hl7.org/fhir/StructureDefinition/implementationguide-page","valueUri":"SearchParameter-MedicationRequest-medication.html"}],"reference":{"reference":"SearchParameter/MedicationRequest-medication"},"name":"Search through MedicationRequest endpoint based on medication reference","description":"Searches for MedicationRequest by medication reference eg) /ws/fhir2/{release}/MedicationRequest?medication={reference}","exampleBoolean":false,"groupingId":"-dyn-searchparameter"},{"extension":[{"url":"http://hl7.org/fhir/StructureDefinition/implementationguide-page","valueUri":"SearchParameter-MedicationRequest-patient.html"}],"reference":{"reference":"SearchParameter/MedicationRequest-patient"},"name":"Search through MedicationRequest endpoint by a given patient","description":"Searches for MedicationRequest by a given patient eg) /ws/fhir2/{release}/MedicationRequest?patient={patientUuid}","exampleBoolean":false,"groupingId":"-dyn-searchparameter"},{"extension":[{"url":"http://hl7.org/fhir/StructureDefinition/implementationguide-page","valueUri":"SearchParameter-MedicationRequest-patient-identifier.html"}],"reference":{"reference":"SearchParameter/MedicationRequest-patient-identifier"},"name":"Search through MedicationRequest endpoint by a given patient","description":"Searches for MedicationRequest by a given patient eg) /ws/fhir2/{release}/MedicationRequest?patient.identifier={identifier}","exampleBoolean":false,"groupingId":"-dyn-searchparameter"},{"extension":[{"url":"http://hl7.org/fhir/StructureDefinition/implementationguide-page","valueUri":"SearchParameter-MedicationRequest-patient.family.html"}],"reference":{"reference":"SearchParameter/MedicationRequest-patient.family"},"name":"Search through MedicationRequest endpoint by the patient's family name","description":"Searches for MedicationRequest based on the patient's family name eg) /ws/fhir2/{release}/MedicationRequest?patient.family={familyName}","exampleBoolean":false,"groupingId":"-dyn-searchparameter"},{"extension":[{"url":"http://hl7.org/fhir/StructureDefinition/implementationguide-page","valueUri":"SearchParameter-MedicationRequest-patient.given.html"}],"reference":{"reference":"SearchParameter/MedicationRequest-patient.given"},"name":"Search through MedicationRequest endpoint by the patient's given name","description":"Searches for MedicationRequest based on the patient's given name(s) eg) /ws/fhir2/{release}/MedicationRequest?patient.given={givenName}","exampleBoolean":false,"groupingId":"-dyn-searchparameter"},{"extension":[{"url":"http://hl7.org/fhir/StructureDefinition/implementationguide-page","valueUri":"SearchParameter-MedicationRequest-patient.name.html"}],"reference":{"reference":"SearchParameter/MedicationRequest-patient.name"},"name":"Search through MedicationRequest endpoint by the patient's full or partial name","description":"Searches for MedicationRequest based on the patient's full or partial name eg) /ws/fhir2/{release}/MedicationRequest?patient.name={name}","exampleBoolean":false,"groupingId":"-dyn-searchparameter"},{"extension":[{"url":"http://hl7.org/fhir/StructureDefinition/implementationguide-page","valueUri":"SearchParameter-MedicationRequest-requestor.html"}],"reference":{"reference":"SearchParameter/MedicationRequest-requestor"},"name":"Search through MedicationRequest endpoint by a given Practitioner ","description":"Searches for MedicationRequest by a given Practitioner Reference uuid eg) /ws/fhir2/{release}/MedicationRequest?requestor={Uuid}","exampleBoolean":false,"groupingId":"-dyn-searchparameter"},{"extension":[{"url":"http://hl7.org/fhir/StructureDefinition/implementationguide-page","valueUri":"SearchParameter-MedicationRequest-requestor-identifier.html"}],"reference":{"reference":"SearchParameter/MedicationRequest-requestor-identifier"},"name":"Search through MedicationRequest endpoint by a given Practitioner","description":"Searches for MedicationRequest by a given Practitioner eg) /ws/fhir2/{release}/MedicationRequest?requestor.identifier={identifier}","exampleBoolean":false,"groupingId":"-dyn-searchparameter"},{"extension":[{"url":"http://hl7.org/fhir/StructureDefinition/implementationguide-page","valueUri":"SearchParameter-MedicationRequest-requestor.family.html"}],"reference":{"reference":"SearchParameter/MedicationRequest-requestor.family"},"name":"Search through MedicationRequest endpoint by the Practitioner's family name","description":"Searches for MedicationRequest based on the Practitioner's family name eg) /ws/fhir2/{release}/MedicationRequest?requestor.family={familyName}","exampleBoolean":false,"groupingId":"-dyn-searchparameter"},{"extension":[{"url":"http://hl7.org/fhir/StructureDefinition/implementationguide-page","valueUri":"SearchParameter-MedicationRequest-requestor.given.html"}],"reference":{"reference":"SearchParameter/MedicationRequest-requestor.given"},"name":"Search through MedicationRequest endpoint by the Practitioner's given name","description":"Searches for MedicationRequest based on the Practitioner's given name(s) eg) /ws/fhir2/{release}/MedicationRequest?requestor.given={givenName}","exampleBoolean":false,"groupingId":"-dyn-searchparameter"},{"extension":[{"url":"http://hl7.org/fhir/StructureDefinition/implementationguide-page","valueUri":"SearchParameter-MedicationRequest-requestor.name.html"}],"reference":{"reference":"SearchParameter/MedicationRequest-requestor.name"},"name":"Search through MedicationRequest endpoint by the Practitioner's full or partial name","description":"Searches for MedicationRequest based on the Practitioner's full or partial name eg) /ws/fhir2/{release}/MedicationRequest?requestor.name={name}","exampleBoolean":false,"groupingId":"-dyn-searchparameter"},{"extension":[{"url":"http://hl7.org/fhir/StructureDefinition/implementationguide-page","valueUri":"SearchParameter-MedicationRequest-subject.html"}],"reference":{"reference":"SearchParameter/MedicationRequest-subject"},"name":"Search through MedicationRequest endpoint by subject uuid","description":"Searches for MedicationRequest by a given subject eg) /ws/fhir2/{release}/MedicationRequest?subject:Patient={patientUuid}","exampleBoolean":false,"groupingId":"-dyn-searchparameter"},{"extension":[{"url":"http://hl7.org/fhir/StructureDefinition/implementationguide-page","valueUri":"SearchParameter-MedicationRequest-subject-family.html"}],"reference":{"reference":"SearchParameter/MedicationRequest-subject-family"},"name":"Search through MedicationRequest endpoint by subject family","description":"Searches for MedicationRequest based on the patient's family name eg) /ws/fhir2/{release}/MedicationRequest?subject:Patient.family={familyName}","exampleBoolean":false,"groupingId":"-dyn-searchparameter"},{"extension":[{"url":"http://hl7.org/fhir/StructureDefinition/implementationguide-page","valueUri":"SearchParameter-MedicationRequest-subject-given.html"}],"reference":{"reference":"SearchParameter/MedicationRequest-subject-given"},"name":"Search through MedicationRequest endpoint by subject given","description":"Searches for MedicationRequest based on the patient's given name(s) eg) /ws/fhir2/{release}/MedicationRequest?subject:Patient.given={givenName}","exampleBoolean":false,"groupingId":"-dyn-searchparameter"},{"extension":[{"url":"http://hl7.org/fhir/StructureDefinition/implementationguide-page","valueUri":"SearchParameter-MedicationRequest-subject-identifier.html"}],"reference":{"reference":"SearchParameter/MedicationRequest-subject-identifier"},"name":"Search through MedicationRequest endpoint by subject identifier","description":"Searches for MedicationRequest by the patient identifier eg) /ws/fhir2/{release}/MedicationRequest?subject:Patient.identifier={identifier}","exampleBoolean":false,"groupingId":"-dyn-searchparameter"},{"extension":[{"url":"http://hl7.org/fhir/StructureDefinition/implementationguide-page","valueUri":"SearchParameter-MedicationRequest-subject-name.html"}],"reference":{"reference":"SearchParameter/MedicationRequest-subject-name"},"name":"Search through MedicationRequest endpoint by subject name","description":"Searches for MedicationRequest based on the patient's full or partial name eg) /ws/fhir2/{release}/MedicationRequest?subject:Patient.name={name}","exampleBoolean":false,"groupingId":"-dyn-searchparameter"},{"extension":[{"url":"http://hl7.org/fhir/StructureDefinition/implementationguide-page","valueUri":"MedicationRequest-OMRSMedicationRequestExample.html"}],"reference":{"reference":"MedicationRequest/OMRSMedicationRequestExample"},"name":"OMRS Medication Request Example","description":"Example of the OMRS medication Request Resource","exampleCanonical":"http://fhir.openmrs.org/fhir/StructureDefinition/omrs-medication-request","groupingId":"-ex-example"},{"extension":[{"url":"http://hl7.org/fhir/StructureDefinition/implementationguide-page","valueUri":"SearchParameter-Practitioner-address-city.html"}],"reference":{"reference":"SearchParameter/Practitioner-address-city"},"name":"Search in Practitioner endpoint basing on Practitioner's address-city attribute","description":"Searches based on the address-city field for the Practitioner record eg) /ws/fhir2/{release}/Practitioner?address-city={city}","exampleBoolean":false,"groupingId":"-dyn-searchparameter"},{"extension":[{"url":"http://hl7.org/fhir/StructureDefinition/implementationguide-page","valueUri":"SearchParameter-Practitioner-address-country.html"}],"reference":{"reference":"SearchParameter/Practitioner-address-country"},"name":"Search in Practitioner endpoint basing on Practitioner's address-country attribute","description":"Searches based on the address-country field for the Practitioner record eg) /ws/fhir2/{release}/Practitioner?address-country={country}","exampleBoolean":false,"groupingId":"-dyn-searchparameter"},{"extension":[{"url":"http://hl7.org/fhir/StructureDefinition/implementationguide-page","valueUri":"SearchParameter-Practitioner-address-postalcode.html"}],"reference":{"reference":"SearchParameter/Practitioner-address-postalcode"},"name":"Search in Practitioner endpoint basing on Practitioner's address-postalcode attribute","description":"Searches based on the address-postalcode field for the Practitioner record eg) /ws/fhir2/{release}/Practitioner?address-postalcode={postalCode}","exampleBoolean":false,"groupingId":"-dyn-searchparameter"},{"extension":[{"url":"http://hl7.org/fhir/StructureDefinition/implementationguide-page","valueUri":"SearchParameter-Practitioner-address-state.html"}],"reference":{"reference":"SearchParameter/Practitioner-address-state"},"name":"Search in Practitioner endpoint basing on Practitioner's address-state attribute","description":"Searches based on the address-state field for the Practitioner record eg) /ws/fhir2/{release}/Practitioner?address-state={state}","exampleBoolean":false,"groupingId":"-dyn-searchparameter"},{"extension":[{"url":"http://hl7.org/fhir/StructureDefinition/implementationguide-page","valueUri":"SearchParameter-Practitioner-id.html"}],"reference":{"reference":"SearchParameter/Practitioner-id"},"name":"Search in Practitioner endpoint basing on Practitioner uuid attribute","description":"Searches based on the Practitioner uuid field for the Practitioner record eg) /ws/fhir2/{release}}/Practitioner?_id={uuid}","exampleBoolean":false,"groupingId":"-dyn-searchparameter"},{"extension":[{"url":"http://hl7.org/fhir/StructureDefinition/implementationguide-page","valueUri":"SearchParameter-Practitioner-identifier.html"}],"reference":{"reference":"SearchParameter/Practitioner-identifier"},"name":"Search through Practitioner endpoint by a given Practitioner","description":"Searches for Practitioner by a given Practitioner eg) /ws/fhir2/{release}/Practitioner?identifier={identifier}","exampleBoolean":false,"groupingId":"-dyn-searchparameter"},{"extension":[{"url":"http://hl7.org/fhir/StructureDefinition/implementationguide-page","valueUri":"SearchParameter-Practitioner-lastUpdated.html"}],"reference":{"reference":"SearchParameter/Practitioner-lastUpdated"},"name":"Search in Practitioner endpoint basing on Practitioner lastUpdated  attribute","description":"Searches based on the Practitioner lastUpdated field for the Practitioner record eg) /ws/fhir2/{release}/Practitioner?_lastUpdated={date-range}","exampleBoolean":false,"groupingId":"-dyn-searchparameter"},{"extension":[{"url":"http://hl7.org/fhir/StructureDefinition/implementationguide-page","valueUri":"SearchParameter-Practitioner.family.html"}],"reference":{"reference":"SearchParameter/Practitioner.family"},"name":"Search through Practitioner endpoint by the Practitioner's family name","description":"Searches for Practitioner based on the Practitioner's family name eg) /ws/fhir2/{release}/Practitioner?family={familyName}","exampleBoolean":false,"groupingId":"-dyn-searchparameter"},{"extension":[{"url":"http://hl7.org/fhir/StructureDefinition/implementationguide-page","valueUri":"SearchParameter-Practitioner.given.html"}],"reference":{"reference":"SearchParameter/Practitioner.given"},"name":"Search through Practitioner endpoint by the Practitioner's given name","description":"Searches for Practitioner based on the Practitioner's given name(s) eg) /ws/fhir2/{release}/Practitioner?given={givenName}","exampleBoolean":false,"groupingId":"-dyn-searchparameter"},{"extension":[{"url":"http://hl7.org/fhir/StructureDefinition/implementationguide-page","valueUri":"SearchParameter-Practitioner.name.html"}],"reference":{"reference":"SearchParameter/Practitioner.name"},"name":"Search through Practitioner endpoint by the Practitioner's full or partial name","description":"Searches for Practitioner based on the Practitioner's full or partial name eg) /ws/fhir2/{release}/Practitioner?name={name}","exampleBoolean":false,"groupingId":"-dyn-searchparameter"},{"extension":[{"url":"http://hl7.org/fhir/StructureDefinition/implementationguide-page","valueUri":"Observation-example-openmrs-Observation.html"}],"reference":{"reference":"Observation/example-openmrs-Observation"},"name":"Openmrs Observation","description":"Example OMRS Observation Resource","exampleCanonical":"http://fhir.openmrs.org/fhir/StructureDefinition/OpenMRS-observation","groupingId":"-ex-example"},{"extension":[{"url":"http://hl7.org/fhir/StructureDefinition/implementationguide-page","valueUri":"Patient-example-openmrs-Patient.html"}],"reference":{"reference":"Patient/example-openmrs-Patient"},"name":"Openmrs Patient","description":"Example OMRS Patient Resource","exampleCanonical":"http://fhir.openmrs.org/fhir/StructureDefinition/omrs-patient","groupingId":"-ex-example"},{"extension":[{"url":"http://hl7.org/fhir/StructureDefinition/implementationguide-page","valueUri":"ServiceRequest-example-openmrs-ServiceRequest.html"}],"reference":{"reference":"ServiceRequest/example-openmrs-ServiceRequest"},"name":"Openmrs serviceRequest","description":"Example OMRS Service Request Resource","exampleCanonical":"http://fhir.openmrs.org/fhir/StructureDefinition/OpenMRS-service-request","groupingId":"-ex-example"},{"extension":[{"url":"http://hl7.org/fhir/StructureDefinition/implementationguide-page","valueUri":"Task-example-openmrs-Task.html"}],"reference":{"reference":"Task/example-openmrs-Task"},"name":"Openmrs Task","description":"Example OMRS Task Resource","exampleCanonical":"http://fhir.openmrs.org/fhir/StructureDefinition/OpenMRS-task","groupingId":"-ex-example"},{"extension":[{"url":"http://hl7.org/fhir/StructureDefinition/implementationguide-page","valueUri":"Person-example-openmrs-person.html"}],"reference":{"reference":"Person/example-openmrs-person"},"name":"Openmrs Person","description":"Example OMRS Person Resource","exampleCanonical":"http://fhir.openmrs.org/fhir/StructureDefinition/omrs-person","groupingId":"-ex-example"}],"page":{"extension":[{"url":"http://hl7.org/fhir/tools/StructureDefinition/ig-page-name","valueUrl":"toc.html"}],"nameUrl":"toc.html","title":"Table of Contents","generation":"html","page":[{"extension":[{"url":"http://hl7.org/fhir/tools/StructureDefinition/ig-page-name","valueUrl":"index.html"}],"nameUrl":"index.html","title":"Home","generation":"markdown"},{"extension":[{"url":"http://hl7.org/fhir/tools/StructureDefinition/ig-page-name","valueUrl":"changes.html"}],"nameUrl":"changes.html","title":"Changes","generation":"markdown"},{"extension":[{"url":"http://hl7.org/fhir/tools/StructureDefinition/ig-page-name","valueUrl":"artifacts.html"}],"nameUrl":"artifacts.html","title":"Artifacts Summary","generation":"html","page":[{"extension":[{"url":"http://hl7.org/fhir/tools/StructureDefinition/ig-page-name","valueUrl":"SearchParameter-MedicationRequest-id.html"}],"nameUrl":"SearchParameter-MedicationRequest-id.html","title":"Search in MedicationRequest endpoint basing on MedicationRequest uuid  attribute","generation":"generated"},{"extension":[{"url":"http://hl7.org/fhir/tools/StructureDefinition/ig-page-name","valueUrl":"SearchParameter-MedicationRequest-lastUpdated.html"}],"nameUrl":"SearchParameter-MedicationRequest-lastUpdated.html","title":"Search in MedicationRequest endpoint basing on MedicationRequest lastUpdated  attribute","generation":"generated"},{"extension":[{"url":"http://hl7.org/fhir/tools/StructureDefinition/ig-page-name","valueUrl":"SearchParameter-MedicationRequest-medication.html"}],"nameUrl":"SearchParameter-MedicationRequest-medication.html","title":"Search through MedicationRequest endpoint based on medication reference","generation":"generated"},{"extension":[{"url":"http://hl7.org/fhir/tools/StructureDefinition/ig-page-name","valueUrl":"SearchParameter-MedicationRequest-patient.html"}],"nameUrl":"SearchParameter-MedicationRequest-patient.html","title":"Search through MedicationRequest endpoint by a given patient","generation":"generated"},{"extension":[{"url":"http://hl7.org/fhir/tools/StructureDefinition/ig-page-name","valueUrl":"SearchParameter-MedicationRequest-patient-identifier.html"}],"nameUrl":"SearchParameter-MedicationRequest-patient-identifier.html","title":"Search through MedicationRequest endpoint by a given patient","generation":"generated"},{"extension":[{"url":"http://hl7.org/fhir/tools/StructureDefinition/ig-page-name","valueUrl":"SearchParameter-MedicationRequest-patient.family.html"}],"nameUrl":"SearchParameter-MedicationRequest-patient.family.html","title":"Search through MedicationRequest endpoint by the patient's family name","generation":"generated"},{"extension":[{"url":"http://hl7.org/fhir/tools/StructureDefinition/ig-page-name","valueUrl":"SearchParameter-MedicationRequest-patient.given.html"}],"nameUrl":"SearchParameter-MedicationRequest-patient.given.html","title":"Search through MedicationRequest endpoint by the patient's given name","generation":"generated"},{"extension":[{"url":"http://hl7.org/fhir/tools/StructureDefinition/ig-page-name","valueUrl":"SearchParameter-MedicationRequest-patient.name.html"}],"nameUrl":"SearchParameter-MedicationRequest-patient.name.html","title":"Search through MedicationRequest endpoint by the patient's full or partial name","generation":"generated"},{"extension":[{"url":"http://hl7.org/fhir/tools/StructureDefinition/ig-page-name","valueUrl":"SearchParameter-MedicationRequest-requestor.html"}],"nameUrl":"SearchParameter-MedicationRequest-requestor.html","title":"Search through MedicationRequest endpoint by a given Practitioner ","generation":"generated"},{"extension":[{"url":"http://hl7.org/fhir/tools/StructureDefinition/ig-page-name","valueUrl":"SearchParameter-MedicationRequest-requestor-identifier.html"}],"nameUrl":"SearchParameter-MedicationRequest-requestor-identifier.html","title":"Search through MedicationRequest endpoint by a given Practitioner","generation":"generated"},{"extension":[{"url":"http://hl7.org/fhir/tools/StructureDefinition/ig-page-name","valueUrl":"SearchParameter-MedicationRequest-requestor.family.html"}],"nameUrl":"SearchParameter-MedicationRequest-requestor.family.html","title":"Search through MedicationRequest endpoint by the Practitioner's family name","generation":"generated"},{"extension":[{"url":"http://hl7.org/fhir/tools/StructureDefinition/ig-page-name","valueUrl":"SearchParameter-MedicationRequest-requestor.given.html"}],"nameUrl":"SearchParameter-MedicationRequest-requestor.given.html","title":"Search through MedicationRequest endpoint by the Practitioner's given name","generation":"generated"},{"extension":[{"url":"http://hl7.org/fhir/tools/StructureDefinition/ig-page-name","valueUrl":"SearchParameter-MedicationRequest-requestor.name.html"}],"nameUrl":"SearchParameter-MedicationRequest-requestor.name.html","title":"Search through MedicationRequest endpoint by the Practitioner's full or partial name","generation":"generated"},{"extension":[{"url":"http://hl7.org/fhir/tools/StructureDefinition/ig-page-name","valueUrl":"SearchParameter-MedicationRequest-subject.html"}],"nameUrl":"SearchParameter-MedicationRequest-subject.html","title":"Search through MedicationRequest endpoint by subject uuid","generation":"generated"},{"extension":[{"url":"http://hl7.org/fhir/tools/StructureDefinition/ig-page-name","valueUrl":"SearchParameter-MedicationRequest-subject-family.html"}],"nameUrl":"SearchParameter-MedicationRequest-subject-family.html","title":"Search through MedicationRequest endpoint by subject family","generation":"generated"},{"extension":[{"url":"http://hl7.org/fhir/tools/StructureDefinition/ig-page-name","valueUrl":"SearchParameter-MedicationRequest-subject-given.html"}],"nameUrl":"SearchParameter-MedicationRequest-subject-given.html","title":"Search through MedicationRequest endpoint by subject given","generation":"generated"},{"extension":[{"url":"http://hl7.org/fhir/tools/StructureDefinition/ig-page-name","valueUrl":"SearchParameter-MedicationRequest-subject-identifier.html"}],"nameUrl":"SearchParameter-MedicationRequest-subject-identifier.html","title":"Search through MedicationRequest endpoint by subject identifier","generation":"generated"},{"extension":[{"url":"http://hl7.org/fhir/tools/StructureDefinition/ig-page-name","valueUrl":"SearchParameter-MedicationRequest-subject-name.html"}],"nameUrl":"SearchParameter-MedicationRequest-subject-name.html","title":"Search through MedicationRequest endpoint by subject name","generation":"generated"},{"extension":[{"url":"http://hl7.org/fhir/tools/StructureDefinition/ig-page-name","valueUrl":"SearchParameter-Practitioner-address-city.html"}],"nameUrl":"SearchParameter-Practitioner-address-city.html","title":"Search in Practitioner endpoint basing on Practitioner's address-city attribute","generation":"generated"},{"extension":[{"url":"http://hl7.org/fhir/tools/StructureDefinition/ig-page-name","valueUrl":"SearchParameter-Practitioner-address-country.html"}],"nameUrl":"SearchParameter-Practitioner-address-country.html","title":"Search in Practitioner endpoint basing on Practitioner's address-country attribute","generation":"generated"},{"extension":[{"url":"http://hl7.org/fhir/tools/StructureDefinition/ig-page-name","valueUrl":"SearchParameter-Practitioner-address-postalcode.html"}],"nameUrl":"SearchParameter-Practitioner-address-postalcode.html","title":"Search in Practitioner endpoint basing on Practitioner's address-postalcode attribute","generation":"generated"},{"extension":[{"url":"http://hl7.org/fhir/tools/StructureDefinition/ig-page-name","valueUrl":"SearchParameter-Practitioner-address-state.html"}],"nameUrl":"SearchParameter-Practitioner-address-state.html","title":"Search in Practitioner endpoint basing on Practitioner's address-state attribute","generation":"generated"},{"extension":[{"url":"http://hl7.org/fhir/tools/StructureDefinition/ig-page-name","valueUrl":"SearchParameter-Practitioner-id.html"}],"nameUrl":"SearchParameter-Practitioner-id.html","title":"Search in Practitioner endpoint basing on Practitioner uuid attribute","generation":"generated"},{"extension":[{"url":"http://hl7.org/fhir/tools/StructureDefinition/ig-page-name","valueUrl":"SearchParameter-Practitioner-identifier.html"}],"nameUrl":"SearchParameter-Practitioner-identifier.html","title":"Search through Practitioner endpoint by a given Practitioner","generation":"generated"},{"extension":[{"url":"http://hl7.org/fhir/tools/StructureDefinition/ig-page-name","valueUrl":"SearchParameter-Practitioner-lastUpdated.html"}],"nameUrl":"SearchParameter-Practitioner-lastUpdated.html","title":"Search in Practitioner endpoint basing on Practitioner lastUpdated  attribute","generation":"generated"},{"extension":[{"url":"http://hl7.org/fhir/tools/StructureDefinition/ig-page-name","valueUrl":"SearchParameter-Practitioner.family.html"}],"nameUrl":"SearchParameter-Practitioner.family.html","title":"Search through Practitioner endpoint by the Practitioner's family name","generation":"generated"},{"extension":[{"url":"http://hl7.org/fhir/tools/StructureDefinition/ig-page-name","valueUrl":"SearchParameter-Practitioner.given.html"}],"nameUrl":"SearchParameter-Practitioner.given.html","title":"Search through Practitioner endpoint by the Practitioner's given name","generation":"generated"},{"extension":[{"url":"http://hl7.org/fhir/tools/StructureDefinition/ig-page-name","valueUrl":"SearchParameter-Practitioner.name.html"}],"nameUrl":"SearchParameter-Practitioner.name.html","title":"Search through Practitioner endpoint by the Practitioner's full or partial name","generation":"generated"},{"extension":[{"url":"http://hl7.org/fhir/tools/StructureDefinition/ig-page-name","valueUrl":"StructureDefinition-omrs-encounter.html"}],"nameUrl":"StructureDefinition-omrs-encounter.html","title":"Openmrs Encounter","generation":"generated"},{"extension":[{"url":"http://hl7.org/fhir/tools/StructureDefinition/ig-page-name","valueUrl":"StructureDefinition-omrs-location.html"}],"nameUrl":"StructureDefinition-omrs-location.html","title":"OpenMRS Location","generation":"generated"},{"extension":[{"url":"http://hl7.org/fhir/tools/StructureDefinition/ig-page-name","valueUrl":"StructureDefinition-omrs-medication-request.html"}],"nameUrl":"StructureDefinition-omrs-medication-request.html","title":"OpenMRS Medication Request","generation":"generated"},{"extension":[{"url":"http://hl7.org/fhir/tools/StructureDefinition/ig-page-name","valueUrl":"StructureDefinition-omrs-patient.html"}],"nameUrl":"StructureDefinition-omrs-patient.html","title":"OpenMRS Patient","generation":"generated"},{"extension":[{"url":"http://hl7.org/fhir/tools/StructureDefinition/ig-page-name","valueUrl":"StructureDefinition-omrs-person.html"}],"nameUrl":"StructureDefinition-omrs-person.html","title":"OpenMRS Person","generation":"generated"},{"extension":[{"url":"http://hl7.org/fhir/tools/StructureDefinition/ig-page-name","valueUrl":"StructureDefinition-omrs-practitioner.html"}],"nameUrl":"StructureDefinition-omrs-practitioner.html","title":"Openmrs Practitioner","generation":"generated"},{"extension":[{"url":"http://hl7.org/fhir/tools/StructureDefinition/ig-page-name","valueUrl":"StructureDefinition-OpenMRS-diagnostic-report.html"}],"nameUrl":"StructureDefinition-OpenMRS-diagnostic-report.html","title":"OpenMRS Diagnostic Report","generation":"generated"},{"extension":[{"url":"http://hl7.org/fhir/tools/StructureDefinition/ig-page-name","valueUrl":"StructureDefinition-OpenMRS-observation.html"}],"nameUrl":"StructureDefinition-OpenMRS-observation.html","title":"OpenMRS Observation","generation":"generated"},{"extension":[{"url":"http://hl7.org/fhir/tools/StructureDefinition/ig-page-name","valueUrl":"StructureDefinition-OpenMRS-service-request.html"}],"nameUrl":"StructureDefinition-OpenMRS-service-request.html","title":"OpenMRS Service Request","generation":"generated"},{"extension":[{"url":"http://hl7.org/fhir/tools/StructureDefinition/ig-page-name","valueUrl":"StructureDefinition-OpenMRS-task.html"}],"nameUrl":"StructureDefinition-OpenMRS-task.html","title":"OpenMRS Task","generation":"generated"},{"extension":[{"url":"http://hl7.org/fhir/tools/StructureDefinition/ig-page-name","valueUrl":"StructureDefinition-omrs-address.html"}],"nameUrl":"StructureDefinition-omrs-address.html","title":"OMRS Address","generation":"generated"},{"extension":[{"url":"http://hl7.org/fhir/tools/StructureDefinition/ig-page-name","valueUrl":"StructureDefinition-omrs-location-contact-point.html"}],"nameUrl":"StructureDefinition-omrs-location-contact-point.html","title":"OpenMRS Location Contact Point","generation":"generated"},{"extension":[{"url":"http://hl7.org/fhir/tools/StructureDefinition/ig-page-name","valueUrl":"StructureDefinition-omrs-patient-identifier.html"}],"nameUrl":"StructureDefinition-omrs-patient-identifier.html","title":"OpenMRS Patient Identifier","generation":"generated"},{"extension":[{"url":"http://hl7.org/fhir/tools/StructureDefinition/ig-page-name","valueUrl":"StructureDefinition-omrs-patient-identifier-location.html"}],"nameUrl":"StructureDefinition-omrs-patient-identifier-location.html","title":"OpenMRS Patient Identifier Location","generation":"generated"},{"extension":[{"url":"http://hl7.org/fhir/tools/StructureDefinition/ig-page-name","valueUrl":"ValueSet-encounter-status-vs.html"}],"nameUrl":"ValueSet-encounter-status-vs.html","title":"EncounterStatus","generation":"generated"},{"extension":[{"url":"http://hl7.org/fhir/tools/StructureDefinition/ig-page-name","valueUrl":"ValueSet-location-status-vs.html"}],"nameUrl":"ValueSet-location-status-vs.html","title":"Location Status ValueSet","generation":"generated"},{"extension":[{"url":"http://hl7.org/fhir/tools/StructureDefinition/ig-page-name","valueUrl":"ValueSet-medication-request-intent-vs.html"}],"nameUrl":"ValueSet-medication-request-intent-vs.html","title":"Medication Request Intent Vs","generation":"generated"},{"extension":[{"url":"http://hl7.org/fhir/tools/StructureDefinition/ig-page-name","valueUrl":"ValueSet-medication-request-priority-vs.html"}],"nameUrl":"ValueSet-medication-request-priority-vs.html","title":"Medication Request Priority ValueSet","generation":"generated"},{"extension":[{"url":"http://hl7.org/fhir/tools/StructureDefinition/ig-page-name","valueUrl":"ValueSet-OpenMRS-task-intent-vs.html"}],"nameUrl":"ValueSet-OpenMRS-task-intent-vs.html","title":"OpenMRS Intent for Task","generation":"generated"},{"extension":[{"url":"http://hl7.org/fhir/tools/StructureDefinition/ig-page-name","valueUrl":"ValueSet-OpenMRS-task-status-vs.html"}],"nameUrl":"ValueSet-OpenMRS-task-status-vs.html","title":"OpenMRS Status for Task","generation":"generated"},{"extension":[{"url":"http://hl7.org/fhir/tools/StructureDefinition/ig-page-name","valueUrl":"ValueSet-OpenMRS-diagnostic-report-status-vs.html"}],"nameUrl":"ValueSet-OpenMRS-diagnostic-report-status-vs.html","title":"OpenMRS Diagnostic Report Status Flag","generation":"generated"},{"extension":[{"url":"http://hl7.org/fhir/tools/StructureDefinition/ig-page-name","valueUrl":"ValueSet-OpenMRS-order-code-vs.html"}],"nameUrl":"ValueSet-OpenMRS-order-code-vs.html","title":"OpenMRS Order Code","generation":"generated"},{"extension":[{"url":"http://hl7.org/fhir/tools/StructureDefinition/ig-page-name","valueUrl":"CodeSystem-encounter-type.html"}],"nameUrl":"CodeSystem-encounter-type.html","title":"Encounter Type Code System","generation":"generated"},{"extension":[{"url":"http://hl7.org/fhir/tools/StructureDefinition/ig-page-name","valueUrl":"Patient-51ead2ec-279f-482d-80f8-209a5d4109d0.html"}],"nameUrl":"Patient-51ead2ec-279f-482d-80f8-209a5d4109d0.html","title":"Encounter Patient Example","generation":"generated"},{"extension":[{"url":"http://hl7.org/fhir/tools/StructureDefinition/ig-page-name","valueUrl":"Encounter-5b829d01-34bb-47d1-b1bb-9303c3a9ebcb.html"}],"nameUrl":"Encounter-5b829d01-34bb-47d1-b1bb-9303c3a9ebcb.html","title":"Encounter Resource Example","generation":"generated"},{"extension":[{"url":"http://hl7.org/fhir/tools/StructureDefinition/ig-page-name","valueUrl":"Practitioner-7a9e2727-11ee-47ae-8af5-1dcf5337f7c2.html"}],"nameUrl":"Practitioner-7a9e2727-11ee-47ae-8af5-1dcf5337f7c2.html","title":"Practitioner Example","generation":"generated"},{"extension":[{"url":"http://hl7.org/fhir/tools/StructureDefinition/ig-page-name","valueUrl":"Location-LocationExample.html"}],"nameUrl":"Location-LocationExample.html","title":"Location Example","generation":"generated"},{"extension":[{"url":"http://hl7.org/fhir/tools/StructureDefinition/ig-page-name","valueUrl":"MedicationRequest-OMRSMedicationRequestExample.html"}],"nameUrl":"MedicationRequest-OMRSMedicationRequestExample.html","title":"OMRS Medication Request Example","generation":"generated"},{"extension":[{"url":"http://hl7.org/fhir/tools/StructureDefinition/ig-page-name","valueUrl":"Observation-example-openmrs-Observation.html"}],"nameUrl":"Observation-example-openmrs-Observation.html","title":"Openmrs Observation","generation":"generated"},{"extension":[{"url":"http://hl7.org/fhir/tools/StructureDefinition/ig-page-name","valueUrl":"Patient-example-openmrs-Patient.html"}],"nameUrl":"Patient-example-openmrs-Patient.html","title":"Openmrs Patient","generation":"generated"},{"extension":[{"url":"http://hl7.org/fhir/tools/StructureDefinition/ig-page-name","valueUrl":"ServiceRequest-example-openmrs-ServiceRequest.html"}],"nameUrl":"ServiceRequest-example-openmrs-ServiceRequest.html","title":"Openmrs serviceRequest","generation":"generated"},{"extension":[{"url":"http://hl7.org/fhir/tools/StructureDefinition/ig-page-name","valueUrl":"Task-example-openmrs-Task.html"}],"nameUrl":"Task-example-openmrs-Task.html","title":"Openmrs Task","generation":"generated"},{"extension":[{"url":"http://hl7.org/fhir/tools/StructureDefinition/ig-page-name","valueUrl":"Person-example-openmrs-person.html"}],"nameUrl":"Person-example-openmrs-person.html","title":"Openmrs Person","generation":"generated"}]}]},"parameter":[{"code":"path-resource","value":"input/capabilities"},{"code":"path-resource","value":"input/examples"},{"code":"path-resource","value":"input/extensions"},{"code":"path-resource","value":"input/models"},{"code":"path-resource","value":"input/operations"},{"code":"path-resource","value":"input/profiles"},{"code":"path-resource","value":"input/resources"},{"code":"path-resource","value":"input/vocabulary"},{"code":"path-resource","value":"input/maps"},{"code":"path-resource","value":"input/testing"},{"code":"path-resource","value":"input/history"},{"code":"path-resource","value":"fsh-generated/resources"},{"code":"path-pages","value":"template/config"},{"code":"path-pages","value":"input/images"},{"code":"path-tx-cache","value":"input-cache/txcache"}]}}