{"resourceType":"SearchParameter","id":"Encounter-patient.name","url":"http://fhir.openmrs.org/fhir/SearchParameter/Encounter-patient.name","version":"0.1.0","name":"EncounterPatientNameSearchParameter","status":"active","date":"2022-10-08T02:10:18+00:00","contact":[{"name":"OpenMRS, Inc.","telecom":[{"system":"url","value":"https://openmrs.org"}]}],"description":"Searches for Encounters based on the patient's full or partial name eg) /ws/fhir2/{release}/Encounter?patient.name={name}","code":"patient.name","base":["Encounter"],"type":"string","target":["OMRSEncounter"]}