{"resourceType":"SearchParameter","id":"location-name","url":"http://fhir.openmrs.org/fhir/SearchParameter/location-name","version":"0.1.0","name":"LocationNameSearchParameter","status":"active","date":"2022-10-08T02:10:18+00:00","contact":[{"name":"OpenMRS, Inc.","telecom":[{"system":"url","value":"https://openmrs.org"}]}],"description":"Searches based on the name field for the location record eg) /ws/fhir2/{release}/Location?name={name}","code":"name","base":["Location"],"type":"string","target":["OMRSLocation"]}