{"resourceType":"SearchParameter","id":"serviceRequest-id","url":"http://fhir.openmrs.org/fhir/SearchParameter/serviceRequest-id","version":"0.1.0","name":"serviceRequestIdSearchParameter","status":"active","date":"2022-10-08T02:12:18+00:00","contact":[{"name":"OpenMRS, Inc.","telecom":[{"system":"url","value":"https://openmrs.org"}]}],"description":"Searches for serviceRequest based on service Uuid eg) /ws/fhir2/{release}/ServiceRequest?_id={uuid}","code":"_id","base":["ServiceRequest"],"type":"token","target":["OpenMRSServiceRequest"]}