{"resourceType":"SearchParameter","id":"condition-patient.family","url":"http://fhir.openmrs.org/fhir/SearchParameter/condition-patient.family","version":"0.1.0","name":"conditionPatientFamilyNameSearchParameter","status":"active","date":"2022-10-08T02:14:23+00:00","contact":[{"name":"OpenMRS, Inc.","telecom":[{"system":"url","value":"https://openmrs.org"}]}],"description":"Searches for condition based on the patient's family name eg) /ws/fhir2/{release}/Condition?patient.family={familyName}","code":"patient.family","base":["Condition"],"type":"string","target":["OMRSCondition"]}