{"resourceType":"SearchParameter","id":"Encounter-patient-identifier","url":"http://fhir.openmrs.org/fhir/SearchParameter/Encounter-patient-identifier","version":"0.1.0","name":"EncounterPatientIdentifierSearchParameter","status":"active","date":"2022-10-08T02:13:28+00:00","contact":[{"name":"OpenMRS, Inc.","telecom":[{"system":"url","value":"https://openmrs.org"}]}],"description":"Searches for Encounters by a given patient eg) /ws/fhir2/{release}/Encounter?patient.identifier={identifier}","code":"patient.identifier","base":["Encounter"],"type":"token","target":["OMRSEncounter"]}