{"resourceType":"SearchParameter","id":"serviceRequest-subject-family","url":"http://fhir.openmrs.org/fhir/SearchParameter/serviceRequest-subject-family","version":"0.1.0","name":"serviceRequestSubjectfamilySearchParameter","status":"active","date":"2022-10-08T02:12:18+00:00","contact":[{"name":"OpenMRS, Inc.","telecom":[{"system":"url","value":"https://openmrs.org"}]}],"description":"\tSearches for serviceRequest based on the patient's family name eg) /ws/fhir2/{release}/ServiceRequest?subject:Patient.family={familyName}","code":"subject.family","base":["ServiceRequest"],"type":"string","target":["OpenMRSServiceRequest"]}