{"resourceType":"SearchParameter","id":"Encounter-date","url":"http://fhir.openmrs.org/fhir/SearchParameter/Encounter-date","version":"0.1.0","name":"EncounterPatientNameSearchParameter","status":"active","date":"2022-10-08T02:10:18+00:00","contact":[{"name":"OpenMRS, Inc.","telecom":[{"system":"url","value":"https://openmrs.org"}]}],"description":"Searches for Encounter based on the encounter creation date eg) /ws/fhir2/{release}/Encounter?date={date}","code":"Encounter.period","base":["Encounter"],"type":"date","target":["OMRSEncounter"]}