{"resourceType":"SearchParameter","id":"Practitioner-address-postalcode","url":"http://fhir.openmrs.org/fhir/SearchParameter/Practitioner-address-postalcode","version":"0.1.0","name":"PractitionerPostalCodeSearchParameter","status":"active","date":"2022-10-08T02:10:18+00:00","contact":[{"name":"OpenMRS, Inc.","telecom":[{"system":"url","value":"https://openmrs.org"}]}],"description":"Searches based on the address-postalcode field for the Practitioner record eg) /ws/fhir2/{release}/Practitioner?address-postalcode={postalCode}","code":"address-postalcode","base":["Practitioner"],"type":"string","target":["OMRSPractitioner"]}