{"resourceType":"SearchParameter","id":"condition-subject","text":{"status":"generated","div":"<div xmlns=\"http://www.w3.org/1999/xhtml\"><p class=\"res-header-id\"><b>Generated Narrative: SearchParameter condition-subject</b></p><a name=\"condition-subject\"> </a><a name=\"hccondition-subject\"> </a><a name=\"condition-subject-en-US\"> </a><h2>ConditionSubjectSearchParameter</h2><p>Parameter <code>subject</code>:<code>reference</code></p><div><p>Searches for condition by a given subject eg) /ws/fhir2/{release}/condition?subject:Patient={patientUuid}</p>\n</div><table class=\"grid\"><tr><td>Resource</td><td><a href=\"http://hl7.org/fhir/R4/condition.html\">Condition</a></td></tr><tr><td>Expression</td><td>(none)</td></tr><tr><td>Target Resources</td><td><a href=\"http://hl7.org/fhir/R4/condition.html\">Condition</a></td></tr><tr><td>Multiples</td><td><ul><li>multipleAnd: It's up to the server whether the parameter may repeat in order to specify multiple values that must all be true</li><li>multipleOr: It's up to the server whether the parameter can have multiple values (separated by comma) where at least one must be true</li></ul></td></tr></table></div>"},"url":"http://fhir.openmrs.org/core/SearchParameter/condition-subject","version":"0.1.0","name":"ConditionSubjectSearchParameter","status":"active","date":"2024-12-11T17:17:27+00:00","contact":[{"name":"OpenMRS, Inc.","telecom":[{"system":"url","value":"https://openmrs.org"}]}],"description":"Searches for condition by a given subject eg) /ws/fhir2/{release}/condition?subject:Patient={patientUuid}","code":"subject","base":["Condition"],"type":"reference","target":["Condition"]}