{"resourceType":"SearchParameter","id":"condition-patient-identifier","url":"http://fhir.openmrs.org/fhir/SearchParameter/condition-patient-identifier","version":"0.1.0","name":"conditionPatientIdentifierSearchParameter","status":"active","date":"2022-10-08T02:14:23+00:00","contact":[{"name":"OpenMRS, Inc.","telecom":[{"system":"url","value":"https://openmrs.org"}]}],"description":"Searches for Condition by the patient identifier eg) /ws/fhir2/{release}/Condition?patient.identifier={identifier}","code":"patient.identifier","base":["Condition"],"type":"token","target":["OMRSCondition"]}