{"resourceType":"SearchParameter","id":"serviceRequest-subject-name","url":"http://fhir.openmrs.org/fhir/SearchParameter/serviceRequest-subject-name","version":"0.1.0","name":"serviceRequestSubjectNameSearchParameter","status":"active","date":"2022-10-08T02:12:18+00:00","contact":[{"name":"OpenMRS, Inc.","telecom":[{"system":"url","value":"https://openmrs.org"}]}],"description":"Searches for serviceRequest based on the patient's full or partial name eg) /ws/fhir2/{release}/ServiceRequest?subject:Patient.name={name}","code":"subject.name","base":["ServiceRequest"],"type":"string","target":["OpenMRSServiceRequest"]}