{"resourceType":"SearchParameter","id":"Encounter-subject-name","url":"http://fhir.openmrs.org/fhir/SearchParameter/Encounter-subject-name","version":"0.1.0","name":"EncounterSubjectNameSearchParameter","status":"active","date":"2022-10-08T02:10:18+00:00","contact":[{"name":"OpenMRS, Inc.","telecom":[{"system":"url","value":"https://openmrs.org"}]}],"description":"Searches for Encounter based on the patient's full or partial name eg) /ws/fhir2/{release}/Encounter?subject:Patient.name={name}","code":"subject.name","base":["Encounter"],"type":"string","target":["OMRSEncounter"]}