{"resourceType":"SearchParameter","id":"patient-deceased","text":{"status":"generated","div":"<div xmlns=\"http://www.w3.org/1999/xhtml\"><h2>patientDeathDateSearchParameter</h2><p>Parameter <code>deceased</code>:<code>token</code></p><div><p>Searches based on whether a patient is marked as deceased. Acceptable values are true or false eg) /ws/fhir2/{release}/Patient?deceased={boolean}</p>\n</div><table class=\"grid\"><tr><td>Resource</td><td><a href=\"http://hl7.org/fhir/R4/patient.html\">Patient</a></td></tr><tr><td>Expression</td><td>(none)</td></tr><tr><td>Target Resources</td><td><a href=\"http://hl7.org/fhir/R4/patient.html\">Patient</a></td></tr><tr><td>Multiples</td><td>The parameter cannot repeat or have multiple values</td></tr></table></div>"},"url":"http://fhir.openmrs.org/fhir/SearchParameter/patient-deceased","version":"0.1.0","name":"patientDeathDateSearchParameter","status":"active","date":"2023-03-16T13:05:08+00:00","contact":[{"name":"OpenMRS, Inc.","telecom":[{"system":"url","value":"https://openmrs.org"}]}],"description":"Searches based on whether a patient is marked as deceased. Acceptable values are true or false eg) /ws/fhir2/{release}/Patient?deceased={boolean}","code":"deceased","base":["Patient"],"type":"token","target":["Patient"]}