{"resourceType":"SearchParameter","id":"MedicationRequest-subject-family","url":"http://fhir.openmrs.org/fhir/SearchParameter/MedicationRequest-subject-family","version":"0.1.0","name":"MedicationRequestSubjectfamilySearchParameter","status":"active","date":"2022-10-08T02:10:18+00:00","contact":[{"name":"OpenMRS, Inc.","telecom":[{"system":"url","value":"https://openmrs.org"}]}],"description":"\tSearches for MedicationRequest based on the patient's family name eg) /ws/fhir2/{release}/MedicationRequest?subject:Patient.family={familyName}","code":"subject.family","base":["MedicationRequest"],"type":"string","target":["OMRSMedicationRequest"]}