{"resourceType":"SearchParameter","id":"MedicationRequest-id","url":"http://fhir.openmrs.org/fhir/SearchParameter/MedicationRequest-id","version":"0.1.0","name":"MedicationRequestUuidSearchParameter","status":"active","date":"2022-10-08T02:02:45+00:00","contact":[{"name":"OpenMRS, Inc.","telecom":[{"system":"url","value":"https://openmrs.org"}]}],"description":"Searches based on the MedicationRequest uuid field for the MedicationRequest record eg) /ws/fhir2/{release}}/MedicationRequest?_id={uuid}","code":"_id","base":["MedicationRequest"],"type":"token","target":["OMRSMedicationRequest"]}