{"resourceType":"SearchParameter","id":"Encounter-address-state","url":"http://fhir.openmrs.org/fhir/SearchParameter/Encounter-address-state","version":"0.1.0","name":"EncounterStateSearchParameter","status":"active","date":"2022-10-08T02:14:23+00:00","contact":[{"name":"OpenMRS, Inc.","telecom":[{"system":"url","value":"https://openmrs.org"}]}],"description":"Searches based on the address-state field for the Encounter record eg) /ws/fhir2/{release}/Encounter?address-state={state}","code":"address-state","base":["Encounter"],"type":"string","target":["OMRSEncounter"]}