{"resourceType":"SearchParameter","id":"serviceRequest-patient.family","url":"http://fhir.openmrs.org/fhir/SearchParameter/serviceRequest-patient.family","version":"0.1.0","name":"serviceRequestPatientFamilyNameSearchParameter","status":"active","date":"2022-10-08T02:14:23+00:00","contact":[{"name":"OpenMRS, Inc.","telecom":[{"system":"url","value":"https://openmrs.org"}]}],"description":"Searches for serviceRequest based on the patient's family name eg) /ws/fhir2/{release}/ServiceRequest?patient.family={familyName}","code":"patient.family","base":["ServiceRequest"],"type":"string","target":["OpenMRSServiceRequest"]}