{"resourceType":"SearchParameter","id":"person-address-postalcode","text":{"status":"generated","div":"<div xmlns=\"http://www.w3.org/1999/xhtml\"><h2>PersonPostalCodeSearchParameter</h2><p>Parameter <code>address-postalcode</code>:<code>string</code></p><div><p>Searches based on the person's recorded postal code of address eg) /ws/fhir2/{release}/Person?address-postalcode={postalCode}</p>\n</div><table class=\"grid\"><tr><td>Resource</td><td><a href=\"http://hl7.org/fhir/R4/person.html\">Person</a></td></tr><tr><td>Expression</td><td>(none)</td></tr><tr><td>Target Resources</td><td><a href=\"http://hl7.org/fhir/R4/person.html\">Person</a></td></tr><tr><td>Multiples</td><td>The parameter cannot repeat or have multiple values</td></tr></table></div>"},"url":"http://fhir.openmrs.org/core/SearchParameter/person-address-postalcode","version":"0.1.0","name":"PersonPostalCodeSearchParameter","status":"active","date":"2023-06-23T17:20:12+00:00","contact":[{"name":"OpenMRS, Inc.","telecom":[{"system":"url","value":"https://openmrs.org"}]}],"description":"Searches based on the person's recorded postal code of address eg) /ws/fhir2/{release}/Person?address-postalcode={postalCode}","code":"address-postalcode","base":["Person"],"type":"string","target":["Person"]}