{"resourceType":"SearchParameter","id":"MedicationRequest-lastUpdated","url":"http://fhir.openmrs.org/fhir/SearchParameter/MedicationRequest-lastUpdated","version":"0.1.0","name":"MedicationRequestLastUpdatedSearchParameter","status":"active","date":"2022-10-08T02:02:45+00:00","contact":[{"name":"OpenMRS, Inc.","telecom":[{"system":"url","value":"https://openmrs.org"}]}],"description":"Searches based on the MedicationRequest lastUpdated field for the MedicationRequest record eg) /ws/fhir2/{release}/MedicationRequest?_lastUpdated={date-range}","code":"_lastUpdated","base":["MedicationRequest"],"type":"date","target":["OMRSMedicationRequest"]}