{"resourceType":"SearchParameter","id":"condition-requester","text":{"status":"generated","div":"<div xmlns=\"http://www.w3.org/1999/xhtml\"><h2>ConditionSearchParameter</h2><p>Parameter <code>requester</code>:<code>reference</code></p><div><p>Searches for condition by Practitioner uuid who requested the service eg) /ws/fhir2/{release}/Condition?requester:Practitioner={uuid}</p>\n</div><table class=\"grid\"><tr><td>Resource</td><td><a href=\"http://hl7.org/fhir/R4/condition.html\">Condition</a></td></tr><tr><td>Expression</td><td>(none)</td></tr><tr><td>Target Resources</td><td><a href=\"http://hl7.org/fhir/R4/condition.html\">Condition</a></td></tr><tr><td>Multiples</td><td>The parameter cannot repeat or have multiple values</td></tr></table></div>"},"url":"http://fhir.openmrs.org/core/SearchParameter/condition-requester","version":"0.1.0","name":"ConditionSearchParameter","status":"active","date":"2023-06-23T17:20:12+00:00","contact":[{"name":"OpenMRS, Inc.","telecom":[{"system":"url","value":"https://openmrs.org"}]}],"description":"Searches for condition by Practitioner uuid who requested the service eg) /ws/fhir2/{release}/Condition?requester:Practitioner={uuid}","code":"requester","base":["Condition"],"type":"reference","target":["Condition"]}