{"resourceType":"SearchParameter","id":"Task-owner","url":"http://fhir.openmrs.org/fhir/SearchParameter/Task-owner","version":"0.1.0","name":"TaskOwnerSearchParameter","status":"active","date":"2022-10-08T02:08:40+00:00","contact":[{"name":"OpenMRS, Inc.","telecom":[{"system":"url","value":"https://openmrs.org"}]}],"description":"Searches for FhirTask based on the Organization Reference eg) /ws/fhir2/{release}/Task?owner={uuid}","code":"Task.owner","base":["Task"],"type":"reference","target":["OpenMRSTask"]}