{"resourceType":"SearchParameter","id":"Practitioner.given","url":"http://fhir.openmrs.org/fhir/SearchParameter/Practitioner.given","version":"0.1.0","name":"PractitionerGivenNameSearchParameter","status":"active","date":"2022-10-08T02:12:18+00:00","contact":[{"name":"OpenMRS, Inc.","telecom":[{"system":"url","value":"https://openmrs.org"}]}],"description":"Searches for Practitioner based on the Practitioner's given name(s) eg) /ws/fhir2/{release}/Practitioner?given={givenName}","code":"practitioner.given","base":["Practitioner"],"type":"string","target":["OMRSPractitioner"]}