{"resourceType":"SearchParameter","id":"Encounter-patient.given","url":"http://fhir.openmrs.org/fhir/SearchParameter/Encounter-patient.given","version":"0.1.0","name":"EncounterPatientGivenNameSearchParameter","status":"active","date":"2022-10-08T02:10:18+00:00","contact":[{"name":"OpenMRS, Inc.","telecom":[{"system":"url","value":"https://openmrs.org"}]}],"description":"Searches for Encounters based on the patient's given name(s) eg) /ws/fhir2/{release}/Encounter?patient.given={givenName}","code":"patient.given","base":["Encounter"],"type":"string","target":["OMRSEncounter"]}