{"resourceType":"SearchParameter","id":"observation-has-member","text":{"status":"generated","div":"<div xmlns=\"http://www.w3.org/1999/xhtml\"><h2>observationHasSearchParameter</h2><p>Parameter <code>has-member</code>:<code>reference</code></p><div><p>Searches for an observation group that contains a given observation eg) /ws/fhir2/{release}/Observation?has-member</p>\n</div><table class=\"grid\"><tr><td>Resource</td><td><a href=\"http://hl7.org/fhir/R4/observation.html\">Observation</a></td></tr><tr><td>Expression</td><td>(none)</td></tr><tr><td>Target Resources</td><td><a href=\"http://hl7.org/fhir/R4/observation.html\">Observation</a></td></tr><tr><td>Multiples</td><td>The parameter cannot repeat or have multiple values</td></tr></table></div>"},"url":"http://fhir.openmrs.org/fhir/SearchParameter/observation-has-member","version":"0.1.0","name":"observationHasSearchParameter","status":"active","date":"2023-03-16T13:05:08+00:00","contact":[{"name":"OpenMRS, Inc.","telecom":[{"system":"url","value":"https://openmrs.org"}]}],"description":"Searches for an observation group that contains a given observation eg) /ws/fhir2/{release}/Observation?has-member","code":"has-member","base":["Observation"],"type":"reference","target":["Observation"]}