{"resourceType":"SearchParameter","id":"MedicationRequest-requestor.family","url":"http://fhir.openmrs.org/fhir/SearchParameter/MedicationRequest-requestor.family","version":"0.1.0","name":"MedicationRequestRequestorFamilyNameSearchParameter","status":"active","date":"2022-10-08T02:02:45+00:00","contact":[{"name":"OpenMRS, Inc.","telecom":[{"system":"url","value":"https://openmrs.org"}]}],"description":"Searches for MedicationRequest based on the Practitioner's family name eg) /ws/fhir2/{release}/MedicationRequest?requestor.family={familyName}","code":"requestor.family","base":["MedicationRequest"],"type":"string","target":["OMRSMedicationRequest"]}