{"resourceType":"SearchParameter","id":"Encounter-address-state","text":{"status":"generated","div":"<div xmlns=\"http://www.w3.org/1999/xhtml\"><h2>EncounterStateSearchParameter</h2><p>Parameter <code>address-state</code>:<code>string</code></p><div><p>Searches based on the address-state field for the Encounter record eg) /ws/fhir2/{release}/Encounter?address-state={state}</p>\n</div><table class=\"grid\"><tr><td>Resource</td><td><a href=\"http://hl7.org/fhir/R4/encounter.html\">Encounter</a></td></tr><tr><td>Expression</td><td>(none)</td></tr><tr><td>Target Resources</td><td><a href=\"http://hl7.org/fhir/R4/encounter.html\">Encounter</a></td></tr><tr><td>Multiples</td><td>The parameter cannot repeat or have multiple values</td></tr></table></div>"},"url":"http://fhir.openmrs.org/fhir/SearchParameter/Encounter-address-state","version":"0.1.0","name":"EncounterStateSearchParameter","status":"active","date":"2023-03-15T20:24:19+00:00","contact":[{"name":"OpenMRS, Inc.","telecom":[{"system":"url","value":"https://openmrs.org"}]}],"description":"Searches based on the address-state field for the Encounter record eg) /ws/fhir2/{release}/Encounter?address-state={state}","code":"address-state","base":["Encounter"],"type":"string","target":["Encounter"]}