{"resourceType":"SearchParameter","id":"Encounter-type","url":"http://fhir.openmrs.org/fhir/SearchParameter/Encounter-type","version":"0.1.0","name":"EncounterTypeSearchParameter","status":"active","date":"2022-10-08T02:12:18+00:00","contact":[{"name":"OpenMRS, Inc.","telecom":[{"system":"url","value":"https://openmrs.org"}]}],"description":"Searches for Encounter based on encounter type field eg) /ws/fhir2/{release}/Encounter?type={encounterType}","code":"encounter.type","base":["Encounter"],"type":"token","target":["OMRSEncounter"]}