{"resourceType":"SearchParameter","id":"serviceRequest-requester","url":"http://fhir.openmrs.org/fhir/SearchParameter/serviceRequest-requester","version":"0.1.0","name":"serviceRequestRequesterSearchParameter","status":"active","date":"2022-10-08T02:13:28+00:00","contact":[{"name":"OpenMRS, Inc.","telecom":[{"system":"url","value":"https://openmrs.org"}]}],"description":"Searches for serviceRequest by Practitioner uuid who requested the service eg) /ws/fhir2/{release}/ServiceRequest?requester:Practitioner={uuid}","code":"requester","base":["ServiceRequest"],"type":"reference","target":["OpenMRSServiceRequest"]}