{"resourceType":"SearchParameter","id":"location-partof-name","text":{"status":"generated","div":"<div xmlns=\"http://www.w3.org/1999/xhtml\"><h2>LocationPartOfNameSearchParameter</h2><p>Parameter <code>partOf-name</code>:<code>reference</code></p><div><p>Searches based on the partof location reference name field for the location record eg) /ws/fhir2/{release}/Location?partof.name={name}</p>\n</div><table class=\"grid\"><tr><td>Resource</td><td><a href=\"http://hl7.org/fhir/R4/location.html\">Location</a></td></tr><tr><td>Expression</td><td>(none)</td></tr><tr><td>Target Resources</td><td><a href=\"http://hl7.org/fhir/R4/location.html\">Location</a></td></tr><tr><td>Multiples</td><td>The parameter cannot repeat or have multiple values</td></tr></table></div>"},"url":"http://fhir.openmrs.org/core/SearchParameter/location-partof-name","version":"0.1.0","name":"LocationPartOfNameSearchParameter","status":"active","date":"2023-06-23T17:20:12+00:00","contact":[{"name":"OpenMRS, Inc.","telecom":[{"system":"url","value":"https://openmrs.org"}]}],"description":"Searches based on the partof location reference name field for the location record eg) /ws/fhir2/{release}/Location?partof.name={name}","code":"partOf-name","base":["Location"],"type":"reference","target":["Location"]}