{"resourceType":"SearchParameter","id":"Practitioner-identifier","url":"http://fhir.openmrs.org/fhir/SearchParameter/Practitioner-identifier","version":"0.1.0","name":"PractitionerIdentifierSearchParameter","status":"active","date":"2022-10-08T02:02:45+00:00","contact":[{"name":"OpenMRS, Inc.","telecom":[{"system":"url","value":"https://openmrs.org"}]}],"description":"Searches for Practitioner by a given Practitioner eg) /ws/fhir2/{release}/Practitioner?identifier={identifier}","code":"practitioner.identifier","base":["Practitioner"],"type":"token","target":["OMRSPractitioner"]}