{"resourceType":"SearchParameter","id":"condition-encounter","url":"http://fhir.openmrs.org/fhir/SearchParameter/condition-encounter","version":"0.1.0","name":"conditionEncounterSearchParameter","status":"active","date":"2022-10-08T02:08:40+00:00","contact":[{"name":"OpenMRS, Inc.","telecom":[{"system":"url","value":"https://openmrs.org"}]}],"description":"Searches for condition based on the condition encounter Uuid eg) /ws/fhir2/{release}/Condition?encounter={uuid}","code":"code","base":["Condition"],"type":"reference","target":["OMRSCondition"]}