{"resourceType":"SearchParameter","id":"Encounter-participant-identifier","url":"http://fhir.openmrs.org/fhir/SearchParameter/Encounter-participant-identifier","version":"0.1.0","name":"EncounterParticipantIdentifierSearchParameter","status":"active","date":"2022-10-08T02:12:18+00:00","contact":[{"name":"OpenMRS, Inc.","telecom":[{"system":"url","value":"https://openmrs.org"}]}],"description":"Searches for Encounters by a given Practitioner eg) /ws/fhir2/{release}/Encounter?participant.identifier={identifier}","code":"participant.identifier","base":["Encounter"],"type":"token","target":["OMRSEncounter"]}