{"resourceType":"SearchParameter","id":"person-id","text":{"status":"generated","div":"<div xmlns=\"http://www.w3.org/1999/xhtml\"><h2>PersonIdSearchParameter</h2><p>Parameter <code>_id</code>:<code>token</code></p><div><p>Searches based on the exact UUID of the person record eg) /ws/fhir2/{release}/Person?_id={uuid}</p>\n</div><table class=\"grid\"><tr><td>Resource</td><td><a href=\"http://hl7.org/fhir/R4/person.html\">Person</a></td></tr><tr><td>Expression</td><td>(none)</td></tr><tr><td>Target Resources</td><td><a href=\"http://hl7.org/fhir/R4/person.html\">Person</a></td></tr><tr><td>Multiples</td><td>The parameter cannot repeat or have multiple values</td></tr></table></div>"},"url":"http://fhir.openmrs.org/core/SearchParameter/person-id","version":"0.1.0","name":"PersonIdSearchParameter","status":"active","date":"2023-06-22T11:16:34+00:00","contact":[{"name":"OpenMRS, Inc.","telecom":[{"system":"url","value":"https://openmrs.org"}]}],"description":"Searches based on the exact UUID of the person record eg) /ws/fhir2/{release}/Person?_id={uuid}","code":"_id","base":["Person"],"type":"token","target":["Person"]}