{"resourceType":"SearchParameter","id":"group-Search-entity-paramenter","url":"http://fhir.openmrs.org/fhir/SearchParameter/group-Search-entity-paramenter","version":"0.1.0","name":"GroupManagingEnityReference","status":"active","date":"2022-10-08T02:13:28+00:00","contact":[{"name":"OpenMRS, Inc.","telecom":[{"system":"url","value":"https://openmrs.org"}]}],"description":"Search for a group  basing on managing entity Reference(Practitioner)","code":"reference","base":["OMRSGroup"],"type":"reference","expression":"Group.member.entity"}