{"resourceType":"SearchParameter","id":"location-partof","url":"http://fhir.openmrs.org/fhir/SearchParameter/location-partof","version":"0.1.0","name":"LocationPartOfSearchParameter","status":"active","date":"2022-10-08T02:10:18+00:00","contact":[{"name":"OpenMRS, Inc.","telecom":[{"system":"url","value":"https://openmrs.org"}]}],"description":"Searches based on the partof field for the location record eg) /ws/fhir2/{release}/Location?partof={reference}","code":"partOf","base":["Location"],"type":"reference","target":["OMRSLocation"]}