{"resourceType":"SearchParameter","id":"Task-lastUpdated","url":"http://fhir.openmrs.org/fhir/SearchParameter/Task-lastUpdated","version":"0.1.0","name":"TaskLastUpdatedSearchParameter","status":"active","date":"2022-10-08T02:13:28+00:00","contact":[{"name":"OpenMRS, Inc.","telecom":[{"system":"url","value":"https://openmrs.org"}]}],"description":"Searches based on the Task lastUpdated field for the Task record eg) /ws/fhir2/{release}/Task?_lastUpdated={date}","code":"_lastUpdated","base":["Task"],"type":"date","target":["OpenMRSTask"]}