{"resourceType":"SearchParameter","id":"Practitioner.family","url":"http://fhir.openmrs.org/fhir/SearchParameter/Practitioner.family","version":"0.1.0","name":"PractitionerFamilyNameSearchParameter","status":"active","date":"2022-10-08T02:08:40+00:00","contact":[{"name":"OpenMRS, Inc.","telecom":[{"system":"url","value":"https://openmrs.org"}]}],"description":"Searches for Practitioner based on the Practitioner's family name eg) /ws/fhir2/{release}/Practitioner?family={familyName}","code":"practitioner.family","base":["Practitioner"],"type":"string","target":["OMRSPractitioner"]}