{"resourceType":"SearchParameter","id":"location-id","url":"http://fhir.openmrs.org/fhir/SearchParameter/location-id","version":"0.1.0","name":"LocationIdSearchParameter","status":"active","date":"2022-10-08T02:12:18+00:00","contact":[{"name":"OpenMRS, Inc.","telecom":[{"system":"url","value":"https://openmrs.org"}]}],"description":"Searches based on the location uuid field for the location record eg) /ws/fhir2/{release}/Location?_id={uuid}","code":"_id","base":["Location"],"type":"token","target":["OMRSLocation"]}