{"resourceType":"SearchParameter","id":"observation-subject-given","text":{"status":"generated","div":"<div xmlns=\"http://www.w3.org/1999/xhtml\"><p class=\"res-header-id\"><b>Generated Narrative: SearchParameter observation-subject-given</b></p><a name=\"observation-subject-given\"> </a><a name=\"hcobservation-subject-given\"> </a><a name=\"observation-subject-given-en-US\"> </a><h2>ObservationSubjectGivenSearchParameter</h2><p>Parameter <code>subject.given</code>:<code>string</code></p><div><p>Searches for observations based on the patient's given name(s) eg) /ws/fhir2/{release}/Observation?subject:Patient.given={givenName}</p>\n</div><table class=\"grid\"><tr><td>Resource</td><td><a href=\"http://hl7.org/fhir/R4/observation.html\">Observation</a></td></tr><tr><td>Expression</td><td>(none)</td></tr><tr><td>Target Resources</td><td><a href=\"http://hl7.org/fhir/R4/observation.html\">Observation</a></td></tr><tr><td>Multiples</td><td><ul><li>multipleAnd: It's up to the server whether the parameter may repeat in order to specify multiple values that must all be true</li><li>multipleOr: It's up to the server whether the parameter can have multiple values (separated by comma) where at least one must be true</li></ul></td></tr></table></div>"},"url":"http://fhir.openmrs.org/core/SearchParameter/observation-subject-given","version":"0.1.0","name":"ObservationSubjectGivenSearchParameter","status":"active","date":"2024-12-11T17:17:27+00:00","contact":[{"name":"OpenMRS, Inc.","telecom":[{"system":"url","value":"https://openmrs.org"}]}],"description":"Searches for observations based on the patient's given name(s) eg) /ws/fhir2/{release}/Observation?subject:Patient.given={givenName}","code":"subject.given","base":["Observation"],"type":"string","target":["Observation"]}