{"resourceType":"SearchParameter","id":"MedicationRequest-patient.given","url":"http://fhir.openmrs.org/fhir/SearchParameter/MedicationRequest-patient.given","version":"0.1.0","name":"MedicationRequestPatientGivenNameSearchParameter","status":"active","date":"2022-10-08T02:14:23+00:00","contact":[{"name":"OpenMRS, Inc.","telecom":[{"system":"url","value":"https://openmrs.org"}]}],"description":"Searches for MedicationRequest based on the patient's given name(s) eg) /ws/fhir2/{release}/MedicationRequest?patient.given={givenName}","code":"patient.given","base":["MedicationRequest"],"type":"string","target":["OMRSMedicationRequest"]}