{"resourceType":"SearchParameter","id":"person-address-postalcode","url":"http://fhir.openmrs.org/fhir/SearchParameter/person-address-postalcode","version":"0.1.0","name":"personPostalCodeSearchParameter","status":"active","date":"2022-10-08T02:13:28+00:00","contact":[{"name":"OpenMRS, Inc.","telecom":[{"system":"url","value":"https://openmrs.org"}]}],"description":"Searches based on the person's recorded postal code of address eg) /ws/fhir2/{release}/Person?address-postalcode={postalCode}","code":"address-postalcode","base":["Person"],"type":"string","target":["OMRSPerson"]}