{"resourceType":"SearchParameter","id":"condition-code","text":{"status":"generated","div":"<div xmlns=\"http://www.w3.org/1999/xhtml\"><h2>ConditionCodeSearchParameter</h2><p>Parameter <code>code</code>:<code>token</code></p><div><p>Searches for condition based on the condition concept code eg) /ws/fhir2/{release}/Condition?code={code}</p>\n</div><table class=\"grid\"><tr><td>Resource</td><td><a href=\"http://hl7.org/fhir/R4/condition.html\">Condition</a></td></tr><tr><td>Expression</td><td>(none)</td></tr><tr><td>Target Resources</td><td><a href=\"http://hl7.org/fhir/R4/condition.html\">Condition</a></td></tr><tr><td>Multiples</td><td>The parameter cannot repeat or have multiple values</td></tr></table></div>"},"url":"http://fhir.openmrs.org/core/SearchParameter/condition-code","version":"0.1.0","name":"ConditionCodeSearchParameter","status":"active","date":"2023-06-22T11:16:34+00:00","contact":[{"name":"OpenMRS, Inc.","telecom":[{"system":"url","value":"https://openmrs.org"}]}],"description":"Searches for condition based on the condition concept code eg) /ws/fhir2/{release}/Condition?code={code}","code":"code","base":["Condition"],"type":"token","target":["Condition"]}