{"resourceType":"SearchParameter","id":"Encounter-subject","url":"http://fhir.openmrs.org/fhir/SearchParameter/Encounter-subject","version":"0.1.0","name":"EncounterSubjectSearchParameter","status":"active","date":"2022-10-08T02:10:18+00:00","contact":[{"name":"OpenMRS, Inc.","telecom":[{"system":"url","value":"https://openmrs.org"}]}],"description":"Searches for Encounter by a given subject eg) /ws/fhir2/{release}/Encounter?subject:Patient={patientUuid} ","code":"subject","base":["Encounter"],"type":"reference","target":["OMRSEncounter"]}