{"resourceType":"SearchParameter","id":"Encounter-location","url":"http://fhir.openmrs.org/fhir/SearchParameter/Encounter-location","version":"0.1.0","name":"EncounterLocationNameSearchParameter","status":"active","date":"2022-10-08T02:12:18+00:00","contact":[{"name":"OpenMRS, Inc.","telecom":[{"system":"url","value":"https://openmrs.org"}]}],"description":"Searches for Encounter based on the location reference uuid eg) /ws/fhir2/{release}/Encounter?location={uuid}","code":"Encounter.location","base":["Encounter"],"type":"reference","target":["OMRSEncounter"]}