{"resourceType":"SearchParameter","id":"Task-status","url":"http://fhir.openmrs.org/fhir/SearchParameter/Task-status","version":"0.1.0","name":"TaskStatueSearchParameter","status":"active","date":"2022-10-08T02:12:18+00:00","contact":[{"name":"OpenMRS, Inc.","telecom":[{"system":"url","value":"https://openmrs.org"}]}],"description":"Searches for FhirTask based on the FhirTask status eg) /ws/fhir2/{release}/Task?status={codeable concept}","code":"Task.status","base":["Task"],"type":"token","target":["OpenMRSTask"]}