{"resourceType":"SearchParameter","id":"condition-patient.name","url":"http://fhir.openmrs.org/fhir/SearchParameter/condition-patient.name","version":"0.1.0","name":"conditionPatientNameSearchParameter","status":"active","date":"2022-10-08T02:14:23+00:00","contact":[{"name":"OpenMRS, Inc.","telecom":[{"system":"url","value":"https://openmrs.org"}]}],"description":"Searches for condition based on the  patient's full or partial name eg) /ws/fhir2/{release}/Condition?patient.name={name}","code":"patient.name","base":["Condition"],"type":"string","target":["OMRSCondition"]}