{"resourceType":"SearchParameter","id":"condition-occurrence","url":"http://fhir.openmrs.org/fhir/SearchParameter/condition-occurrence","version":"0.1.0","name":"conditionOccurrenceSearchParameter","status":"active","date":"2022-10-08T02:10:18+00:00","contact":[{"name":"OpenMRS, Inc.","telecom":[{"system":"url","value":"https://openmrs.org"}]}],"description":"Searches for condition based on to occurrent date eg) /ws/fhir2/{release}/Condition?occurrence={date}","code":"occurrence","base":["Condition"],"type":"date","target":["OMRSCondition"]}