{"resourceType":"SearchParameter","id":"serviceRequest-requester-family","url":"http://fhir.openmrs.org/fhir/SearchParameter/serviceRequest-requester-family","version":"0.1.0","name":"serviceRequestRequesterfamilySearchParameter","status":"active","date":"2022-10-08T02:13:28+00:00","contact":[{"name":"OpenMRS, Inc.","telecom":[{"system":"url","value":"https://openmrs.org"}]}],"description":"Searches for serviceRequest based on the Practitioner's family name eg) /ws/fhir2/{release}/ServiceRequest?requester:Practitioner.family={familyName}","code":"requester.family","base":["ServiceRequest"],"type":"string","target":["OpenMRSServiceRequest"]}