{"resourceType":"SearchParameter","id":"observation-patient","text":{"status":"generated","div":"<div xmlns=\"http://www.w3.org/1999/xhtml\"><h2>ObservationPatientSearchParameter</h2><p>Parameter <code>patient</code>:<code>reference</code></p><div><p>Searches for observations by a given patient eg) /ws/fhir2/{release}/Observation?patient={uuid}</p>\n</div><table class=\"grid\"><tr><td>Resource</td><td><a href=\"http://hl7.org/fhir/R4/observation.html\">Observation</a></td></tr><tr><td>Expression</td><td>(none)</td></tr><tr><td>Target Resources</td><td><a href=\"http://hl7.org/fhir/R4/observation.html\">Observation</a></td></tr><tr><td>Multiples</td><td>The parameter cannot repeat or have multiple values</td></tr></table></div>"},"url":"http://fhir.openmrs.org/core/SearchParameter/observation-patient","version":"0.1.0","name":"ObservationPatientSearchParameter","status":"active","date":"2023-05-09T05:52:21+00:00","contact":[{"name":"OpenMRS, Inc.","telecom":[{"system":"url","value":"https://openmrs.org"}]}],"description":"Searches for observations by a given patient eg) /ws/fhir2/{release}/Observation?patient={uuid}","code":"patient","base":["Observation"],"type":"reference","target":["Observation"]}