{"resourceType":"SearchParameter","id":"Condition-requester-family","url":"http://fhir.openmrs.org/fhir/SearchParameter/Condition-requester-family","version":"0.1.0","name":"conditionRequesterfamilySearchParameter","status":"active","date":"2022-10-08T02:12:18+00:00","contact":[{"name":"OpenMRS, Inc.","telecom":[{"system":"url","value":"https://openmrs.org"}]}],"description":"Searches for condition based on the Practitioner's family name eg) /ws/fhir2/{release}/Condition?requester:Practitioner.family={familyName}","code":"requester.family","base":["Condition"],"type":"string","target":["OMRSCondition"]}