{"resourceType":"SearchParameter","id":"condition-subject-identifier","url":"http://fhir.openmrs.org/fhir/SearchParameter/condition-subject-identifier","version":"0.1.0","name":"conditionSubjectIdentifierSearchParameter","status":"active","date":"2022-10-08T02:14:23+00:00","contact":[{"name":"OpenMRS, Inc.","telecom":[{"system":"url","value":"https://openmrs.org"}]}],"description":"Searches for condition by the patient identifier eg) /ws/fhir2/{release}/Condition?subject:Patient.identifier={identifier}","code":"subject.identifier","base":["Condition"],"type":"token","target":["OMRSCondition"]}