{"resourceType":"SearchParameter","id":"Encounter-location","text":{"status":"generated","div":"<div xmlns=\"http://www.w3.org/1999/xhtml\"><h2>EncounterLocationNameSearchParameter</h2><p>Parameter <code>Encounter.location</code>:<code>reference</code></p><div><p>Searches for Encounter based on the location reference uuid eg) /ws/fhir2/{release}/Encounter?location={uuid}</p>\n</div><table class=\"grid\"><tr><td>Resource</td><td><a href=\"http://hl7.org/fhir/R4/encounter.html\">Encounter</a></td></tr><tr><td>Expression</td><td>(none)</td></tr><tr><td>Target Resources</td><td><a href=\"http://hl7.org/fhir/R4/encounter.html\">Encounter</a></td></tr><tr><td>Multiples</td><td>The parameter cannot repeat or have multiple values</td></tr></table></div>"},"url":"http://fhir.openmrs.org/fhir/SearchParameter/Encounter-location","version":"0.1.0","name":"EncounterLocationNameSearchParameter","status":"active","date":"2023-03-09T17:04:20+00:00","contact":[{"name":"OpenMRS, Inc.","telecom":[{"system":"url","value":"https://openmrs.org"}]}],"description":"Searches for Encounter based on the location reference uuid eg) /ws/fhir2/{release}/Encounter?location={uuid}","code":"Encounter.location","base":["Encounter"],"type":"reference","target":["Encounter"]}