{"resourceType":"SearchParameter","id":"MedicationRequest-subject-name","url":"http://fhir.openmrs.org/fhir/SearchParameter/MedicationRequest-subject-name","version":"0.1.0","name":"MedicationRequestSubjectNameSearchParameter","status":"active","date":"2022-10-08T02:08:40+00:00","contact":[{"name":"OpenMRS, Inc.","telecom":[{"system":"url","value":"https://openmrs.org"}]}],"description":"Searches for MedicationRequest based on the patient's full or partial name eg) /ws/fhir2/{release}/MedicationRequest?subject:Patient.name={name}","code":"subject.name","base":["MedicationRequest"],"type":"string","target":["OMRSMedicationRequest"]}