{"resourceType":"SearchParameter","id":"Practitioner-address-country","url":"http://fhir.openmrs.org/fhir/SearchParameter/Practitioner-address-country","version":"0.1.0","name":"PractitionerCountrySearchParameter","status":"active","date":"2022-10-08T02:10:18+00:00","contact":[{"name":"OpenMRS, Inc.","telecom":[{"system":"url","value":"https://openmrs.org"}]}],"description":"Searches based on the address-country field for the Practitioner record eg) /ws/fhir2/{release}/Practitioner?address-country={country}","code":"address-country","base":["Practitioner"],"type":"string","target":["OMRSPractitioner"]}