{"resourceType":"SearchParameter","id":"Practitioner-id","url":"http://fhir.openmrs.org/fhir/SearchParameter/Practitioner-id","version":"0.1.0","name":"PractitionerUuidSearchParameter","status":"active","date":"2022-10-08T02:13:28+00:00","contact":[{"name":"OpenMRS, Inc.","telecom":[{"system":"url","value":"https://openmrs.org"}]}],"description":"Searches based on the Practitioner uuid field for the Practitioner record eg) /ws/fhir2/{release}}/Practitioner?_id={uuid}","code":"_id","base":["Practitioner"],"type":"token","target":["OMRSPractitioner"]}