{"resourceType":"SearchParameter","id":"Task-status","text":{"status":"generated","div":"<div xmlns=\"http://www.w3.org/1999/xhtml\"><h2>TaskStatueSearchParameter</h2><p>Parameter <code>Task.status</code>:<code>token</code></p><div><p>Searches for FhirTask based on the FhirTask status eg) /ws/fhir2/{release}/Task?status={codeable concept}</p>\n</div><table class=\"grid\"><tr><td>Resource</td><td><a href=\"http://hl7.org/fhir/R4/task.html\">Task</a></td></tr><tr><td>Expression</td><td>(none)</td></tr><tr><td>Target Resources</td><td><a href=\"http://hl7.org/fhir/R4/task.html\">Task</a></td></tr><tr><td>Multiples</td><td>The parameter cannot repeat or have multiple values</td></tr></table></div>"},"url":"http://fhir.openmrs.org/fhir/SearchParameter/Task-status","version":"0.1.0","name":"TaskStatueSearchParameter","status":"active","date":"2023-03-16T13:05:08+00:00","contact":[{"name":"OpenMRS, Inc.","telecom":[{"system":"url","value":"https://openmrs.org"}]}],"description":"Searches for FhirTask based on the FhirTask status eg) /ws/fhir2/{release}/Task?status={codeable concept}","code":"Task.status","base":["Task"],"type":"token","target":["Task"]}