{"resourceType":"SearchParameter","id":"Encounter-subject-given","text":{"status":"generated","div":"<div xmlns=\"http://www.w3.org/1999/xhtml\"><h2>EncounterSubjectGivenSearchParameter</h2><p>Parameter <code>subject.given</code>:<code>string</code></p><div><p>Searches for Encounter based on the patient's given name(s) eg) /ws/fhir2/{release}/Encounter?subject:Patient.given={givenName}</p>\n</div><table class=\"grid\"><tr><td>Resource</td><td><a href=\"http://hl7.org/fhir/R4/encounter.html\">Encounter</a></td></tr><tr><td>Expression</td><td>(none)</td></tr><tr><td>Target Resources</td><td><a href=\"http://hl7.org/fhir/R4/encounter.html\">Encounter</a></td></tr><tr><td>Multiples</td><td>The parameter cannot repeat or have multiple values</td></tr></table></div>"},"url":"http://fhir.openmrs.org/core/SearchParameter/Encounter-subject-given","version":"0.1.0","name":"EncounterSubjectGivenSearchParameter","status":"active","date":"2023-06-22T11:16:34+00:00","contact":[{"name":"OpenMRS, Inc.","telecom":[{"system":"url","value":"https://openmrs.org"}]}],"description":"Searches for Encounter based on the patient's given name(s) eg) /ws/fhir2/{release}/Encounter?subject:Patient.given={givenName}","code":"subject.given","base":["Encounter"],"type":"string","target":["Encounter"]}