{"resourceType":"SearchParameter","id":"Practitioner-address-state","url":"http://fhir.openmrs.org/fhir/SearchParameter/Practitioner-address-state","version":"0.1.0","name":"PractitionerStateSearchParameter","status":"active","date":"2022-10-08T02:12:18+00:00","contact":[{"name":"OpenMRS, Inc.","telecom":[{"system":"url","value":"https://openmrs.org"}]}],"description":"Searches based on the address-state field for the Practitioner record eg) /ws/fhir2/{release}/Practitioner?address-state={state}","code":"address-state","base":["Practitioner"],"type":"string","target":["OMRSPractitioner"]}