{"resourceType":"SearchParameter","id":"serviceRequest-patient.given","url":"http://fhir.openmrs.org/fhir/SearchParameter/serviceRequest-patient.given","version":"0.1.0","name":"serviceRequestPatientGivenNameSearchParameter","status":"active","date":"2022-10-08T02:14:23+00:00","contact":[{"name":"OpenMRS, Inc.","telecom":[{"system":"url","value":"https://openmrs.org"}]}],"description":"Searches for serviceRequest based on the patient's given name(s) eg) /ws/fhir2/{release}/ServiceRequest?patient.given={givenName}","code":"patient.given","base":["ServiceRequest"],"type":"string","target":["OpenMRSServiceRequest"]}