{"resourceType":"SearchParameter","id":"Encounter-subject-family","url":"http://fhir.openmrs.org/fhir/SearchParameter/Encounter-subject-family","version":"0.1.0","name":"EncounterSubjectfamilySearchParameter","status":"active","date":"2022-10-08T02:12:18+00:00","contact":[{"name":"OpenMRS, Inc.","telecom":[{"system":"url","value":"https://openmrs.org"}]}],"description":"\tSearches for Encounter based on the patient's family name eg) /ws/fhir2/{release}/Encounter?subject:Patient.family={familyName}","code":"subject.family","base":["Encounter"],"type":"string","target":["OMRSEncounter"]}