{"resourceType":"SearchParameter","id":"serviceRequest-subject-identifier","url":"http://fhir.openmrs.org/fhir/SearchParameter/serviceRequest-subject-identifier","version":"0.1.0","name":"serviceRequestSubjectIdentifierSearchParameter","status":"active","date":"2022-10-08T02:14:23+00:00","contact":[{"name":"OpenMRS, Inc.","telecom":[{"system":"url","value":"https://openmrs.org"}]}],"description":"Searches for serviceRequest by the patient identifier eg) /ws/fhir2/{release}/ServiceRequest?subject:Patient.identifier={identifier}","code":"subject.identifier","base":["ServiceRequest"],"type":"token","target":["OpenMRSServiceRequest"]}