{"resourceType":"SearchParameter","id":"condition-subject-family","url":"http://fhir.openmrs.org/fhir/SearchParameter/condition-subject-family","version":"0.1.0","name":"conditionSubjectfamilySearchParameter","status":"active","date":"2022-10-08T02:08:40+00:00","contact":[{"name":"OpenMRS, Inc.","telecom":[{"system":"url","value":"https://openmrs.org"}]}],"description":"\tSearches for condition based on the patient's family name eg) /ws/fhir2/{release}/Condition?subject:Patient.family={familyName}","code":"subject.family","base":["Condition"],"type":"string","target":["OMRSCondition"]}