{"resourceType":"SearchParameter","id":"patient-gender","text":{"status":"generated","div":"<div xmlns=\"http://www.w3.org/1999/xhtml\"><h2>PatientGenderSearchParameter</h2><p>Parameter <code>gender</code>:<code>token</code></p><div><p>Searches based on the gender of the patient. Note that this value must be from the AdministrativeGender valueset eg) /ws/fhir2/{release}/Patient?gender={gender}</p>\n</div><table class=\"grid\"><tr><td>Resource</td><td><a href=\"http://hl7.org/fhir/R4/patient.html\">Patient</a></td></tr><tr><td>Expression</td><td>(none)</td></tr><tr><td>Target Resources</td><td><a href=\"http://hl7.org/fhir/R4/patient.html\">Patient</a></td></tr><tr><td>Multiples</td><td>The parameter cannot repeat or have multiple values</td></tr></table></div>"},"url":"http://fhir.openmrs.org/core/SearchParameter/patient-gender","version":"0.1.0","name":"PatientGenderSearchParameter","status":"active","date":"2023-06-23T17:20:12+00:00","contact":[{"name":"OpenMRS, Inc.","telecom":[{"system":"url","value":"https://openmrs.org"}]}],"description":"Searches based on the gender of the patient. Note that this value must be from the AdministrativeGender valueset eg) /ws/fhir2/{release}/Patient?gender={gender}","code":"gender","base":["Patient"],"type":"token","target":["Patient"]}