{"resourceType":"SearchParameter","id":"AllergyIntolerance-lastUpdated","text":{"status":"generated","div":"<div xmlns=\"http://www.w3.org/1999/xhtml\"><h2>AllergyIntoleranceLastUpdatedSearchParameter</h2><p>Parameter <code>_lastUpdated</code>:<code>date</code></p><div><p>Searches based on the AllergyIntolerance lastUpdated field for the AllergyIntolerance record eg) /ws/fhir2/{release}/AllergyIntolerance?_lastUpdated={date}</p>\n</div><table class=\"grid\"><tr><td>Resource</td><td><a href=\"http://hl7.org/fhir/R4/allergyintolerance.html\">AllergyIntolerance</a></td></tr><tr><td>Expression</td><td>(none)</td></tr><tr><td>Target Resources</td><td><a href=\"http://hl7.org/fhir/R4/allergyintolerance.html\">AllergyIntolerance</a></td></tr><tr><td>Multiples</td><td>The parameter cannot repeat or have multiple values</td></tr></table></div>"},"url":"http://fhir.openmrs.org/core/SearchParameter/AllergyIntolerance-lastUpdated","version":"0.1.0","name":"AllergyIntoleranceLastUpdatedSearchParameter","status":"active","date":"2023-06-22T11:16:34+00:00","contact":[{"name":"OpenMRS, Inc.","telecom":[{"system":"url","value":"https://openmrs.org"}]}],"description":"Searches based on the AllergyIntolerance lastUpdated field for the AllergyIntolerance record eg) /ws/fhir2/{release}/AllergyIntolerance?_lastUpdated={date}","code":"_lastUpdated","base":["AllergyIntolerance"],"type":"date","target":["AllergyIntolerance"]}