{"resourceType":"SearchParameter","id":"MedicationRequest-requestor.given","url":"http://fhir.openmrs.org/fhir/SearchParameter/MedicationRequest-requestor.given","version":"0.1.0","name":"MedicationRequestRequestorGivenNameSearchParameter","status":"active","date":"2022-10-08T02:10:18+00:00","contact":[{"name":"OpenMRS, Inc.","telecom":[{"system":"url","value":"https://openmrs.org"}]}],"description":"Searches for MedicationRequest based on the Practitioner's given name(s) eg) /ws/fhir2/{release}/MedicationRequest?requestor.given={givenName}","code":"requestor.given","base":["MedicationRequest"],"type":"string","target":["OMRSMedicationRequest"]}