{"resourceType":"SearchParameter","id":"serviceRequest-patient","url":"http://fhir.openmrs.org/fhir/SearchParameter/serviceRequest-patient","version":"0.1.0","name":"serviceRequestPatientSearchParameter","status":"active","date":"2022-10-08T02:14:23+00:00","contact":[{"name":"OpenMRS, Inc.","telecom":[{"system":"url","value":"https://openmrs.org"}]}],"description":"Searches for serviceRequest by a given patient Uuid eg) /ws/fhir2/{release}/ServiceRequest?patient={uuid}","code":"patient","base":["ServiceRequest"],"type":"reference","target":["OpenMRSServiceRequest"]}