{"resourceType":"ValueSet","id":"OpenMRS-task-intent-vs","text":{"status":"generated","div":"<div xmlns=\"http://www.w3.org/1999/xhtml\"><ul><li>Include these codes as defined in <code>http://hl7.org/fhir/ValueSet/task-intent</code><table class=\"none\"><tr><td style=\"white-space:nowrap\"><b>Code</b></td><td><b>Display</b></td></tr><tr><td>task-intent-order</td><td>Order</td></tr></table></li></ul></div>"},"url":"http://fhir.openmrs.org/fhir/ValueSet/OpenMRS-task-intent-vs","version":"0.1.0","name":"OMRSPatientTaskIntentVS","title":"OpenMRS Intent for Task","status":"active","date":"2022-10-08T02:02:22+00:00","contact":[{"name":"OpenMRS, Inc.","telecom":[{"system":"url","value":"https://openmrs.org"}]}],"description":"The intent of the task, subset from https://www.hl7.org/FHIR/valueset-task-intent.html","compose":{"include":[{"system":"http://hl7.org/fhir/ValueSet/task-intent","concept":[{"code":"task-intent-order","display":"Order"}]}]}}