{
  "resourceType" : "SearchParameter",
  "id" : "observation-lastUpdated",
  "text" : {
    "status" : "generated",
    "div" : "<div xmlns=\"http://www.w3.org/1999/xhtml\"><h2>ObservationLastUpdatedSearchParameter</h2><p>Parameter <code>_lastUpdated</code>:<code>date</code></p><div><p>Searches based on the the dateCreated field for the observation record eg) /ws/fhir2/{release}/Observation?_lastUpdated={date-range}</p>\n</div><table class=\"grid\"><tr><td>Resource</td><td><a href=\"http://hl7.org/fhir/R4/observation.html\">Observation</a></td></tr><tr><td>Expression</td><td>(none)</td></tr><tr><td>Target Resources</td><td><a href=\"http://hl7.org/fhir/R4/observation.html\">Observation</a></td></tr><tr><td>Multiples</td><td>The parameter cannot repeat or have multiple values</td></tr></table></div>"
  },
  "url" : "http://fhir.openmrs.org/core/SearchParameter/observation-lastUpdated",
  "version" : "0.1.0",
  "name" : "ObservationLastUpdatedSearchParameter",
  "status" : "active",
  "date" : "2023-06-22T11:16:34+00:00",
  "contact" : [{
    "name" : "OpenMRS, Inc.",
    "telecom" : [{
      "system" : "url",
      "value" : "https://openmrs.org"
    }]
  }],
  "description" : "Searches based on the the dateCreated field for the observation record eg) /ws/fhir2/{release}/Observation?_lastUpdated={date-range}",
  "code" : "_lastUpdated",
  "base" : ["Observation"],
  "type" : "date",
  "target" : ["Observation"]
}