{
  "resourceType" : "SearchParameter",
  "id" : "person-birthdate",
  "text" : {
    "status" : "generated",
    "div" : "<div xmlns=\"http://www.w3.org/1999/xhtml\"><h2>personBirthdateSearchParameter</h2><p>Parameter <code>birthdate</code>:<code>date</code></p><div><p>Searches based on the person's birthdate eg) /ws/fhir2/{release}/Person?birthdate={date}</p>\n</div><table class=\"grid\"><tr><td>Resource</td><td><a href=\"http://hl7.org/fhir/R4/person.html\">Person</a></td></tr><tr><td>Expression</td><td>(none)</td></tr><tr><td>Target Resources</td><td><a href=\"http://hl7.org/fhir/R4/person.html\">Person</a></td></tr><tr><td>Multiples</td><td>The parameter cannot repeat or have multiple values</td></tr></table></div>"
  },
  "url" : "http://fhir.openmrs.org/fhir/SearchParameter/person-birthdate",
  "version" : "0.1.0",
  "name" : "personBirthdateSearchParameter",
  "status" : "active",
  "date" : "2023-03-16T09:46:21+00:00",
  "contact" : [{
    "name" : "OpenMRS, Inc.",
    "telecom" : [{
      "system" : "url",
      "value" : "https://openmrs.org"
    }]
  }],
  "description" : "Searches based on the person's birthdate eg) /ws/fhir2/{release}/Person?birthdate={date}",
  "code" : "birthdate",
  "base" : ["Person"],
  "type" : "date",
  "target" : ["Person"]
}