{
  "resourceType": "SearchParameter",
  "id": "Practitioner-address-country",
  "text": {
    "status": "generated",
    "div": "<div xmlns=\"http://www.w3.org/1999/xhtml\"><p><b>Generated Narrative: SearchParameter</b><a name=\"Practitioner-address-country\"> </a></p><div style=\"display: inline-block; background-color: #d9e0e7; padding: 6px; margin: 4px; border: 1px solid #8da1b4; border-radius: 5px; line-height: 60%\"><p style=\"margin-bottom: 0px\">Resource SearchParameter \"Practitioner-address-country\" </p></div><p><b>url</b>: <code>http://fhir.openmrs.org/fhir/SearchParameter/Practitioner-address-country</code></p><p><b>version</b>: 0.1.0</p><p><b>name</b>: PractitionerCountrySearchParameter</p><p><b>status</b>: active</p><p><b>date</b>: 2022-10-08 02:14:23+0000</p><p><b>contact</b>: OpenMRS, Inc.: <a href=\"https://openmrs.org\">https://openmrs.org</a></p><p><b>description</b>: Searches based on the address-country field for the Practitioner record eg) /ws/fhir2/{release}/Practitioner?address-country={country}</p><p><b>code</b>: address-country</p><p><b>base</b>: Practitioner</p><p><b>type</b>: string</p><p><b>target</b>: OMRSPractitioner</p></div>"
  },
  "url": "http://fhir.openmrs.org/fhir/SearchParameter/Practitioner-address-country",
  "version": "0.1.0",
  "name": "PractitionerCountrySearchParameter",
  "status": "active",
  "date": "2022-10-08T02:14:23+00:00",
  "contact": [
    {
      "name": "OpenMRS, Inc.",
      "telecom": [
        {
          "system": "url",
          "value": "https://openmrs.org"
        }
      ]
    }
  ],
  "description": "Searches based on the address-country field for the Practitioner record eg) /ws/fhir2/{release}/Practitioner?address-country={country}",
  "code": "address-country",
  "base": [
    "Practitioner"
  ],
  "type": "string",
  "target": [
    "OMRSPractitioner"
  ]
}