{
  "resourceType" : "SearchParameter",
  "id" : "Task-basedOn",
  "text" : {
    "status" : "generated",
    "div" : "<div xmlns=\"http://www.w3.org/1999/xhtml\"><h2>TaskBasedOnSearchParameter</h2><p>Parameter <code>Task.based-on</code>:<code>reference</code></p><div><p>Searches for FhirTask based on the ServiceRequest Reference eg) /ws/fhir2/{release}/Task?based-on={ServiceRequestUuid}</p>\n</div><table class=\"grid\"><tr><td>Resource</td><td><a href=\"http://hl7.org/fhir/R4/task.html\">Task</a></td></tr><tr><td>Expression</td><td>(none)</td></tr><tr><td>Target Resources</td><td><a href=\"http://hl7.org/fhir/R4/task.html\">Task</a></td></tr><tr><td>Multiples</td><td>The parameter cannot repeat or have multiple values</td></tr></table></div>"
  },
  "url" : "http://fhir.openmrs.org/core/SearchParameter/Task-basedOn",
  "version" : "0.1.0",
  "name" : "TaskBasedOnSearchParameter",
  "status" : "active",
  "date" : "2023-05-17T15:10:06+00:00",
  "contact" : [{
    "name" : "OpenMRS, Inc.",
    "telecom" : [{
      "system" : "url",
      "value" : "https://openmrs.org"
    }]
  }],
  "description" : "Searches for FhirTask based on the ServiceRequest Reference eg) /ws/fhir2/{release}/Task?based-on={ServiceRequestUuid}",
  "code" : "Task.based-on",
  "base" : ["Task"],
  "type" : "reference",
  "target" : ["Task"]
}