{
  "resourceType": "SearchParameter",
  "id": "serviceRequest-occurrence",
  "text": {
    "status": "generated",
    "div": "<div xmlns=\"http://www.w3.org/1999/xhtml\"><p><b>Generated Narrative: SearchParameter</b><a name=\"serviceRequest-occurrence\"> </a></p><div style=\"display: inline-block; background-color: #d9e0e7; padding: 6px; margin: 4px; border: 1px solid #8da1b4; border-radius: 5px; line-height: 60%\"><p style=\"margin-bottom: 0px\">Resource SearchParameter \"serviceRequest-occurrence\" </p></div><p><b>url</b>: <code>http://fhir.openmrs.org/fhir/SearchParameter/serviceRequest-occurrence</code></p><p><b>version</b>: 0.1.0</p><p><b>name</b>: serviceRequestOccurrenceSearchParameter</p><p><b>status</b>: active</p><p><b>date</b>: 2022-10-08 02:14:23+0000</p><p><b>contact</b>: OpenMRS, Inc.: <a href=\"https://openmrs.org\">https://openmrs.org</a></p><p><b>description</b>: Searches for serviceRequest based on to occurrent date eg) /ws/fhir2/{release}/ServiceRequest?occurrence={date}</p><p><b>code</b>: occurrence</p><p><b>base</b>: ServiceRequest</p><p><b>type</b>: date</p><p><b>target</b>: OpenMRSServiceRequest</p></div>"
  },
  "url": "http://fhir.openmrs.org/fhir/SearchParameter/serviceRequest-occurrence",
  "version": "0.1.0",
  "name": "serviceRequestOccurrenceSearchParameter",
  "status": "active",
  "date": "2022-10-08T02:14:23+00:00",
  "contact": [
    {
      "name": "OpenMRS, Inc.",
      "telecom": [
        {
          "system": "url",
          "value": "https://openmrs.org"
        }
      ]
    }
  ],
  "description": "Searches for serviceRequest based on to occurrent date eg) /ws/fhir2/{release}/ServiceRequest?occurrence={date}",
  "code": "occurrence",
  "base": [
    "ServiceRequest"
  ],
  "type": "date",
  "target": [
    "OpenMRSServiceRequest"
  ]
}