{
  "resourceType" : "SearchParameter",
  "id" : "location-lastUpdated",
  "text" : {
    "status" : "generated",
    "div" : "<div xmlns=\"http://www.w3.org/1999/xhtml\"><h2>LocationLastUpdatedSearchParameter</h2><p>Parameter <code>_lastUpdated</code>:<code>date</code></p><div><p>Searches based on the location lastUpdated field for the location record eg) /ws/fhir2/{release}/Location?_lastUpdated={date}</p>\n</div><table class=\"grid\"><tr><td>Resource</td><td><a href=\"http://hl7.org/fhir/R4/location.html\">Location</a></td></tr><tr><td>Expression</td><td>(none)</td></tr><tr><td>Target Resources</td><td><a href=\"http://hl7.org/fhir/R4/location.html\">Location</a></td></tr><tr><td>Multiples</td><td>The parameter cannot repeat or have multiple values</td></tr></table></div>"
  },
  "url" : "http://fhir.openmrs.org/fhir/SearchParameter/location-lastUpdated",
  "version" : "0.1.0",
  "name" : "LocationLastUpdatedSearchParameter",
  "status" : "active",
  "date" : "2023-03-15T20:24:20+00:00",
  "contact" : [{
    "name" : "OpenMRS, Inc.",
    "telecom" : [{
      "system" : "url",
      "value" : "https://openmrs.org"
    }]
  }],
  "description" : "Searches based on the location lastUpdated field for the location record eg) /ws/fhir2/{release}/Location?_lastUpdated={date}",
  "code" : "_lastUpdated",
  "base" : ["Location"],
  "type" : "date",
  "target" : ["Location"]
}