{
  "resourceType": "SearchParameter",
  "id": "condition-requester",
  "text": {
    "status": "generated",
    "div": "<div xmlns=\"http://www.w3.org/1999/xhtml\"><p><b>Generated Narrative: SearchParameter</b><a name=\"condition-requester\"> </a></p><div style=\"display: inline-block; background-color: #d9e0e7; padding: 6px; margin: 4px; border: 1px solid #8da1b4; border-radius: 5px; line-height: 60%\"><p style=\"margin-bottom: 0px\">Resource SearchParameter \"condition-requester\" </p></div><p><b>url</b>: <code>http://fhir.openmrs.org/fhir/SearchParameter/condition-requester</code></p><p><b>version</b>: 0.1.0</p><p><b>name</b>: conditionSearchParameter</p><p><b>status</b>: active</p><p><b>date</b>: 2022-10-08 02:14:23+0000</p><p><b>contact</b>: OpenMRS, Inc.: <a href=\"https://openmrs.org\">https://openmrs.org</a></p><p><b>description</b>: Searches for condition by Practitioner uuid who requested the service eg) /ws/fhir2/{release}/Condition?requester:Practitioner={uuid}</p><p><b>code</b>: requester</p><p><b>base</b>: Condition</p><p><b>type</b>: reference</p><p><b>target</b>: OMRSCondition</p></div>"
  },
  "url": "http://fhir.openmrs.org/fhir/SearchParameter/condition-requester",
  "version": "0.1.0",
  "name": "conditionSearchParameter",
  "status": "active",
  "date": "2022-10-08T02:14:23+00:00",
  "contact": [
    {
      "name": "OpenMRS, Inc.",
      "telecom": [
        {
          "system": "url",
          "value": "https://openmrs.org"
        }
      ]
    }
  ],
  "description": "Searches for condition by Practitioner uuid who requested the service eg) /ws/fhir2/{release}/Condition?requester:Practitioner={uuid}",
  "code": "requester",
  "base": [
    "Condition"
  ],
  "type": "reference",
  "target": [
    "OMRSCondition"
  ]
}