{
  "resourceType": "SearchParameter",
  "id": "person-gender",
  "text": {
    "status": "generated",
    "div": "<div xmlns=\"http://www.w3.org/1999/xhtml\"><p><b>Generated Narrative: SearchParameter</b><a name=\"person-gender\"> </a></p><div style=\"display: inline-block; background-color: #d9e0e7; padding: 6px; margin: 4px; border: 1px solid #8da1b4; border-radius: 5px; line-height: 60%\"><p style=\"margin-bottom: 0px\">Resource SearchParameter \"person-gender\" </p></div><p><b>url</b>: <code>http://fhir.openmrs.org/fhir/SearchParameter/person-gender</code></p><p><b>version</b>: 0.1.0</p><p><b>name</b>: personGenderSearchParameter</p><p><b>status</b>: active</p><p><b>date</b>: 2022-10-08 02:13:28+0000</p><p><b>contact</b>: OpenMRS, Inc.: <a href=\"https://openmrs.org\">https://openmrs.org</a></p><p><b>description</b>: Searches based on the gender of the person. Note that this value must be from the AdministrativeGender valueset eg) /ws/fhir2/{release}/Person?gender={gender}</p><p><b>code</b>: gender</p><p><b>base</b>: Person</p><p><b>type</b>: token</p><p><b>target</b>: OMRSPerson</p></div>"
  },
  "url": "http://fhir.openmrs.org/fhir/SearchParameter/person-gender",
  "version": "0.1.0",
  "name": "personGenderSearchParameter",
  "status": "active",
  "date": "2022-10-08T02:13:28+00:00",
  "contact": [
    {
      "name": "OpenMRS, Inc.",
      "telecom": [
        {
          "system": "url",
          "value": "https://openmrs.org"
        }
      ]
    }
  ],
  "description": "Searches based on the gender of the person. Note that this value must be from the AdministrativeGender valueset eg) /ws/fhir2/{release}/Person?gender={gender}",
  "code": "gender",
  "base": [
    "Person"
  ],
  "type": "token",
  "target": [
    "OMRSPerson"
  ]
}