{
  "resourceType" : "SearchParameter",
  "id" : "serviceRequest-code",
  "text" : {
    "status" : "generated",
    "div" : "<div xmlns=\"http://www.w3.org/1999/xhtml\"><h2>ServiceRequestCodeSearchParameter</h2><p>Parameter <code>code</code>:<code>token</code></p><div><p>Searches for serviceRequest based on the serviceRequest concept code eg) /ws/fhir2/{release}/ServiceRequest?code={code}</p>\n</div><table class=\"grid\"><tr><td>Resource</td><td><a href=\"http://hl7.org/fhir/R4/servicerequest.html\">ServiceRequest</a></td></tr><tr><td>Expression</td><td>(none)</td></tr><tr><td>Target Resources</td><td><a href=\"http://hl7.org/fhir/R4/servicerequest.html\">ServiceRequest</a></td></tr><tr><td>Multiples</td><td>The parameter cannot repeat or have multiple values</td></tr></table></div>"
  },
  "url" : "http://fhir.openmrs.org/core/SearchParameter/serviceRequest-code",
  "version" : "0.1.0",
  "name" : "ServiceRequestCodeSearchParameter",
  "status" : "active",
  "date" : "2023-06-22T11:16:34+00:00",
  "contact" : [{
    "name" : "OpenMRS, Inc.",
    "telecom" : [{
      "system" : "url",
      "value" : "https://openmrs.org"
    }]
  }],
  "description" : "Searches for serviceRequest based on the serviceRequest concept code eg) /ws/fhir2/{release}/ServiceRequest?code={code}",
  "code" : "code",
  "base" : ["ServiceRequest"],
  "type" : "token",
  "target" : ["ServiceRequest"]
}