{
  "resourceType": "SearchParameter",
  "id": "MedicationRequest-requestor",
  "text": {
    "status": "generated",
    "div": "<div xmlns=\"http://www.w3.org/1999/xhtml\"><p><b>Generated Narrative: SearchParameter</b><a name=\"MedicationRequest-requestor\"> </a></p><div style=\"display: inline-block; background-color: #d9e0e7; padding: 6px; margin: 4px; border: 1px solid #8da1b4; border-radius: 5px; line-height: 60%\"><p style=\"margin-bottom: 0px\">Resource SearchParameter \"MedicationRequest-requestor\" </p></div><p><b>url</b>: <code>http://fhir.openmrs.org/fhir/SearchParameter/MedicationRequest-requestor</code></p><p><b>version</b>: 0.1.0</p><p><b>name</b>: MedicationRequestRequestorSearchParameter</p><p><b>status</b>: active</p><p><b>date</b>: 2022-10-08 02:09:14+0000</p><p><b>contact</b>: OpenMRS, Inc.: <a href=\"https://openmrs.org\">https://openmrs.org</a></p><p><b>description</b>: Searches for MedicationRequest by a given Practitioner Reference uuid eg) /ws/fhir2/{release}/MedicationRequest?requestor={Uuid}</p><p><b>code</b>: requestor</p><p><b>base</b>: MedicationRequest</p><p><b>type</b>: reference</p><p><b>target</b>: OMRSMedicationRequest</p></div>"
  },
  "url": "http://fhir.openmrs.org/fhir/SearchParameter/MedicationRequest-requestor",
  "version": "0.1.0",
  "name": "MedicationRequestRequestorSearchParameter",
  "status": "active",
  "date": "2022-10-08T02:09:14+00:00",
  "contact": [
    {
      "name": "OpenMRS, Inc.",
      "telecom": [
        {
          "system": "url",
          "value": "https://openmrs.org"
        }
      ]
    }
  ],
  "description": "Searches for MedicationRequest by a given Practitioner Reference uuid eg) /ws/fhir2/{release}/MedicationRequest?requestor={Uuid}",
  "code": "requestor",
  "base": [
    "MedicationRequest"
  ],
  "type": "reference",
  "target": [
    "OMRSMedicationRequest"
  ]
}