{
  "resourceType": "SearchParameter",
  "id": "condition-code",
  "text": {
    "status": "generated",
    "div": "<div xmlns=\"http://www.w3.org/1999/xhtml\"><p><b>Generated Narrative: SearchParameter</b><a name=\"condition-code\"> </a></p><div style=\"display: inline-block; background-color: #d9e0e7; padding: 6px; margin: 4px; border: 1px solid #8da1b4; border-radius: 5px; line-height: 60%\"><p style=\"margin-bottom: 0px\">Resource SearchParameter &quot;condition-code&quot; </p></div><p><b>url</b>: <code>http://fhir.openmrs.org/fhir/SearchParameter/condition-code</code></p><p><b>version</b>: 0.1.0</p><p><b>name</b>: conditionCodeSearchParameter</p><p><b>status</b>: active</p><p><b>date</b>: 2022-11-29 05:06:49+0000</p><p><b>contact</b>: OpenMRS, Inc.: <a href=\"https://openmrs.org\">https://openmrs.org</a></p><p><b>description</b>: Searches for condition based on the condition concept code eg) /ws/fhir2/{release}/Condition?code={code}</p><p><b>code</b>: code</p><p><b>base</b>: Condition</p><p><b>type</b>: token</p><p><b>target</b>: OMRSCondition</p></div>"
  },
  "url": "http://fhir.openmrs.org/fhir/SearchParameter/condition-code",
  "version": "0.1.0",
  "name": "conditionCodeSearchParameter",
  "status": "active",
  "date": "2022-11-29T17:06:49+00:00",
  "contact": [
    {
      "name": "OpenMRS, Inc.",
      "telecom": [
        {
          "system": "url",
          "value": "https://openmrs.org"
        }
      ]
    }
  ],
  "description": "Searches for condition based on the condition concept code eg) /ws/fhir2/{release}/Condition?code={code}",
  "code": "code",
  "base": [
    "Condition"
  ],
  "type": "token",
  "target": [
    "OMRSCondition"
  ]
}