{
  "resourceType" : "SearchParameter",
  "id" : "condition-subject",
  "text" : {
    "status" : "generated",
    "div" : "<div xmlns=\"http://www.w3.org/1999/xhtml\"><h2>ConditionSubjectSearchParameter</h2><p>Parameter <code>subject</code>:<code>reference</code></p><div><p>Searches for condition by a given subject eg) /ws/fhir2/{release}/condition?subject:Patient={patientUuid}</p>\n</div><table class=\"grid\"><tr><td>Resource</td><td><a href=\"http://hl7.org/fhir/R4/condition.html\">Condition</a></td></tr><tr><td>Expression</td><td>(none)</td></tr><tr><td>Target Resources</td><td><a href=\"http://hl7.org/fhir/R4/condition.html\">Condition</a></td></tr><tr><td>Multiples</td><td>The parameter cannot repeat or have multiple values</td></tr></table></div>"
  },
  "url" : "http://fhir.openmrs.org/core/SearchParameter/condition-subject",
  "version" : "0.1.0",
  "name" : "ConditionSubjectSearchParameter",
  "status" : "active",
  "date" : "2023-05-08T19:25:22+00:00",
  "contact" : [{
    "name" : "OpenMRS, Inc.",
    "telecom" : [{
      "system" : "url",
      "value" : "https://openmrs.org"
    }]
  }],
  "description" : "Searches for condition by a given subject eg) /ws/fhir2/{release}/condition?subject:Patient={patientUuid}",
  "code" : "subject",
  "base" : ["Condition"],
  "type" : "reference",
  "target" : ["Condition"]
}