{
  "resourceType" : "SearchParameter",
  "id" : "Encounter-date",
  "text" : {
    "status" : "generated",
    "div" : "<div xmlns=\"http://www.w3.org/1999/xhtml\"><h2>EncounterPatientNameSearchParameter</h2><p>Parameter <code>Encounter.period</code>:<code>date</code></p><div><p>Searches for Encounter based on the encounter creation date eg) /ws/fhir2/{release}/Encounter?date={date}</p>\n</div><table class=\"grid\"><tr><td>Resource</td><td><a href=\"http://hl7.org/fhir/R4/encounter.html\">Encounter</a></td></tr><tr><td>Expression</td><td>(none)</td></tr><tr><td>Target Resources</td><td><a href=\"http://hl7.org/fhir/R4/encounter.html\">Encounter</a></td></tr><tr><td>Multiples</td><td>The parameter cannot repeat or have multiple values</td></tr></table></div>"
  },
  "url" : "http://fhir.openmrs.org/core/SearchParameter/Encounter-date",
  "version" : "0.1.0",
  "name" : "EncounterPatientNameSearchParameter",
  "status" : "active",
  "date" : "2023-06-22T11:16:34+00:00",
  "contact" : [{
    "name" : "OpenMRS, Inc.",
    "telecom" : [{
      "system" : "url",
      "value" : "https://openmrs.org"
    }]
  }],
  "description" : "Searches for Encounter based on the encounter creation date eg) /ws/fhir2/{release}/Encounter?date={date}",
  "code" : "Encounter.period",
  "base" : ["Encounter"],
  "type" : "date",
  "target" : ["Encounter"]
}