{
  "resourceType" : "SearchParameter",
  "id" : "person-gender",
  "text" : {
    "status" : "generated",
    "div" : "<div xmlns=\"http://www.w3.org/1999/xhtml\"><h2>PersonGenderSearchParameter</h2><p>Parameter <code>gender</code>:<code>token</code></p><div><p>Searches based on the gender of the person. Note that this value must be from the AdministrativeGender valueset eg) /ws/fhir2/{release}/Person?gender={gender}</p>\n</div><table class=\"grid\"><tr><td>Resource</td><td><a href=\"http://hl7.org/fhir/R4/person.html\">Person</a></td></tr><tr><td>Expression</td><td>(none)</td></tr><tr><td>Target Resources</td><td><a href=\"http://hl7.org/fhir/R4/person.html\">Person</a></td></tr><tr><td>Multiples</td><td>The parameter cannot repeat or have multiple values</td></tr></table></div>"
  },
  "url" : "http://fhir.openmrs.org/core/SearchParameter/person-gender",
  "version" : "0.1.0",
  "name" : "PersonGenderSearchParameter",
  "status" : "active",
  "date" : "2023-06-22T11:16:34+00:00",
  "contact" : [{
    "name" : "OpenMRS, Inc.",
    "telecom" : [{
      "system" : "url",
      "value" : "https://openmrs.org"
    }]
  }],
  "description" : "Searches based on the gender of the person. Note that this value must be from the AdministrativeGender valueset eg) /ws/fhir2/{release}/Person?gender={gender}",
  "code" : "gender",
  "base" : ["Person"],
  "type" : "token",
  "target" : ["Person"]
}