[
  {
    "id" : "encounter-type",
    "type" : "CodeSystem",
    "url" : "http://fhir.openmrs.org/core/CodeSystem/encounter-type",
    "version" : "0.1.0",
    "name" : "EncounterType"
  },
  {
    "id" : "openmrs.fhir.core",
    "type" : "ImplementationGuide",
    "url" : "http://fhir.openmrs.org/core/ImplementationGuide/openmrs.fhir.core",
    "version" : "0.1.0",
    "name" : "OMRSFhir2ImplementationGuide"
  },
  {
    "id" : "AllergyIntolerance-category",
    "type" : "SearchParameter",
    "url" : "http://fhir.openmrs.org/core/SearchParameter/AllergyIntolerance-category",
    "version" : "0.1.0",
    "name" : "AllergyIntoleranceCategorySearchParameter"
  },
  {
    "id" : "AllergyIntolerance-clinical-status",
    "type" : "SearchParameter",
    "url" : "http://fhir.openmrs.org/core/SearchParameter/AllergyIntolerance-clinical-status",
    "version" : "0.1.0",
    "name" : "AllergyIntoleranceClinicalStatusSearchParameter"
  },
  {
    "id" : "AllergyIntolerance-id",
    "type" : "SearchParameter",
    "url" : "http://fhir.openmrs.org/core/SearchParameter/AllergyIntolerance-id",
    "version" : "0.1.0",
    "name" : "AllergyIntoleranceIdSearchParameter"
  },
  {
    "id" : "AllergyIntolerance-lastUpdated",
    "type" : "SearchParameter",
    "url" : "http://fhir.openmrs.org/core/SearchParameter/AllergyIntolerance-lastUpdated",
    "version" : "0.1.0",
    "name" : "AllergyIntoleranceLastUpdatedSearchParameter"
  },
  {
    "id" : "AllergyIntolerance-manifestation",
    "type" : "SearchParameter",
    "url" : "http://fhir.openmrs.org/core/SearchParameter/AllergyIntolerance-manifestation",
    "version" : "0.1.0",
    "name" : "AllergyIntolerancemanifestationSearchParameter"
  },
  {
    "id" : "AllergyIntolerance-patient",
    "type" : "SearchParameter",
    "url" : "http://fhir.openmrs.org/core/SearchParameter/AllergyIntolerance-patient",
    "version" : "0.1.0",
    "name" : "AllergyIntolerancePatientSearchParameter"
  },
  {
    "id" : "AllergyIntolerance-patient-family",
    "type" : "SearchParameter",
    "url" : "http://fhir.openmrs.org/core/SearchParameter/AllergyIntolerance-patient-family",
    "version" : "0.1.0",
    "name" : "AllergyIntolerancePatientFamilyNameSearchParameter"
  },
  {
    "id" : "AllergyIntolerance-patient-identifier",
    "type" : "SearchParameter",
    "url" : "http://fhir.openmrs.org/core/SearchParameter/AllergyIntolerance-patient-identifier",
    "version" : "0.1.0",
    "name" : "AllergyIntolerancePatientIdentifierSearchParameter"
  },
  {
    "id" : "AllergyIntolerance-patient-name",
    "type" : "SearchParameter",
    "url" : "http://fhir.openmrs.org/core/SearchParameter/AllergyIntolerance-patient-name",
    "version" : "0.1.0",
    "name" : "AllergyIntolerancePatientNameSearchParameter"
  },
  {
    "id" : "AllergyIntolerance-patient.given",
    "type" : "SearchParameter",
    "url" : "http://fhir.openmrs.org/core/SearchParameter/AllergyIntolerance-patient.given",
    "version" : "0.1.0",
    "name" : "AllergyIntolerancePatientGivenNameSearchParameter"
  },
  {
    "id" : "AllergyIntolerance-severity",
    "type" : "SearchParameter",
    "url" : "http://fhir.openmrs.org/core/SearchParameter/AllergyIntolerance-severity",
    "version" : "0.1.0",
    "name" : "AllergyIntoleranceSeveritySearchParameter"
  },
  {
    "id" : "AllergyIntolerance-subject",
    "type" : "SearchParameter",
    "url" : "http://fhir.openmrs.org/core/SearchParameter/AllergyIntolerance-subject",
    "version" : "0.1.0",
    "name" : "AllergyIntoleranceSubjectSearchParameter"
  },
  {
    "id" : "AllergyIntolerance-subject-family",
    "type" : "SearchParameter",
    "url" : "http://fhir.openmrs.org/core/SearchParameter/AllergyIntolerance-subject-family",
    "version" : "0.1.0",
    "name" : "AllergyIntoleranceSubjectfamilySearchParameter"
  },
  {
    "id" : "AllergyIntolerance-subject-given",
    "type" : "SearchParameter",
    "url" : "http://fhir.openmrs.org/core/SearchParameter/AllergyIntolerance-subject-given",
    "version" : "0.1.0",
    "name" : "AllergyIntoleranceSubjectGivenSearchParameter"
  },
  {
    "id" : "AllergyIntolerance-subject-identifier",
    "type" : "SearchParameter",
    "url" : "http://fhir.openmrs.org/core/SearchParameter/AllergyIntolerance-subject-identifier",
    "version" : "0.1.0",
    "name" : "AllergyIntoleranceSubjectIdentifierSearchParameter"
  },
  {
    "id" : "AllergyIntolerance-subject-name",
    "type" : "SearchParameter",
    "url" : "http://fhir.openmrs.org/core/SearchParameter/AllergyIntolerance-subject-name",
    "version" : "0.1.0",
    "name" : "AllergyIntoleranceSubjectNameSearchParameter"
  },
  {
    "id" : "Condition-requester-family",
    "type" : "SearchParameter",
    "url" : "http://fhir.openmrs.org/core/SearchParameter/Condition-requester-family",
    "version" : "0.1.0",
    "name" : "ConditionRequesterfamilySearchParameter"
  },
  {
    "id" : "Condition-requester-given",
    "type" : "SearchParameter",
    "url" : "http://fhir.openmrs.org/core/SearchParameter/Condition-requester-given",
    "version" : "0.1.0",
    "name" : "ConditionRequesterGivenSearchParameter"
  },
  {
    "id" : "Encounter-address-city",
    "type" : "SearchParameter",
    "url" : "http://fhir.openmrs.org/core/SearchParameter/Encounter-address-city",
    "version" : "0.1.0",
    "name" : "EncounterCitySearchParameter"
  },
  {
    "id" : "Encounter-address-country",
    "type" : "SearchParameter",
    "url" : "http://fhir.openmrs.org/core/SearchParameter/Encounter-address-country",
    "version" : "0.1.0",
    "name" : "EncounterCountrySearchParameter"
  },
  {
    "id" : "Encounter-address-postalcode",
    "type" : "SearchParameter",
    "url" : "http://fhir.openmrs.org/core/SearchParameter/Encounter-address-postalcode",
    "version" : "0.1.0",
    "name" : "EncounterPostalCodeSearchParameter"
  },
  {
    "id" : "Encounter-address-state",
    "type" : "SearchParameter",
    "url" : "http://fhir.openmrs.org/core/SearchParameter/Encounter-address-state",
    "version" : "0.1.0",
    "name" : "EncounterStateSearchParameter"
  },
  {
    "id" : "Encounter-date",
    "type" : "SearchParameter",
    "url" : "http://fhir.openmrs.org/core/SearchParameter/Encounter-date",
    "version" : "0.1.0",
    "name" : "EncounterPatientNameSearchParameter"
  },
  {
    "id" : "Encounter-id",
    "type" : "SearchParameter",
    "url" : "http://fhir.openmrs.org/core/SearchParameter/Encounter-id",
    "version" : "0.1.0",
    "name" : "EncounterIdSearchParameter"
  },
  {
    "id" : "Encounter-lastUpdated",
    "type" : "SearchParameter",
    "url" : "http://fhir.openmrs.org/core/SearchParameter/Encounter-lastUpdated",
    "version" : "0.1.0",
    "name" : "EncounterLastUpdatedSearchParameter"
  },
  {
    "id" : "Encounter-location",
    "type" : "SearchParameter",
    "url" : "http://fhir.openmrs.org/core/SearchParameter/Encounter-location",
    "version" : "0.1.0",
    "name" : "EncounterLocationNameSearchParameter"
  },
  {
    "id" : "Encounter-participant",
    "type" : "SearchParameter",
    "url" : "http://fhir.openmrs.org/core/SearchParameter/Encounter-participant",
    "version" : "0.1.0",
    "name" : "EncounterParticipantSearchParameter"
  },
  {
    "id" : "Encounter-participant-identifier",
    "type" : "SearchParameter",
    "url" : "http://fhir.openmrs.org/core/SearchParameter/Encounter-participant-identifier",
    "version" : "0.1.0",
    "name" : "EncounterParticipantIdentifierSearchParameter"
  },
  {
    "id" : "Encounter-participant.family",
    "type" : "SearchParameter",
    "url" : "http://fhir.openmrs.org/core/SearchParameter/Encounter-participant.family",
    "version" : "0.1.0",
    "name" : "EncounterParticipantFamilyNameSearchParameter"
  },
  {
    "id" : "Encounter-participant.given",
    "type" : "SearchParameter",
    "url" : "http://fhir.openmrs.org/core/SearchParameter/Encounter-participant.given",
    "version" : "0.1.0",
    "name" : "EncounterParticipantGivenNameSearchParameter"
  },
  {
    "id" : "Encounter-participant.name",
    "type" : "SearchParameter",
    "url" : "http://fhir.openmrs.org/core/SearchParameter/Encounter-participant.name",
    "version" : "0.1.0",
    "name" : "EncounterParticipantNameSearchParameter"
  },
  {
    "id" : "Encounter-patient",
    "type" : "SearchParameter",
    "url" : "http://fhir.openmrs.org/core/SearchParameter/Encounter-patient",
    "version" : "0.1.0",
    "name" : "EncounterPatientSearchParameter"
  },
  {
    "id" : "Encounter-patient-identifier",
    "type" : "SearchParameter",
    "url" : "http://fhir.openmrs.org/core/SearchParameter/Encounter-patient-identifier",
    "version" : "0.1.0",
    "name" : "EncounterPatientIdentifierSearchParameter"
  },
  {
    "id" : "Encounter-patient-name",
    "type" : "SearchParameter",
    "url" : "http://fhir.openmrs.org/core/SearchParameter/Encounter-patient-name",
    "version" : "0.1.0",
    "name" : "EncounterPatientNameSearchParameter"
  },
  {
    "id" : "Encounter-patient.family",
    "type" : "SearchParameter",
    "url" : "http://fhir.openmrs.org/core/SearchParameter/Encounter-patient.family",
    "version" : "0.1.0",
    "name" : "EncounterPatientFamilyNameSearchParameter"
  },
  {
    "id" : "Encounter-patient.given",
    "type" : "SearchParameter",
    "url" : "http://fhir.openmrs.org/core/SearchParameter/Encounter-patient.given",
    "version" : "0.1.0",
    "name" : "EncounterPatientGivenNameSearchParameter"
  },
  {
    "id" : "Encounter-subject",
    "type" : "SearchParameter",
    "url" : "http://fhir.openmrs.org/core/SearchParameter/Encounter-subject",
    "version" : "0.1.0",
    "name" : "EncounterSubjectSearchParameter"
  },
  {
    "id" : "Encounter-subject-family",
    "type" : "SearchParameter",
    "url" : "http://fhir.openmrs.org/core/SearchParameter/Encounter-subject-family",
    "version" : "0.1.0",
    "name" : "EncounterSubjectfamilySearchParameter"
  },
  {
    "id" : "Encounter-subject-given",
    "type" : "SearchParameter",
    "url" : "http://fhir.openmrs.org/core/SearchParameter/Encounter-subject-given",
    "version" : "0.1.0",
    "name" : "EncounterSubjectGivenSearchParameter"
  },
  {
    "id" : "Encounter-subject-identifier",
    "type" : "SearchParameter",
    "url" : "http://fhir.openmrs.org/core/SearchParameter/Encounter-subject-identifier",
    "version" : "0.1.0",
    "name" : "EncounterSubjectIdentifierSearchParameter"
  },
  {
    "id" : "Encounter-subject-name",
    "type" : "SearchParameter",
    "url" : "http://fhir.openmrs.org/core/SearchParameter/Encounter-subject-name",
    "version" : "0.1.0",
    "name" : "EncounterSubjectNameSearchParameter"
  },
  {
    "id" : "Encounter-type",
    "type" : "SearchParameter",
    "url" : "http://fhir.openmrs.org/core/SearchParameter/Encounter-type",
    "version" : "0.1.0",
    "name" : "EncounterTypeSearchParameter"
  },
  {
    "id" : "MedicationRequest-id",
    "type" : "SearchParameter",
    "url" : "http://fhir.openmrs.org/core/SearchParameter/MedicationRequest-id",
    "version" : "0.1.0",
    "name" : "MedicationRequestUuidSearchParameter"
  },
  {
    "id" : "MedicationRequest-lastUpdated",
    "type" : "SearchParameter",
    "url" : "http://fhir.openmrs.org/core/SearchParameter/MedicationRequest-lastUpdated",
    "version" : "0.1.0",
    "name" : "MedicationRequestLastUpdatedSearchParameter"
  },
  {
    "id" : "MedicationRequest-medication",
    "type" : "SearchParameter",
    "url" : "http://fhir.openmrs.org/core/SearchParameter/MedicationRequest-medication",
    "version" : "0.1.0",
    "name" : "MedicationRequestmedicationSearchParameter"
  },
  {
    "id" : "MedicationRequest-patient",
    "type" : "SearchParameter",
    "url" : "http://fhir.openmrs.org/core/SearchParameter/MedicationRequest-patient",
    "version" : "0.1.0",
    "name" : "MedicationRequestPatientSearchParameter"
  },
  {
    "id" : "MedicationRequest-patient-identifier",
    "type" : "SearchParameter",
    "url" : "http://fhir.openmrs.org/core/SearchParameter/MedicationRequest-patient-identifier",
    "version" : "0.1.0",
    "name" : "MedicationRequestPatientIdentifierSearchParameter"
  },
  {
    "id" : "MedicationRequest-patient-name",
    "type" : "SearchParameter",
    "url" : "http://fhir.openmrs.org/core/SearchParameter/MedicationRequest-patient-name",
    "version" : "0.1.0",
    "name" : "MedicationRequestPatientNameSearchParameter"
  },
  {
    "id" : "MedicationRequest-patient.family",
    "type" : "SearchParameter",
    "url" : "http://fhir.openmrs.org/core/SearchParameter/MedicationRequest-patient.family",
    "version" : "0.1.0",
    "name" : "MedicationRequestPatientFamilyNameSearchParameter"
  },
  {
    "id" : "MedicationRequest-patient.given",
    "type" : "SearchParameter",
    "url" : "http://fhir.openmrs.org/core/SearchParameter/MedicationRequest-patient.given",
    "version" : "0.1.0",
    "name" : "MedicationRequestPatientGivenNameSearchParameter"
  },
  {
    "id" : "MedicationRequest-requestor",
    "type" : "SearchParameter",
    "url" : "http://fhir.openmrs.org/core/SearchParameter/MedicationRequest-requestor",
    "version" : "0.1.0",
    "name" : "MedicationRequestRequestorSearchParameter"
  },
  {
    "id" : "MedicationRequest-requestor-identifier",
    "type" : "SearchParameter",
    "url" : "http://fhir.openmrs.org/core/SearchParameter/MedicationRequest-requestor-identifier",
    "version" : "0.1.0",
    "name" : "MedicationRequestRequestorIdentifierSearchParameter"
  },
  {
    "id" : "MedicationRequest-requestor.family",
    "type" : "SearchParameter",
    "url" : "http://fhir.openmrs.org/core/SearchParameter/MedicationRequest-requestor.family",
    "version" : "0.1.0",
    "name" : "MedicationRequestRequestorFamilyNameSearchParameter"
  },
  {
    "id" : "MedicationRequest-requestor.given",
    "type" : "SearchParameter",
    "url" : "http://fhir.openmrs.org/core/SearchParameter/MedicationRequest-requestor.given",
    "version" : "0.1.0",
    "name" : "MedicationRequestRequestorGivenNameSearchParameter"
  },
  {
    "id" : "MedicationRequest-requestor.name",
    "type" : "SearchParameter",
    "url" : "http://fhir.openmrs.org/core/SearchParameter/MedicationRequest-requestor.name",
    "version" : "0.1.0",
    "name" : "MedicationRequestRequestorNameSearchParameter"
  },
  {
    "id" : "MedicationRequest-subject",
    "type" : "SearchParameter",
    "url" : "http://fhir.openmrs.org/core/SearchParameter/MedicationRequest-subject",
    "version" : "0.1.0",
    "name" : "MedicationRequestSubjectSearchParameter"
  },
  {
    "id" : "MedicationRequest-subject-family",
    "type" : "SearchParameter",
    "url" : "http://fhir.openmrs.org/core/SearchParameter/MedicationRequest-subject-family",
    "version" : "0.1.0",
    "name" : "MedicationRequestSubjectfamilySearchParameter"
  },
  {
    "id" : "MedicationRequest-subject-given",
    "type" : "SearchParameter",
    "url" : "http://fhir.openmrs.org/core/SearchParameter/MedicationRequest-subject-given",
    "version" : "0.1.0",
    "name" : "MedicationRequestSubjectGivenSearchParameter"
  },
  {
    "id" : "MedicationRequest-subject-identifier",
    "type" : "SearchParameter",
    "url" : "http://fhir.openmrs.org/core/SearchParameter/MedicationRequest-subject-identifier",
    "version" : "0.1.0",
    "name" : "MedicationRequestSubjectIdentifierSearchParameter"
  },
  {
    "id" : "MedicationRequest-subject-name",
    "type" : "SearchParameter",
    "url" : "http://fhir.openmrs.org/core/SearchParameter/MedicationRequest-subject-name",
    "version" : "0.1.0",
    "name" : "MedicationRequestSubjectNameSearchParameter"
  },
  {
    "id" : "Practitioner-address-city",
    "type" : "SearchParameter",
    "url" : "http://fhir.openmrs.org/core/SearchParameter/Practitioner-address-city",
    "version" : "0.1.0",
    "name" : "PractitionerCitySearchParameter"
  },
  {
    "id" : "Practitioner-address-country",
    "type" : "SearchParameter",
    "url" : "http://fhir.openmrs.org/core/SearchParameter/Practitioner-address-country",
    "version" : "0.1.0",
    "name" : "PractitionerCountrySearchParameter"
  },
  {
    "id" : "Practitioner-address-postalcode",
    "type" : "SearchParameter",
    "url" : "http://fhir.openmrs.org/core/SearchParameter/Practitioner-address-postalcode",
    "version" : "0.1.0",
    "name" : "PractitionerPostalCodeSearchParameter"
  },
  {
    "id" : "Practitioner-address-state",
    "type" : "SearchParameter",
    "url" : "http://fhir.openmrs.org/core/SearchParameter/Practitioner-address-state",
    "version" : "0.1.0",
    "name" : "PractitionerStateSearchParameter"
  },
  {
    "id" : "Practitioner-id",
    "type" : "SearchParameter",
    "url" : "http://fhir.openmrs.org/core/SearchParameter/Practitioner-id",
    "version" : "0.1.0",
    "name" : "PractitionerUuidSearchParameter"
  },
  {
    "id" : "Practitioner-identifier",
    "type" : "SearchParameter",
    "url" : "http://fhir.openmrs.org/core/SearchParameter/Practitioner-identifier",
    "version" : "0.1.0",
    "name" : "PractitionerIdentifierSearchParameter"
  },
  {
    "id" : "Practitioner-lastUpdated",
    "type" : "SearchParameter",
    "url" : "http://fhir.openmrs.org/core/SearchParameter/Practitioner-lastUpdated",
    "version" : "0.1.0",
    "name" : "PractitionerLastUpdatedSearchParameter"
  },
  {
    "id" : "Practitioner.family",
    "type" : "SearchParameter",
    "url" : "http://fhir.openmrs.org/core/SearchParameter/Practitioner.family",
    "version" : "0.1.0",
    "name" : "PractitionerFamilyNameSearchParameter"
  },
  {
    "id" : "Practitioner.given",
    "type" : "SearchParameter",
    "url" : "http://fhir.openmrs.org/core/SearchParameter/Practitioner.given",
    "version" : "0.1.0",
    "name" : "PractitionerGivenNameSearchParameter"
  },
  {
    "id" : "Practitioner.name",
    "type" : "SearchParameter",
    "url" : "http://fhir.openmrs.org/core/SearchParameter/Practitioner.name",
    "version" : "0.1.0",
    "name" : "PractitionerNameSearchParameter"
  },
  {
    "id" : "Task-basedOn",
    "type" : "SearchParameter",
    "url" : "http://fhir.openmrs.org/core/SearchParameter/Task-basedOn",
    "version" : "0.1.0",
    "name" : "TaskBasedOnSearchParameter"
  },
  {
    "id" : "Task-id",
    "type" : "SearchParameter",
    "url" : "http://fhir.openmrs.org/core/SearchParameter/Task-id",
    "version" : "0.1.0",
    "name" : "TaskIdSearchParameter"
  },
  {
    "id" : "Task-lastUpdated",
    "type" : "SearchParameter",
    "url" : "http://fhir.openmrs.org/core/SearchParameter/Task-lastUpdated",
    "version" : "0.1.0",
    "name" : "TaskLastUpdatedSearchParameter"
  },
  {
    "id" : "Task-owner",
    "type" : "SearchParameter",
    "url" : "http://fhir.openmrs.org/core/SearchParameter/Task-owner",
    "version" : "0.1.0",
    "name" : "TaskOwnerSearchParameter"
  },
  {
    "id" : "Task-status",
    "type" : "SearchParameter",
    "url" : "http://fhir.openmrs.org/core/SearchParameter/Task-status",
    "version" : "0.1.0",
    "name" : "TaskStatueSearchParameter"
  },
  {
    "id" : "condition-clinical-status",
    "type" : "SearchParameter",
    "url" : "http://fhir.openmrs.org/core/SearchParameter/condition-clinical-status",
    "version" : "0.1.0",
    "name" : "ConditionClinicalStatusSearchParameter"
  },
  {
    "id" : "condition-code",
    "type" : "SearchParameter",
    "url" : "http://fhir.openmrs.org/core/SearchParameter/condition-code",
    "version" : "0.1.0",
    "name" : "ConditionCodeSearchParameter"
  },
  {
    "id" : "condition-encounter",
    "type" : "SearchParameter",
    "url" : "http://fhir.openmrs.org/core/SearchParameter/condition-encounter",
    "version" : "0.1.0",
    "name" : "ConditionEncounterSearchParameter"
  },
  {
    "id" : "condition-id",
    "type" : "SearchParameter",
    "url" : "http://fhir.openmrs.org/core/SearchParameter/condition-id",
    "version" : "0.1.0",
    "name" : "ConditionIdSearchParameter"
  },
  {
    "id" : "condition-lastUpdated",
    "type" : "SearchParameter",
    "url" : "http://fhir.openmrs.org/core/SearchParameter/condition-lastUpdated",
    "version" : "0.1.0",
    "name" : "ConditionLastUpdatedSearchParameter"
  },
  {
    "id" : "condition-occurrence",
    "type" : "SearchParameter",
    "url" : "http://fhir.openmrs.org/core/SearchParameter/condition-occurrence",
    "version" : "0.1.0",
    "name" : "ConditionOccurrenceSearchParameter"
  },
  {
    "id" : "condition-onset-age",
    "type" : "SearchParameter",
    "url" : "http://fhir.openmrs.org/core/SearchParameter/condition-onset-age",
    "version" : "0.1.0",
    "name" : "ConditionOnsetAgeSearchParameter"
  },
  {
    "id" : "condition-onset-date",
    "type" : "SearchParameter",
    "url" : "http://fhir.openmrs.org/core/SearchParameter/condition-onset-date",
    "version" : "0.1.0",
    "name" : "ConditionOnsetdateSearchParameter"
  },
  {
    "id" : "condition-patient",
    "type" : "SearchParameter",
    "url" : "http://fhir.openmrs.org/core/SearchParameter/condition-patient",
    "version" : "0.1.0",
    "name" : "ConditionPatientSearchParameter"
  },
  {
    "id" : "condition-patient-identifier",
    "type" : "SearchParameter",
    "url" : "http://fhir.openmrs.org/core/SearchParameter/condition-patient-identifier",
    "version" : "0.1.0",
    "name" : "ConditionPatientIdentifierSearchParameter"
  },
  {
    "id" : "condition-patient-name",
    "type" : "SearchParameter",
    "url" : "http://fhir.openmrs.org/core/SearchParameter/condition-patient-name",
    "version" : "0.1.0",
    "name" : "ConditionPatientNameSearchParameter"
  },
  {
    "id" : "condition-patient.family",
    "type" : "SearchParameter",
    "url" : "http://fhir.openmrs.org/core/SearchParameter/condition-patient.family",
    "version" : "0.1.0",
    "name" : "ConditionPatientFamilyNameSearchParameter"
  },
  {
    "id" : "condition-patient.given",
    "type" : "SearchParameter",
    "url" : "http://fhir.openmrs.org/core/SearchParameter/condition-patient.given",
    "version" : "0.1.0",
    "name" : "ConditionPatientGivenNameSearchParameter"
  },
  {
    "id" : "condition-recorded-date",
    "type" : "SearchParameter",
    "url" : "http://fhir.openmrs.org/core/SearchParameter/condition-recorded-date",
    "version" : "0.1.0",
    "name" : "ConditionRecordedDateSearchParameter"
  },
  {
    "id" : "condition-requester",
    "type" : "SearchParameter",
    "url" : "http://fhir.openmrs.org/core/SearchParameter/condition-requester",
    "version" : "0.1.0",
    "name" : "ConditionSearchParameter"
  },
  {
    "id" : "condition-requester-identifier",
    "type" : "SearchParameter",
    "url" : "http://fhir.openmrs.org/core/SearchParameter/condition-requester-identifier",
    "version" : "0.1.0",
    "name" : "ConditionRequesterIdentifierSearchParameter"
  },
  {
    "id" : "condition-requester-name",
    "type" : "SearchParameter",
    "url" : "http://fhir.openmrs.org/core/SearchParameter/condition-requester-name",
    "version" : "0.1.0",
    "name" : "ConditionRequesterNameSearchParameter"
  },
  {
    "id" : "condition-subject",
    "type" : "SearchParameter",
    "url" : "http://fhir.openmrs.org/core/SearchParameter/condition-subject",
    "version" : "0.1.0",
    "name" : "ConditionSubjectSearchParameter"
  },
  {
    "id" : "condition-subject-family",
    "type" : "SearchParameter",
    "url" : "http://fhir.openmrs.org/core/SearchParameter/condition-subject-family",
    "version" : "0.1.0",
    "name" : "ConditionSubjectfamilySearchParameter"
  },
  {
    "id" : "condition-subject-given",
    "type" : "SearchParameter",
    "url" : "http://fhir.openmrs.org/core/SearchParameter/condition-subject-given",
    "version" : "0.1.0",
    "name" : "ConditionSubjectGivenSearchParameter"
  },
  {
    "id" : "condition-subject-identifier",
    "type" : "SearchParameter",
    "url" : "http://fhir.openmrs.org/core/SearchParameter/condition-subject-identifier",
    "version" : "0.1.0",
    "name" : "ConditionSubjectIdentifierSearchParameter"
  },
  {
    "id" : "condition-subject-name",
    "type" : "SearchParameter",
    "url" : "http://fhir.openmrs.org/core/SearchParameter/condition-subject-name",
    "version" : "0.1.0",
    "name" : "ConditionSubjectNameSearchParameter"
  },
  {
    "id" : "group-Search-entity-paramenter",
    "type" : "SearchParameter",
    "url" : "http://fhir.openmrs.org/core/SearchParameter/group-Search-entity-paramenter",
    "version" : "0.1.0",
    "name" : "GroupManagingEnityReference"
  },
  {
    "id" : "location-address-city",
    "type" : "SearchParameter",
    "url" : "http://fhir.openmrs.org/core/SearchParameter/location-address-city",
    "version" : "0.1.0",
    "name" : "LocationCitySearchParameter"
  },
  {
    "id" : "location-address-country",
    "type" : "SearchParameter",
    "url" : "http://fhir.openmrs.org/core/SearchParameter/location-address-country",
    "version" : "0.1.0",
    "name" : "LocationCountrySearchParameter"
  },
  {
    "id" : "location-address-postalcode",
    "type" : "SearchParameter",
    "url" : "http://fhir.openmrs.org/core/SearchParameter/location-address-postalcode",
    "version" : "0.1.0",
    "name" : "LocationPostalCodeSearchParameter"
  },
  {
    "id" : "location-address-state",
    "type" : "SearchParameter",
    "url" : "http://fhir.openmrs.org/core/SearchParameter/location-address-state",
    "version" : "0.1.0",
    "name" : "LocationStateSearchParameter"
  },
  {
    "id" : "location-id",
    "type" : "SearchParameter",
    "url" : "http://fhir.openmrs.org/core/SearchParameter/location-id",
    "version" : "0.1.0",
    "name" : "LocationIdSearchParameter"
  },
  {
    "id" : "location-lastUpdated",
    "type" : "SearchParameter",
    "url" : "http://fhir.openmrs.org/core/SearchParameter/location-lastUpdated",
    "version" : "0.1.0",
    "name" : "LocationLastUpdatedSearchParameter"
  },
  {
    "id" : "location-name",
    "type" : "SearchParameter",
    "url" : "http://fhir.openmrs.org/core/SearchParameter/location-name",
    "version" : "0.1.0",
    "name" : "LocationNameSearchParameter"
  },
  {
    "id" : "location-partof",
    "type" : "SearchParameter",
    "url" : "http://fhir.openmrs.org/core/SearchParameter/location-partof",
    "version" : "0.1.0",
    "name" : "LocationPartOfSearchParameter"
  },
  {
    "id" : "location-partof-name",
    "type" : "SearchParameter",
    "url" : "http://fhir.openmrs.org/core/SearchParameter/location-partof-name",
    "version" : "0.1.0",
    "name" : "LocationPartOfNameSearchParameter"
  },
  {
    "id" : "location-tag",
    "type" : "SearchParameter",
    "url" : "http://fhir.openmrs.org/core/SearchParameter/location-tag",
    "version" : "0.1.0",
    "name" : "LocationTagSearchParameter"
  },
  {
    "id" : "observation-category",
    "type" : "SearchParameter",
    "url" : "http://fhir.openmrs.org/core/SearchParameter/observation-category",
    "version" : "0.1.0",
    "name" : "ObservationCategorySearchParameter"
  },
  {
    "id" : "observation-concept-code",
    "type" : "SearchParameter",
    "url" : "http://fhir.openmrs.org/core/SearchParameter/observation-concept-code",
    "version" : "0.1.0",
    "name" : "ObservationCodeSearchParameter"
  },
  {
    "id" : "observation-date",
    "type" : "SearchParameter",
    "url" : "http://fhir.openmrs.org/core/SearchParameter/observation-date",
    "version" : "0.1.0",
    "name" : "ObservationDateSearchParameter"
  },
  {
    "id" : "observation-encounter",
    "type" : "SearchParameter",
    "url" : "http://fhir.openmrs.org/core/SearchParameter/observation-encounter",
    "version" : "0.1.0",
    "name" : "ObservationEncounterSearchParameter"
  },
  {
    "id" : "observation-has-member",
    "type" : "SearchParameter",
    "url" : "http://fhir.openmrs.org/core/SearchParameter/observation-has-member",
    "version" : "0.1.0",
    "name" : "ObservationHasSearchParameter"
  },
  {
    "id" : "observation-has-member-code",
    "type" : "SearchParameter",
    "url" : "http://fhir.openmrs.org/core/SearchParameter/observation-has-member-code",
    "version" : "0.1.0",
    "name" : "ObservationHasCodeSearchParameter"
  },
  {
    "id" : "observation-id",
    "type" : "SearchParameter",
    "url" : "http://fhir.openmrs.org/core/SearchParameter/observation-id",
    "version" : "0.1.0",
    "name" : "ObservationIdSearchParameter"
  },
  {
    "id" : "observation-lastUpdated",
    "type" : "SearchParameter",
    "url" : "http://fhir.openmrs.org/core/SearchParameter/observation-lastUpdated",
    "version" : "0.1.0",
    "name" : "ObservationLastUpdatedSearchParameter"
  },
  {
    "id" : "observation-patient",
    "type" : "SearchParameter",
    "url" : "http://fhir.openmrs.org/core/SearchParameter/observation-patient",
    "version" : "0.1.0",
    "name" : "ObservationPatientSearchParameter"
  },
  {
    "id" : "observation-patient-identifier",
    "type" : "SearchParameter",
    "url" : "http://fhir.openmrs.org/core/SearchParameter/observation-patient-identifier",
    "version" : "0.1.0",
    "name" : "ObservationPatientIdentifierSearchParameter"
  },
  {
    "id" : "observation-patient-name",
    "type" : "SearchParameter",
    "url" : "http://fhir.openmrs.org/core/SearchParameter/observation-patient-name",
    "version" : "0.1.0",
    "name" : "ObservationPatientNameSearchParameter"
  },
  {
    "id" : "observation-patient.family",
    "type" : "SearchParameter",
    "url" : "http://fhir.openmrs.org/core/SearchParameter/observation-patient.family",
    "version" : "0.1.0",
    "name" : "ObservationPatientFamilyNameSearchParameter"
  },
  {
    "id" : "observation-patient.given",
    "type" : "SearchParameter",
    "url" : "http://fhir.openmrs.org/core/SearchParameter/observation-patient.given",
    "version" : "0.1.0",
    "name" : "ObservationPatientGivenNameSearchParameter"
  },
  {
    "id" : "observation-subject",
    "type" : "SearchParameter",
    "url" : "http://fhir.openmrs.org/core/SearchParameter/observation-subject",
    "version" : "0.1.0",
    "name" : "ObservationSubjectSearchParameter"
  },
  {
    "id" : "observation-subject-family",
    "type" : "SearchParameter",
    "url" : "http://fhir.openmrs.org/core/SearchParameter/observation-subject-family",
    "version" : "0.1.0",
    "name" : "ObservationSubjectfamilySearchParameter"
  },
  {
    "id" : "observation-subject-given",
    "type" : "SearchParameter",
    "url" : "http://fhir.openmrs.org/core/SearchParameter/observation-subject-given",
    "version" : "0.1.0",
    "name" : "ObservationSubjectGivenSearchParameter"
  },
  {
    "id" : "observation-subject-identifier",
    "type" : "SearchParameter",
    "url" : "http://fhir.openmrs.org/core/SearchParameter/observation-subject-identifier",
    "version" : "0.1.0",
    "name" : "ObservationSubjectIdentifierSearchParameter"
  },
  {
    "id" : "observation-subject-name",
    "type" : "SearchParameter",
    "url" : "http://fhir.openmrs.org/core/SearchParameter/observation-subject-name",
    "version" : "0.1.0",
    "name" : "ObservationSubjectNameSearchParameter"
  },
  {
    "id" : "observation-value-concept",
    "type" : "SearchParameter",
    "url" : "http://fhir.openmrs.org/core/SearchParameter/observation-value-concept",
    "version" : "0.1.0",
    "name" : "ObservationValueConceptSearchParameter"
  },
  {
    "id" : "observation-value-date",
    "type" : "SearchParameter",
    "url" : "http://fhir.openmrs.org/core/SearchParameter/observation-value-date",
    "version" : "0.1.0",
    "name" : "ObservationValueConceptSearchParameter"
  },
  {
    "id" : "patient-address-city",
    "type" : "SearchParameter",
    "url" : "http://fhir.openmrs.org/core/SearchParameter/patient-address-city",
    "version" : "0.1.0",
    "name" : "PatientCitySearchParameter"
  },
  {
    "id" : "patient-address-country",
    "type" : "SearchParameter",
    "url" : "http://fhir.openmrs.org/core/SearchParameter/patient-address-country",
    "version" : "0.1.0",
    "name" : "PatientCountrySearchParameter"
  },
  {
    "id" : "patient-address-postalcode",
    "type" : "SearchParameter",
    "url" : "http://fhir.openmrs.org/core/SearchParameter/patient-address-postalcode",
    "version" : "0.1.0",
    "name" : "PatientPostalCodeSearchParameter"
  },
  {
    "id" : "patient-address-state",
    "type" : "SearchParameter",
    "url" : "http://fhir.openmrs.org/core/SearchParameter/patient-address-state",
    "version" : "0.1.0",
    "name" : "PatientStateSearchParameter"
  },
  {
    "id" : "patient-birthdate",
    "type" : "SearchParameter",
    "url" : "http://fhir.openmrs.org/core/SearchParameter/patient-birthdate",
    "version" : "0.1.0",
    "name" : "PatientBirthdateSearchParameter"
  },
  {
    "id" : "patient-death-date",
    "type" : "SearchParameter",
    "url" : "http://fhir.openmrs.org/core/SearchParameter/patient-death-date",
    "version" : "0.1.0",
    "name" : "PatientDeathDateSearchParameter"
  },
  {
    "id" : "patient-deceased",
    "type" : "SearchParameter",
    "url" : "http://fhir.openmrs.org/core/SearchParameter/patient-deceased",
    "version" : "0.1.0",
    "name" : "PatientDeathDateSearchParameter"
  },
  {
    "id" : "patient-gender",
    "type" : "SearchParameter",
    "url" : "http://fhir.openmrs.org/core/SearchParameter/patient-gender",
    "version" : "0.1.0",
    "name" : "PatientGenderSearchParameter"
  },
  {
    "id" : "patient-id",
    "type" : "SearchParameter",
    "url" : "http://fhir.openmrs.org/core/SearchParameter/patient-id",
    "version" : "0.1.0",
    "name" : "PatientIdSearchParameter"
  },
  {
    "id" : "patient-lastUpdated",
    "type" : "SearchParameter",
    "url" : "http://fhir.openmrs.org/core/SearchParameter/patient-lastUpdated",
    "version" : "0.1.0",
    "name" : "PatientLastUpdatedSearchParameter"
  },
  {
    "id" : "patient-name",
    "type" : "SearchParameter",
    "url" : "http://fhir.openmrs.org/core/SearchParameter/patient-name",
    "version" : "0.1.0",
    "name" : "PatientNameSearchParameter"
  },
  {
    "id" : "person-address-city",
    "type" : "SearchParameter",
    "url" : "http://fhir.openmrs.org/core/SearchParameter/person-address-city",
    "version" : "0.1.0",
    "name" : "PersonCitySearchParameter"
  },
  {
    "id" : "person-address-country",
    "type" : "SearchParameter",
    "url" : "http://fhir.openmrs.org/core/SearchParameter/person-address-country",
    "version" : "0.1.0",
    "name" : "PersonCountrySearchParameter"
  },
  {
    "id" : "person-address-postalcode",
    "type" : "SearchParameter",
    "url" : "http://fhir.openmrs.org/core/SearchParameter/person-address-postalcode",
    "version" : "0.1.0",
    "name" : "PersonPostalCodeSearchParameter"
  },
  {
    "id" : "person-address-state",
    "type" : "SearchParameter",
    "url" : "http://fhir.openmrs.org/core/SearchParameter/person-address-state",
    "version" : "0.1.0",
    "name" : "PersonStateSearchParameter"
  },
  {
    "id" : "person-birthdate",
    "type" : "SearchParameter",
    "url" : "http://fhir.openmrs.org/core/SearchParameter/person-birthdate",
    "version" : "0.1.0",
    "name" : "PersonBirthdateSearchParameter"
  },
  {
    "id" : "person-gender",
    "type" : "SearchParameter",
    "url" : "http://fhir.openmrs.org/core/SearchParameter/person-gender",
    "version" : "0.1.0",
    "name" : "PersonGenderSearchParameter"
  },
  {
    "id" : "person-id",
    "type" : "SearchParameter",
    "url" : "http://fhir.openmrs.org/core/SearchParameter/person-id",
    "version" : "0.1.0",
    "name" : "PersonIdSearchParameter"
  },
  {
    "id" : "person-lastUpdated",
    "type" : "SearchParameter",
    "url" : "http://fhir.openmrs.org/core/SearchParameter/person-lastUpdated",
    "version" : "0.1.0",
    "name" : "PersonLastUpdatedSearchParameter"
  },
  {
    "id" : "person-name",
    "type" : "SearchParameter",
    "url" : "http://fhir.openmrs.org/core/SearchParameter/person-name",
    "version" : "0.1.0",
    "name" : "PersonNameSearchParameter"
  },
  {
    "id" : "serviceRequest-code",
    "type" : "SearchParameter",
    "url" : "http://fhir.openmrs.org/core/SearchParameter/serviceRequest-code",
    "version" : "0.1.0",
    "name" : "ServiceRequestCodeSearchParameter"
  },
  {
    "id" : "serviceRequest-encounter",
    "type" : "SearchParameter",
    "url" : "http://fhir.openmrs.org/core/SearchParameter/serviceRequest-encounter",
    "version" : "0.1.0",
    "name" : "ServiceRequestEncounterSearchParameter"
  },
  {
    "id" : "serviceRequest-id",
    "type" : "SearchParameter",
    "url" : "http://fhir.openmrs.org/core/SearchParameter/serviceRequest-id",
    "version" : "0.1.0",
    "name" : "ServiceRequestIdSearchParameter"
  },
  {
    "id" : "serviceRequest-lastUpdated",
    "type" : "SearchParameter",
    "url" : "http://fhir.openmrs.org/core/SearchParameter/serviceRequest-lastUpdated",
    "version" : "0.1.0",
    "name" : "ServiceRequestLastUpdatedSearchParameter"
  },
  {
    "id" : "serviceRequest-occurrence",
    "type" : "SearchParameter",
    "url" : "http://fhir.openmrs.org/core/SearchParameter/serviceRequest-occurrence",
    "version" : "0.1.0",
    "name" : "ServiceRequestOccurrenceSearchParameter"
  },
  {
    "id" : "serviceRequest-patient",
    "type" : "SearchParameter",
    "url" : "http://fhir.openmrs.org/core/SearchParameter/serviceRequest-patient",
    "version" : "0.1.0",
    "name" : "ServiceRequestPatientSearchParameter"
  },
  {
    "id" : "serviceRequest-patient-identifier",
    "type" : "SearchParameter",
    "url" : "http://fhir.openmrs.org/core/SearchParameter/serviceRequest-patient-identifier",
    "version" : "0.1.0",
    "name" : "ServiceRequestPatientIdentifierSearchParameter"
  },
  {
    "id" : "serviceRequest-patient-name",
    "type" : "SearchParameter",
    "url" : "http://fhir.openmrs.org/core/SearchParameter/serviceRequest-patient-name",
    "version" : "0.1.0",
    "name" : "ServiceRequestPatientNameSearchParameter"
  },
  {
    "id" : "serviceRequest-patient.family",
    "type" : "SearchParameter",
    "url" : "http://fhir.openmrs.org/core/SearchParameter/serviceRequest-patient.family",
    "version" : "0.1.0",
    "name" : "ServiceRequestPatientFamilyNameSearchParameter"
  },
  {
    "id" : "serviceRequest-patient.given",
    "type" : "SearchParameter",
    "url" : "http://fhir.openmrs.org/core/SearchParameter/serviceRequest-patient.given",
    "version" : "0.1.0",
    "name" : "ServiceRequestPatientGivenNameSearchParameter"
  },
  {
    "id" : "serviceRequest-requester",
    "type" : "SearchParameter",
    "url" : "http://fhir.openmrs.org/core/SearchParameter/serviceRequest-requester",
    "version" : "0.1.0",
    "name" : "ServiceRequestRequesterSearchParameter"
  },
  {
    "id" : "serviceRequest-requester-family",
    "type" : "SearchParameter",
    "url" : "http://fhir.openmrs.org/core/SearchParameter/serviceRequest-requester-family",
    "version" : "0.1.0",
    "name" : "ServiceRequestRequesterfamilySearchParameter"
  },
  {
    "id" : "serviceRequest-requester-given",
    "type" : "SearchParameter",
    "url" : "http://fhir.openmrs.org/core/SearchParameter/serviceRequest-requester-given",
    "version" : "0.1.0",
    "name" : "ServiceRequestRequesterGivenSearchParameter"
  },
  {
    "id" : "serviceRequest-requester-identifier",
    "type" : "SearchParameter",
    "url" : "http://fhir.openmrs.org/core/SearchParameter/serviceRequest-requester-identifier",
    "version" : "0.1.0",
    "name" : "ServiceRequestRequesterIdentifierSearchParameter"
  },
  {
    "id" : "serviceRequest-requester-name",
    "type" : "SearchParameter",
    "url" : "http://fhir.openmrs.org/core/SearchParameter/serviceRequest-requester-name",
    "version" : "0.1.0",
    "name" : "ServiceRequestRequesterNameSearchParameter"
  },
  {
    "id" : "serviceRequest-subject",
    "type" : "SearchParameter",
    "url" : "http://fhir.openmrs.org/core/SearchParameter/serviceRequest-subject",
    "version" : "0.1.0",
    "name" : "ServiceRequestSubjectSearchParameter"
  },
  {
    "id" : "serviceRequest-subject-family",
    "type" : "SearchParameter",
    "url" : "http://fhir.openmrs.org/core/SearchParameter/serviceRequest-subject-family",
    "version" : "0.1.0",
    "name" : "ServiceRequestSubjectfamilySearchParameter"
  },
  {
    "id" : "serviceRequest-subject-given",
    "type" : "SearchParameter",
    "url" : "http://fhir.openmrs.org/core/SearchParameter/serviceRequest-subject-given",
    "version" : "0.1.0",
    "name" : "ServiceRequestSubjectGivenSearchParameter"
  },
  {
    "id" : "serviceRequest-subject-identifier",
    "type" : "SearchParameter",
    "url" : "http://fhir.openmrs.org/core/SearchParameter/serviceRequest-subject-identifier",
    "version" : "0.1.0",
    "name" : "ServiceRequestSubjectIdentifierSearchParameter"
  },
  {
    "id" : "serviceRequest-subject-name",
    "type" : "SearchParameter",
    "url" : "http://fhir.openmrs.org/core/SearchParameter/serviceRequest-subject-name",
    "version" : "0.1.0",
    "name" : "ServiceRequestSubjectNameSearchParameter"
  },
  {
    "id" : "OpenMRS-diagnostic-report",
    "type" : "StructureDefinition",
    "url" : "http://fhir.openmrs.org/core/StructureDefinition/OpenMRS-diagnostic-report",
    "version" : "0.1.0",
    "name" : "OpenMRSDiagnosticReport"
  },
  {
    "id" : "OpenMRS-observation",
    "type" : "StructureDefinition",
    "url" : "http://fhir.openmrs.org/core/StructureDefinition/OpenMRS-observation",
    "version" : "0.1.0",
    "name" : "OpenMRSObservation"
  },
  {
    "id" : "OpenMRS-service-request",
    "type" : "StructureDefinition",
    "url" : "http://fhir.openmrs.org/core/StructureDefinition/OpenMRS-service-request",
    "version" : "0.1.0",
    "name" : "OpenMRSServiceRequest"
  },
  {
    "id" : "OpenMRS-task",
    "type" : "StructureDefinition",
    "url" : "http://fhir.openmrs.org/core/StructureDefinition/OpenMRS-task",
    "version" : "0.1.0",
    "name" : "OpenMRSTask"
  },
  {
    "id" : "omrs-AllergyIntolerance",
    "type" : "StructureDefinition",
    "url" : "http://fhir.openmrs.org/core/StructureDefinition/omrs-AllergyIntolerance",
    "version" : "0.1.0",
    "name" : "OpenMRSAllergyIntolerance"
  },
  {
    "id" : "omrs-Condition",
    "type" : "StructureDefinition",
    "url" : "http://fhir.openmrs.org/core/StructureDefinition/omrs-Condition",
    "version" : "0.1.0",
    "name" : "OMRSCondition"
  },
  {
    "id" : "omrs-address",
    "type" : "StructureDefinition",
    "url" : "http://fhir.openmrs.org/core/StructureDefinition/omrs-address",
    "version" : "0.1.0",
    "name" : "OMRSAddress"
  },
  {
    "id" : "omrs-encounter",
    "type" : "StructureDefinition",
    "url" : "http://fhir.openmrs.org/core/StructureDefinition/omrs-encounter",
    "version" : "0.1.0",
    "name" : "OMRSEncounter"
  },
  {
    "id" : "omrs-group",
    "type" : "StructureDefinition",
    "url" : "http://fhir.openmrs.org/core/StructureDefinition/omrs-group",
    "version" : "0.1.0",
    "name" : "OMRSGroup"
  },
  {
    "id" : "omrs-group-description-ext",
    "type" : "StructureDefinition",
    "url" : "http://fhir.openmrs.org/core/StructureDefinition/omrs-group-description-ext",
    "version" : "0.1.0",
    "name" : "OMRSGroupDescriptionExtension"
  },
  {
    "id" : "omrs-immunization",
    "type" : "StructureDefinition",
    "url" : "http://fhir.openmrs.org/core/StructureDefinition/omrs-immunization",
    "version" : "0.1.0",
    "name" : "OMRSImmunization"
  },
  {
    "id" : "omrs-location",
    "type" : "StructureDefinition",
    "url" : "http://fhir.openmrs.org/core/StructureDefinition/omrs-location",
    "version" : "0.1.0",
    "name" : "OMRSLocation"
  },
  {
    "id" : "omrs-location-contact-point",
    "type" : "StructureDefinition",
    "url" : "http://fhir.openmrs.org/core/StructureDefinition/omrs-location-contact-point",
    "version" : "0.1.0",
    "name" : "OMRSLocationContactPoint"
  },
  {
    "id" : "omrs-medication",
    "type" : "StructureDefinition",
    "url" : "http://fhir.openmrs.org/core/StructureDefinition/omrs-medication",
    "version" : "0.1.0",
    "name" : "OMRSMedication"
  },
  {
    "id" : "omrs-medication-request",
    "type" : "StructureDefinition",
    "url" : "http://fhir.openmrs.org/core/StructureDefinition/omrs-medication-request",
    "version" : "0.1.0",
    "name" : "OMRSMedicationRequest"
  },
  {
    "id" : "omrs-patient",
    "type" : "StructureDefinition",
    "url" : "http://fhir.openmrs.org/core/StructureDefinition/omrs-patient",
    "version" : "0.1.0",
    "name" : "OMRSPatient"
  },
  {
    "id" : "omrs-patient-identifier",
    "type" : "StructureDefinition",
    "url" : "http://fhir.openmrs.org/core/StructureDefinition/omrs-patient-identifier",
    "version" : "0.1.0",
    "name" : "OMRSPatientIdentifier"
  },
  {
    "id" : "omrs-patient-identifier-location",
    "type" : "StructureDefinition",
    "url" : "http://fhir.openmrs.org/core/StructureDefinition/omrs-patient-identifier-location",
    "version" : "0.1.0",
    "name" : "OMRSPatientIdentifierLocationExtension"
  },
  {
    "id" : "omrs-person",
    "type" : "StructureDefinition",
    "url" : "http://fhir.openmrs.org/core/StructureDefinition/omrs-person",
    "version" : "0.1.0",
    "name" : "OMRSPerson"
  },
  {
    "id" : "omrs-practitioner",
    "type" : "StructureDefinition",
    "url" : "http://fhir.openmrs.org/core/StructureDefinition/omrs-practitioner",
    "version" : "0.1.0",
    "name" : "OMRSPractitioner"
  },
  {
    "id" : "omrsmedication-dispense",
    "type" : "StructureDefinition",
    "url" : "http://fhir.openmrs.org/core/StructureDefinition/omrsmedication-dispense",
    "version" : "0.1.0",
    "name" : "OMRSMedicationDispense"
  },
  {
    "id" : "OpenMRS-order-code-vs",
    "type" : "ValueSet",
    "url" : "http://fhir.openmrs.org/core/ValueSet/OpenMRS-order-code-vs",
    "version" : "0.1.0",
    "name" : "OpenMRSOrderCodeVS"
  }
]
