[
  {
    "id": "openmrs",
    "type": "ImplementationGuide",
    "url": "http://fhir.openmrs.org/fhir/ImplementationGuide/openmrs",
    "version": "0.1.0",
    "name": "OMRSFhir2ImplementationGuide"
  },
  {
    "id": "omrs-location",
    "type": "StructureDefinition",
    "url": "http://fhir.openmrs.org/fhir/StructureDefinition/omrs-location",
    "version": "0.1.0",
    "name": "OMRSLocation"
  },
  {
    "id": "omrs-patient",
    "type": "StructureDefinition",
    "url": "http://fhir.openmrs.org/fhir/StructureDefinition/omrs-patient",
    "version": "0.1.0",
    "name": "OMRSPatient"
  },
  {
    "id": "omrs-patient-identifier",
    "type": "StructureDefinition",
    "url": "http://fhir.openmrs.org/fhir/StructureDefinition/omrs-patient-identifier",
    "version": "0.1.0",
    "name": "OMRSPatientIdentifier"
  },
  {
    "id": "omrs-patient-identifier-location",
    "type": "StructureDefinition",
    "url": "http://fhir.openmrs.org/fhir/StructureDefinition/omrs-patient-identifier-location",
    "version": "0.1.0",
    "name": "OMRSPatientIdentifierLocationExtension"
  }
]