[
  {
    "id": "encounter-type",
    "type": "CodeSystem",
    "url": "http://fhir.openmrs.org/fhir/CodeSystem/encounter-type",
    "version": "0.1.0",
    "name": "EncounterType"
  },
  {
    "id": "openmrs",
    "type": "ImplementationGuide",
    "url": "http://fhir.openmrs.org/fhir/ImplementationGuide/openmrs",
    "version": "0.1.0",
    "name": "OMRSFhir2ImplementationGuide"
  },
  {
    "id": "Practitioner-address-city",
    "type": "SearchParameter",
    "url": "http://fhir.openmrs.org/fhir/SearchParameter/Practitioner-address-city",
    "version": "0.1.0",
    "name": "PractitionerCitySearchParameter"
  },
  {
    "id": "Practitioner-address-country",
    "type": "SearchParameter",
    "url": "http://fhir.openmrs.org/fhir/SearchParameter/Practitioner-address-country",
    "version": "0.1.0",
    "name": "PractitionerCountrySearchParameter"
  },
  {
    "id": "Practitioner-address-postalcode",
    "type": "SearchParameter",
    "url": "http://fhir.openmrs.org/fhir/SearchParameter/Practitioner-address-postalcode",
    "version": "0.1.0",
    "name": "PractitionerPostalCodeSearchParameter"
  },
  {
    "id": "Practitioner-address-state",
    "type": "SearchParameter",
    "url": "http://fhir.openmrs.org/fhir/SearchParameter/Practitioner-address-state",
    "version": "0.1.0",
    "name": "PractitionerStateSearchParameter"
  },
  {
    "id": "Practitioner-id",
    "type": "SearchParameter",
    "url": "http://fhir.openmrs.org/fhir/SearchParameter/Practitioner-id",
    "version": "0.1.0",
    "name": "PractitionerUuidSearchParameter"
  },
  {
    "id": "Practitioner-identifier",
    "type": "SearchParameter",
    "url": "http://fhir.openmrs.org/fhir/SearchParameter/Practitioner-identifier",
    "version": "0.1.0",
    "name": "PractitionerIdentifierSearchParameter"
  },
  {
    "id": "Practitioner-lastUpdated",
    "type": "SearchParameter",
    "url": "http://fhir.openmrs.org/fhir/SearchParameter/Practitioner-lastUpdated",
    "version": "0.1.0",
    "name": "PractitionerLastUpdatedSearchParameter"
  },
  {
    "id": "Practitioner.family",
    "type": "SearchParameter",
    "url": "http://fhir.openmrs.org/fhir/SearchParameter/Practitioner.family",
    "version": "0.1.0",
    "name": "PractitionerFamilyNameSearchParameter"
  },
  {
    "id": "Practitioner.given",
    "type": "SearchParameter",
    "url": "http://fhir.openmrs.org/fhir/SearchParameter/Practitioner.given",
    "version": "0.1.0",
    "name": "PractitionerGivenNameSearchParameter"
  },
  {
    "id": "Practitioner.name",
    "type": "SearchParameter",
    "url": "http://fhir.openmrs.org/fhir/SearchParameter/Practitioner.name",
    "version": "0.1.0",
    "name": "PractitionerNameSearchParameter"
  },
  {
    "id": "OpenMRS-diagnostic-report",
    "type": "StructureDefinition",
    "url": "http://fhir.openmrs.org/fhir/StructureDefinition/OpenMRS-diagnostic-report",
    "version": "0.1.0",
    "name": "OpenMRSDiagnosticReport"
  },
  {
    "id": "OpenMRS-observation",
    "type": "StructureDefinition",
    "url": "http://fhir.openmrs.org/fhir/StructureDefinition/OpenMRS-observation",
    "version": "0.1.0",
    "name": "OpenMRSObservation"
  },
  {
    "id": "OpenMRS-service-request",
    "type": "StructureDefinition",
    "url": "http://fhir.openmrs.org/fhir/StructureDefinition/OpenMRS-service-request",
    "version": "0.1.0",
    "name": "OpenMRSServiceRequest"
  },
  {
    "id": "OpenMRS-task",
    "type": "StructureDefinition",
    "url": "http://fhir.openmrs.org/fhir/StructureDefinition/OpenMRS-task",
    "version": "0.1.0",
    "name": "OpenMRSTask"
  },
  {
    "id": "omrs-address",
    "type": "StructureDefinition",
    "url": "http://fhir.openmrs.org/fhir/StructureDefinition/omrs-address",
    "version": "0.1.0",
    "name": "OMRSAddress"
  },
  {
    "id": "omrs-encounter",
    "type": "StructureDefinition",
    "url": "http://fhir.openmrs.org/fhir/StructureDefinition/omrs-encounter",
    "version": "0.1.0",
    "name": "OMRSEncounter"
  },
  {
    "id": "omrs-location",
    "type": "StructureDefinition",
    "url": "http://fhir.openmrs.org/fhir/StructureDefinition/omrs-location",
    "version": "0.1.0",
    "name": "OMRSLocation"
  },
  {
    "id": "omrs-location-contact-point",
    "type": "StructureDefinition",
    "url": "http://fhir.openmrs.org/fhir/StructureDefinition/omrs-location-contact-point",
    "version": "0.1.0",
    "name": "OMRSLocationContactPoint"
  },
  {
    "id": "omrs-medication-request",
    "type": "StructureDefinition",
    "url": "http://fhir.openmrs.org/fhir/StructureDefinition/omrs-medication-request",
    "version": "0.1.0",
    "name": "OMRSMedicationRequest"
  },
  {
    "id": "omrs-patient",
    "type": "StructureDefinition",
    "url": "http://fhir.openmrs.org/fhir/StructureDefinition/omrs-patient",
    "version": "0.1.0",
    "name": "OMRSPatient"
  },
  {
    "id": "omrs-patient-identifier",
    "type": "StructureDefinition",
    "url": "http://fhir.openmrs.org/fhir/StructureDefinition/omrs-patient-identifier",
    "version": "0.1.0",
    "name": "OMRSPatientIdentifier"
  },
  {
    "id": "omrs-patient-identifier-location",
    "type": "StructureDefinition",
    "url": "http://fhir.openmrs.org/fhir/StructureDefinition/omrs-patient-identifier-location",
    "version": "0.1.0",
    "name": "OMRSPatientIdentifierLocationExtension"
  },
  {
    "id": "omrs-person",
    "type": "StructureDefinition",
    "url": "http://fhir.openmrs.org/fhir/StructureDefinition/omrs-person",
    "version": "0.1.0",
    "name": "OMRSPerson"
  },
  {
    "id": "omrs-practitioner",
    "type": "StructureDefinition",
    "url": "http://fhir.openmrs.org/fhir/StructureDefinition/omrs-practitioner",
    "version": "0.1.0",
    "name": "OMRSPractitioner"
  },
  {
    "id": "OpenMRS-diagnostic-report-status-vs",
    "type": "ValueSet",
    "url": "http://fhir.openmrs.org/fhir/ValueSet/OpenMRS-diagnostic-report-status-vs",
    "version": "0.1.0",
    "name": "OpenMRSDiagnosis"
  },
  {
    "id": "OpenMRS-order-code-vs",
    "type": "ValueSet",
    "url": "http://fhir.openmrs.org/fhir/ValueSet/OpenMRS-order-code-vs",
    "version": "0.1.0",
    "name": "OpenMRSOrderCodeVS"
  },
  {
    "id": "OpenMRS-task-intent-vs",
    "type": "ValueSet",
    "url": "http://fhir.openmrs.org/fhir/ValueSet/OpenMRS-task-intent-vs",
    "version": "0.1.0",
    "name": "OMRSPatientTaskIntentVS"
  },
  {
    "id": "OpenMRS-task-status-vs",
    "type": "ValueSet",
    "url": "http://fhir.openmrs.org/fhir/ValueSet/OpenMRS-task-status-vs",
    "version": "0.1.0",
    "name": "OMRSPatientTaskStatusVS"
  },
  {
    "id": "encounter-status-vs",
    "type": "ValueSet",
    "url": "http://fhir.openmrs.org/fhir/ValueSet/encounter-status-vs",
    "version": "0.1.0",
    "name": "EncounterVs"
  },
  {
    "id": "location-status-vs",
    "type": "ValueSet",
    "url": "http://fhir.openmrs.org/fhir/ValueSet/location-status-vs",
    "version": "0.1.0",
    "name": "LocationStatusVS"
  },
  {
    "id": "medication-request-intent-vs",
    "type": "ValueSet",
    "url": "http://fhir.openmrs.org/fhir/ValueSet/medication-request-intent-vs",
    "version": "0.1.0",
    "name": "MedicationRequestIntentVs"
  },
  {
    "id": "medication-request-priority-vs",
    "type": "ValueSet",
    "url": "http://fhir.openmrs.org/fhir/ValueSet/medication-request-priority-vs",
    "version": "0.1.0",
    "name": "MedicationRequestPriorityVs"
  }
]