{
  "resourceType" : "SearchParameter",
  "id" : "patient-address-country",
  "text" : {
    "status" : "generated",
    "div" : "<div xmlns=\"http://www.w3.org/1999/xhtml\"><h2>patientCountrySearchParameter</h2><p>Parameter <code>address-country</code>:<code>string</code></p><div><p>Searches based on the patient's recorded country of address eg) /ws/fhir2/{release}/Patient?address-country={country}</p>\n</div><table class=\"grid\"><tr><td>Resource</td><td><a href=\"http://hl7.org/fhir/R4/patient.html\">Patient</a></td></tr><tr><td>Expression</td><td>(none)</td></tr><tr><td>Target Resources</td><td><a href=\"http://hl7.org/fhir/R4/patient.html\">Patient</a></td></tr><tr><td>Multiples</td><td>The parameter cannot repeat or have multiple values</td></tr></table></div>"
  },
  "url" : "http://fhir.openmrs.org/fhir/SearchParameter/patient-address-country",
  "version" : "0.1.0",
  "name" : "patientCountrySearchParameter",
  "status" : "active",
  "date" : "2023-03-16T09:46:21+00:00",
  "contact" : [{
    "name" : "OpenMRS, Inc.",
    "telecom" : [{
      "system" : "url",
      "value" : "https://openmrs.org"
    }]
  }],
  "description" : "Searches based on the patient's recorded country of address eg) /ws/fhir2/{release}/Patient?address-country={country}",
  "code" : "address-country",
  "base" : ["Patient"],
  "type" : "string",
  "target" : ["Patient"]
}