<?xml version="1.0" encoding="UTF-8"?>

<SearchParameter xmlns="http://hl7.org/fhir">
  <id value="location-partof-name"/>
  <text>
    <status value="generated"/><div xmlns="http://www.w3.org/1999/xhtml"><p class="res-header-id"><b>Generated Narrative: SearchParameter location-partof-name</b></p><a name="location-partof-name"> </a><a name="hclocation-partof-name"> </a><a name="location-partof-name-en-US"> </a><h2>LocationPartOfNameSearchParameter</h2><p>Parameter <code>partOf-name</code>:<code>reference</code></p><div><p>Searches based on the partof location reference name field for the location record eg) /ws/fhir2/{release}/Location?partof.name={name}</p>
</div><table class="grid"><tr><td>Resource</td><td><a href="http://hl7.org/fhir/R4/location.html">Location</a></td></tr><tr><td>Expression</td><td>(none)</td></tr><tr><td>Target Resources</td><td><a href="http://hl7.org/fhir/R4/location.html">Location</a></td></tr><tr><td>Multiples</td><td><ul><li>multipleAnd: It's up to the server whether the parameter may repeat in order to specify multiple values that must all be true</li><li>multipleOr: It's up to the server whether the parameter can have multiple values (separated by comma) where at least one must be true</li></ul></td></tr></table></div>
  </text>
  <url value="http://fhir.openmrs.org/core/SearchParameter/location-partof-name"/>
  <version value="0.1.0"/>
  <name value="LocationPartOfNameSearchParameter"/>
  <status value="active"/>
  <date value="2024-12-11T17:17:27+00:00"/>
  <contact>
    <name value="OpenMRS, Inc."/>
    <telecom>
      <system value="url"/>
      <value value="https://openmrs.org"/>
    </telecom>
  </contact>
  <description value="Searches based on the partof location reference name field for the location record eg) /ws/fhir2/{release}/Location?partof.name={name}"/>
  <code value="partOf-name"/>
  <base value="Location"/>
  <type value="reference"/>
  <target value="Location"/>
</SearchParameter>