<?xml version="1.0" encoding="UTF-8"?>

<SearchParameter xmlns="http://hl7.org/fhir">
  <id value="group-Search-entity-paramenter"/>
  <text>
    <status value="generated"/><div xmlns="http://www.w3.org/1999/xhtml"><p><b>Generated Narrative: SearchParameter</b><a name="group-Search-entity-paramenter"> </a></p><div style="display: inline-block; background-color: #d9e0e7; padding: 6px; margin: 4px; border: 1px solid #8da1b4; border-radius: 5px; line-height: 60%"><p style="margin-bottom: 0px">Resource SearchParameter &quot;group-Search-entity-paramenter&quot; </p></div><p><b>url</b>: <code>http://fhir.openmrs.org/fhir/SearchParameter/group-Search-entity-paramenter</code></p><p><b>version</b>: 0.1.0</p><p><b>name</b>: GroupManagingEnityReference</p><p><b>status</b>: active</p><p><b>date</b>: 2022-11-29 05:06:49+0000</p><p><b>contact</b>: OpenMRS, Inc.: <a href="https://openmrs.org">https://openmrs.org</a></p><p><b>description</b>: Search for a group  basing on managing entity Reference(Practitioner)</p><p><b>code</b>: reference</p><p><b>base</b>: OMRSGroup</p><p><b>type</b>: reference</p><p><b>expression</b>: Group.member.entity</p></div>
  </text>
  <url value="http://fhir.openmrs.org/fhir/SearchParameter/group-Search-entity-paramenter"/>
  <version value="0.1.0"/>
  <name value="GroupManagingEnityReference"/>
  <status value="active"/>
  <date value="2022-11-29T17:06:49+00:00"/>
  <contact>
    <name value="OpenMRS, Inc."/>
    <telecom>
      <system value="url"/>
      <value value="https://openmrs.org"/>
    </telecom>
  </contact>
  <description value="Search for a group  basing on managing entity Reference(Practitioner)"/>
  <code value="reference"/>
  <base value="OMRSGroup"/>
  <type value="reference"/>
  <expression value="Group.member.entity"/>
</SearchParameter>