<?xml version="1.0" encoding="UTF-8"?>

<SearchParameter xmlns="http://hl7.org/fhir">
  <id value="Encounter-patient.given"/>
  <text>
    <status value="generated"/><div xmlns="http://www.w3.org/1999/xhtml"><p><b>Generated Narrative: SearchParameter</b><a name="Encounter-patient.given"> </a></p><div style="display: inline-block; background-color: #d9e0e7; padding: 6px; margin: 4px; border: 1px solid #8da1b4; border-radius: 5px; line-height: 60%"><p style="margin-bottom: 0px">Resource SearchParameter &quot;Encounter-patient.given&quot; </p></div><p><b>url</b>: <code>http://fhir.openmrs.org/fhir/SearchParameter/Encounter-patient.given</code></p><p><b>version</b>: 0.1.0</p><p><b>name</b>: EncounterPatientGivenNameSearchParameter</p><p><b>status</b>: active</p><p><b>date</b>: 2022-11-29 05:06:49+0000</p><p><b>contact</b>: OpenMRS, Inc.: <a href="https://openmrs.org">https://openmrs.org</a></p><p><b>description</b>: Searches for Encounters based on the patient's given name(s) eg) /ws/fhir2/{release}/Encounter?patient.given={givenName}</p><p><b>code</b>: patient.given</p><p><b>base</b>: Encounter</p><p><b>type</b>: string</p><p><b>target</b>: OMRSEncounter</p></div>
  </text>
  <url value="http://fhir.openmrs.org/fhir/SearchParameter/Encounter-patient.given"/>
  <version value="0.1.0"/>
  <name value="EncounterPatientGivenNameSearchParameter"/>
  <status value="active"/>
  <date value="2022-11-29T17:06:49+00:00"/>
  <contact>
    <name value="OpenMRS, Inc."/>
    <telecom>
      <system value="url"/>
      <value value="https://openmrs.org"/>
    </telecom>
  </contact>
  <description value="Searches for Encounters based on the patient's given name(s) eg) /ws/fhir2/{release}/Encounter?patient.given={givenName}"/>
  <code value="patient.given"/>
  <base value="Encounter"/>
  <type value="string"/>
  <target value="OMRSEncounter"/>
</SearchParameter>