<?xml version="1.0" encoding="UTF-8"?>

<SearchParameter xmlns="http://hl7.org/fhir">
  <id value="Practitioner-id"/>
  <text>
    <status value="generated"/><div xmlns="http://www.w3.org/1999/xhtml"><p><b>Generated Narrative: SearchParameter</b><a name="Practitioner-id"> </a></p><div style="display: inline-block; background-color: #d9e0e7; padding: 6px; margin: 4px; border: 1px solid #8da1b4; border-radius: 5px; line-height: 60%"><p style="margin-bottom: 0px">Resource SearchParameter "Practitioner-id" </p></div><p><b>url</b>: <code>http://fhir.openmrs.org/fhir/SearchParameter/Practitioner-id</code></p><p><b>version</b>: 0.1.0</p><p><b>name</b>: PractitionerUuidSearchParameter</p><p><b>status</b>: active</p><p><b>date</b>: 2022-10-08 01:52:10+0000</p><p><b>contact</b>: OpenMRS, Inc.: <a href="https://openmrs.org">https://openmrs.org</a></p><p><b>description</b>: Searches based on the Practitioner uuid field for the Practitioner record eg) /ws/fhir2/{release}}/Practitioner?_id={uuid}</p><p><b>code</b>: _id</p><p><b>base</b>: Practitioner</p><p><b>type</b>: token</p><p><b>target</b>: OMRSPractitioner</p></div>
  </text>
  <url value="http://fhir.openmrs.org/fhir/SearchParameter/Practitioner-id"/>
  <version value="0.1.0"/>
  <name value="PractitionerUuidSearchParameter"/>
  <status value="active"/>
  <date value="2022-10-08T01:52:10+00:00"/>
  <contact>
    <name value="OpenMRS, Inc."/>
    <telecom>
      <system value="url"/>
      <value value="https://openmrs.org"/>
    </telecom>
  </contact>
  <description value="Searches based on the Practitioner uuid field for the Practitioner record eg) /ws/fhir2/{release}}/Practitioner?_id={uuid}"/>
  <code value="_id"/>
  <base value="Practitioner"/>
  <type value="token"/>
  <target value="OMRSPractitioner"/>
</SearchParameter>