{
  "resourceType" : "SearchParameter",
  "id" : "condition-lastUpdated",
  "text" : {
    "status" : "generated",
    "div" : "<div xmlns=\"http://www.w3.org/1999/xhtml\"><p class=\"res-header-id\"><b>Generated Narrative: SearchParameter condition-lastUpdated</b></p><a name=\"condition-lastUpdated\"> </a><a name=\"hccondition-lastUpdated\"> </a><a name=\"condition-lastUpdated-en-US\"> </a><h2>ConditionLastUpdatedSearchParameter</h2><p>Parameter <code>_lastUpdated</code>:<code>date</code></p><div><p>Searches for condition based on service lastUpdated field eg) /openmrs/ws/fhir2/{release}/Condition?_lastUpdated={date}</p>\n</div><table class=\"grid\"><tr><td>Resource</td><td><a href=\"http://hl7.org/fhir/R4/condition.html\">Condition</a></td></tr><tr><td>Expression</td><td>(none)</td></tr><tr><td>Target Resources</td><td><a href=\"http://hl7.org/fhir/R4/condition.html\">Condition</a></td></tr><tr><td>Multiples</td><td><ul><li>multipleAnd: It's up to the server whether the parameter may repeat in order to specify multiple values that must all be true</li><li>multipleOr: It's up to the server whether the parameter can have multiple values (separated by comma) where at least one must be true</li></ul></td></tr></table></div>"
  },
  "url" : "http://fhir.openmrs.org/core/SearchParameter/condition-lastUpdated",
  "version" : "0.1.0",
  "name" : "ConditionLastUpdatedSearchParameter",
  "status" : "active",
  "date" : "2024-12-11T17:17:27+00:00",
  "contact" : [{
    "name" : "OpenMRS, Inc.",
    "telecom" : [{
      "system" : "url",
      "value" : "https://openmrs.org"
    }]
  }],
  "description" : "Searches for condition based on service lastUpdated field eg) /openmrs/ws/fhir2/{release}/Condition?_lastUpdated={date}",
  "code" : "_lastUpdated",
  "base" : ["Condition"],
  "type" : "date",
  "target" : ["Condition"]
}