<?xml version="1.0" encoding="UTF-8"?>

<SearchParameter xmlns="http://hl7.org/fhir">
  <id value="serviceRequest-requester-given"/>
  <text>
    <status value="generated"/><div xmlns="http://www.w3.org/1999/xhtml"><p><b>Generated Narrative: SearchParameter</b><a name="serviceRequest-requester-given"> </a></p><div style="display: inline-block; background-color: #d9e0e7; padding: 6px; margin: 4px; border: 1px solid #8da1b4; border-radius: 5px; line-height: 60%"><p style="margin-bottom: 0px">Resource SearchParameter "serviceRequest-requester-given" </p></div><p><b>url</b>: <code>http://fhir.openmrs.org/fhir/SearchParameter/serviceRequest-requester-given</code></p><p><b>version</b>: 0.1.0</p><p><b>name</b>: serviceRequestRequesterGivenSearchParameter</p><p><b>status</b>: active</p><p><b>date</b>: 2022-10-08 02:13:28+0000</p><p><b>contact</b>: OpenMRS, Inc.: <a href="https://openmrs.org">https://openmrs.org</a></p><p><b>description</b>: Searches for serviceRequest based on the Practitioner's given name(s) eg) /ws/fhir2/{release}/ServiceRequest?requester:Practitioner.given={givenName}</p><p><b>code</b>: requester.given</p><p><b>base</b>: ServiceRequest</p><p><b>type</b>: string</p><p><b>target</b>: OpenMRSServiceRequest</p></div>
  </text>
  <url value="http://fhir.openmrs.org/fhir/SearchParameter/serviceRequest-requester-given"/>
  <version value="0.1.0"/>
  <name value="serviceRequestRequesterGivenSearchParameter"/>
  <status value="active"/>
  <date value="2022-10-08T02:13:28+00:00"/>
  <contact>
    <name value="OpenMRS, Inc."/>
    <telecom>
      <system value="url"/>
      <value value="https://openmrs.org"/>
    </telecom>
  </contact>
  <description value="Searches for serviceRequest based on the Practitioner's given name(s) eg) /ws/fhir2/{release}/ServiceRequest?requester:Practitioner.given={givenName}"/>
  <code value="requester.given"/>
  <base value="ServiceRequest"/>
  <type value="string"/>
  <target value="OpenMRSServiceRequest"/>
</SearchParameter>