{
  "package": "openmrs",
  "version": "0.1.0",
  "fhirVersion": "4.0.1",
  "extensions": [
    {
      "url": "http://fhir.openmrs.org/fhir/StructureDefinition/omrs-patient-identifier-location",
      "title": "OpenMRS Patient Identifier Location",
      "types": [
        "Reference"
      ]
    }
  ],
  "profiles": {
    "Observation": [
      {
        "url": "http://fhir.openmrs.org/fhir/StructureDefinition/OpenMRS-observation",
        "title": "OpenMRS Observation"
      }
    ],
    "Location": [
      {
        "url": "http://fhir.openmrs.org/fhir/StructureDefinition/omrs-location",
        "title": "OpenMRS Location"
      }
    ],
    "Patient": [
      {
        "url": "http://fhir.openmrs.org/fhir/StructureDefinition/omrs-patient",
        "title": "OpenMRS Patient"
      }
    ]
  },
  "usage": {
    "http://fhir.openmrs.org/fhir/StructureDefinition/omrs-patient-identifier-location": [
      "Identifier"
    ],
    "http://hl7.org/fhir/StructureDefinition/elementdefinition-bestpractice": [
      "StructureDefinition.snapshot.element.constraint"
    ],
    "http://hl7.org/fhir/StructureDefinition/elementdefinition-bestpractice-explanation": [
      "StructureDefinition.snapshot.element.constraint"
    ],
    "http://hl7.org/fhir/StructureDefinition/elementdefinition-bindingName": [
      "StructureDefinition.snapshot.element.binding"
    ],
    "http://hl7.org/fhir/StructureDefinition/elementdefinition-isCommonBinding": [
      "StructureDefinition.snapshot.element.binding"
    ],
    "http://hl7.org/fhir/StructureDefinition/elementdefinition-maxValueSet": [
      "StructureDefinition.snapshot.element.binding"
    ],
    "http://hl7.org/fhir/StructureDefinition/structuredefinition-category": [
      "StructureDefinition"
    ],
    "http://hl7.org/fhir/StructureDefinition/structuredefinition-display-hint": [
      "StructureDefinition.snapshot.element"
    ],
    "http://hl7.org/fhir/StructureDefinition/structuredefinition-explicit-type-name": [
      "StructureDefinition.snapshot.element"
    ],
    "http://hl7.org/fhir/StructureDefinition/structuredefinition-fhir-type": [
      "StructureDefinition.snapshot.element.type"
    ],
    "http://hl7.org/fhir/StructureDefinition/structuredefinition-hierarchy": [
      "StructureDefinition.snapshot.element.type"
    ],
    "http://hl7.org/fhir/StructureDefinition/structuredefinition-security-category": [
      "StructureDefinition"
    ],
    "http://hl7.org/fhir/StructureDefinition/structuredefinition-standards-status": [
      "StructureDefinition.snapshot.element"
    ],
    "http://hl7.org/fhir/tools/StructureDefinition/ig-parameter": [
      "ImplementationGuide.definition"
    ],
    "http://hl7.org/fhir/tools/StructureDefinition/resource-information": [
      "ImplementationGuide.definition.resource"
    ]
  }
}