<?xml version="1.0" encoding="UTF-8"?>

<ValueSet xmlns="http://hl7.org/fhir">
  <id value="OpenMRS-task-intent-vs"/>
  <text>
    <status value="generated"/><div xmlns="http://www.w3.org/1999/xhtml"><ul><li>Include these codes as defined in <code>http://hl7.org/fhir/ValueSet/task-intent</code><table class="none"><tr><td style="white-space:nowrap"><b>Code</b></td><td><b>Display</b></td></tr><tr><td>task-intent-order</td><td>Order</td></tr></table></li></ul></div>
  </text>
  <url value="http://fhir.openmrs.org/fhir/ValueSet/OpenMRS-task-intent-vs"/>
  <version value="0.1.0"/>
  <name value="OMRSPatientTaskIntentVS"/>
  <title value="OpenMRS Intent for Task"/>
  <status value="active"/>
  <date value="2022-08-08T14:55:43+00:00"/>
  <contact>
    <name value="OpenMRS, Inc."/>
    <telecom>
      <system value="url"/>
      <value value="https://openmrs.org"/>
    </telecom>
  </contact>
  <description value="The intent of the task, subset from https://www.hl7.org/FHIR/valueset-task-intent.html"/>
  <compose>
    <include>
      <system value="http://hl7.org/fhir/ValueSet/task-intent"/>
      <concept>
        <code value="task-intent-order"/>
        <display value="Order"/>
      </concept>
    </include>
  </compose>
</ValueSet>